"card","released_at","set","set_name","collector_number","scryfall_uri"
"Plains","1993-08-05","lea","Limited Edition Alpha","286","https://scryfall.com/card/lea/286/plains?utm_source=api"
"Plains","1993-08-05","lea","Limited Edition Alpha","287","https://scryfall.com/card/lea/287/plains?utm_source=api"
"Island","1993-08-05","lea","Limited Edition Alpha","288","https://scryfall.com/card/lea/288/island?utm_source=api"
"Island","1993-08-05","lea","Limited Edition Alpha","289","https://scryfall.com/card/lea/289/island?utm_source=api"
"Swamp","1993-08-05","lea","Limited Edition Alpha","290","https://scryfall.com/card/lea/290/swamp?utm_source=api"
"Swamp","1993-08-05","lea","Limited Edition Alpha","291","https://scryfall.com/card/lea/291/swamp?utm_source=api"
"Mountain","1993-08-05","lea","Limited Edition Alpha","292","https://scryfall.com/card/lea/292/mountain?utm_source=api"
"Mountain","1993-08-05","lea","Limited Edition Alpha","293","https://scryfall.com/card/lea/293/mountain?utm_source=api"
"Forest","1993-08-05","lea","Limited Edition Alpha","294","https://scryfall.com/card/lea/294/forest?utm_source=api"
"Forest","1993-08-05","lea","Limited Edition Alpha","295","https://scryfall.com/card/lea/295/forest?utm_source=api"
"Plains","1993-10-04","leb","Limited Edition Beta","288","https://scryfall.com/card/leb/288/plains?utm_source=api"
"Plains","1993-10-04","leb","Limited Edition Beta","289","https://scryfall.com/card/leb/289/plains?utm_source=api"
"Plains","1993-10-04","leb","Limited Edition Beta","290","https://scryfall.com/card/leb/290/plains?utm_source=api"
"Island","1993-10-04","leb","Limited Edition Beta","291","https://scryfall.com/card/leb/291/island?utm_source=api"
"Island","1993-10-04","leb","Limited Edition Beta","292","https://scryfall.com/card/leb/292/island?utm_source=api"
"Island","1993-10-04","leb","Limited Edition Beta","293","https://scryfall.com/card/leb/293/island?utm_source=api"
"Swamp","1993-10-04","leb","Limited Edition Beta","294","https://scryfall.com/card/leb/294/swamp?utm_source=api"
"Swamp","1993-10-04","leb","Limited Edition Beta","295","https://scryfall.com/card/leb/295/swamp?utm_source=api"
"Swamp","1993-10-04","leb","Limited Edition Beta","296","https://scryfall.com/card/leb/296/swamp?utm_source=api"
"Mountain","1993-10-04","leb","Limited Edition Beta","297","https://scryfall.com/card/leb/297/mountain?utm_source=api"
"Mountain","1993-10-04","leb","Limited Edition Beta","298","https://scryfall.com/card/leb/298/mountain?utm_source=api"
"Mountain","1993-10-04","leb","Limited Edition Beta","299","https://scryfall.com/card/leb/299/mountain?utm_source=api"
"Forest","1993-10-04","leb","Limited Edition Beta","300","https://scryfall.com/card/leb/300/forest?utm_source=api"
"Forest","1993-10-04","leb","Limited Edition Beta","301","https://scryfall.com/card/leb/301/forest?utm_source=api"
"Forest","1993-10-04","leb","Limited Edition Beta","302","https://scryfall.com/card/leb/302/forest?utm_source=api"
"Plains","1993-12-01","2ed","Unlimited Edition","288","https://scryfall.com/card/2ed/288/plains?utm_source=api"
"Plains","1993-12-01","2ed","Unlimited Edition","289","https://scryfall.com/card/2ed/289/plains?utm_source=api"
"Plains","1993-12-01","2ed","Unlimited Edition","290","https://scryfall.com/card/2ed/290/plains?utm_source=api"
"Island","1993-12-01","2ed","Unlimited Edition","291","https://scryfall.com/card/2ed/291/island?utm_source=api"
"Island","1993-12-01","2ed","Unlimited Edition","292","https://scryfall.com/card/2ed/292/island?utm_source=api"
"Island","1993-12-01","2ed","Unlimited Edition","293","https://scryfall.com/card/2ed/293/island?utm_source=api"
"Swamp","1993-12-01","2ed","Unlimited Edition","294","https://scryfall.com/card/2ed/294/swamp?utm_source=api"
"Swamp","1993-12-01","2ed","Unlimited Edition","295","https://scryfall.com/card/2ed/295/swamp?utm_source=api"
"Swamp","1993-12-01","2ed","Unlimited Edition","296","https://scryfall.com/card/2ed/296/swamp?utm_source=api"
"Mountain","1993-12-01","2ed","Unlimited Edition","297","https://scryfall.com/card/2ed/297/mountain?utm_source=api"
"Mountain","1993-12-01","2ed","Unlimited Edition","298","https://scryfall.com/card/2ed/298/mountain?utm_source=api"
"Mountain","1993-12-01","2ed","Unlimited Edition","299","https://scryfall.com/card/2ed/299/mountain?utm_source=api"
"Forest","1993-12-01","2ed","Unlimited Edition","300","https://scryfall.com/card/2ed/300/forest?utm_source=api"
"Forest","1993-12-01","2ed","Unlimited Edition","301","https://scryfall.com/card/2ed/301/forest?utm_source=api"
"Forest","1993-12-01","2ed","Unlimited Edition","302","https://scryfall.com/card/2ed/302/forest?utm_source=api"
"Mountain","1993-12-17","arn","Arabian Nights","77","https://scryfall.com/card/arn/77/mountain?utm_source=api"
"Plains","1994-04-11","3ed","Revised Edition","292","https://scryfall.com/card/3ed/292/plains?utm_source=api"
"Plains","1994-04-11","3ed","Revised Edition","293","https://scryfall.com/card/3ed/293/plains?utm_source=api"
"Plains","1994-04-11","3ed","Revised Edition","294","https://scryfall.com/card/3ed/294/plains?utm_source=api"
"Island","1994-04-11","3ed","Revised Edition","295","https://scryfall.com/card/3ed/295/island?utm_source=api"
"Island","1994-04-11","3ed","Revised Edition","296","https://scryfall.com/card/3ed/296/island?utm_source=api"
"Island","1994-04-11","3ed","Revised Edition","297","https://scryfall.com/card/3ed/297/island?utm_source=api"
"Swamp","1994-04-11","3ed","Revised Edition","298","https://scryfall.com/card/3ed/298/swamp?utm_source=api"
"Swamp","1994-04-11","3ed","Revised Edition","299","https://scryfall.com/card/3ed/299/swamp?utm_source=api"
"Swamp","1994-04-11","3ed","Revised Edition","300","https://scryfall.com/card/3ed/300/swamp?utm_source=api"
"Mountain","1994-04-11","3ed","Revised Edition","301","https://scryfall.com/card/3ed/301/mountain?utm_source=api"
"Mountain","1994-04-11","3ed","Revised Edition","302","https://scryfall.com/card/3ed/302/mountain?utm_source=api"
"Mountain","1994-04-11","3ed","Revised Edition","303","https://scryfall.com/card/3ed/303/mountain?utm_source=api"
"Forest","1994-04-11","3ed","Revised Edition","304","https://scryfall.com/card/3ed/304/forest?utm_source=api"
"Forest","1994-04-11","3ed","Revised Edition","305","https://scryfall.com/card/3ed/305/forest?utm_source=api"
"Forest","1994-04-11","3ed","Revised Edition","306","https://scryfall.com/card/3ed/306/forest?utm_source=api"
"Plains","1994-04-11","fbb","Foreign Black Border","292","https://scryfall.com/card/fbb/292/fr/plaine-(plains)?utm_source=api"
"Plains","1994-04-11","fbb","Foreign Black Border","293","https://scryfall.com/card/fbb/293/fr/plaine-(plains)?utm_source=api"
"Plains","1994-04-11","fbb","Foreign Black Border","294","https://scryfall.com/card/fbb/294/fr/plaine-(plains)?utm_source=api"
"Island","1994-04-11","fbb","Foreign Black Border","295","https://scryfall.com/card/fbb/295/fr/ile-(island)?utm_source=api"
"Island","1994-04-11","fbb","Foreign Black Border","296","https://scryfall.com/card/fbb/296/fr/ile-(island)?utm_source=api"
"Island","1994-04-11","fbb","Foreign Black Border","297","https://scryfall.com/card/fbb/297/fr/ile-(island)?utm_source=api"
"Swamp","1994-04-11","fbb","Foreign Black Border","298","https://scryfall.com/card/fbb/298/fr/marais-(swamp)?utm_source=api"
"Swamp","1994-04-11","fbb","Foreign Black Border","299","https://scryfall.com/card/fbb/299/fr/marais-(swamp)?utm_source=api"
"Swamp","1994-04-11","fbb","Foreign Black Border","300","https://scryfall.com/card/fbb/300/fr/marais-(swamp)?utm_source=api"
"Mountain","1994-04-11","fbb","Foreign Black Border","301","https://scryfall.com/card/fbb/301/fr/montagne-(mountain)?utm_source=api"
"Mountain","1994-04-11","fbb","Foreign Black Border","302","https://scryfall.com/card/fbb/302/fr/montagne-(mountain)?utm_source=api"
"Mountain","1994-04-11","fbb","Foreign Black Border","303","https://scryfall.com/card/fbb/303/fr/montagne-(mountain)?utm_source=api"
"Forest","1994-04-11","fbb","Foreign Black Border","304","https://scryfall.com/card/fbb/304/fr/for%C3%AAt-(forest)?utm_source=api"
"Forest","1994-04-11","fbb","Foreign Black Border","305","https://scryfall.com/card/fbb/305/fr/for%C3%AAt-(forest)?utm_source=api"
"Forest","1994-04-11","fbb","Foreign Black Border","306","https://scryfall.com/card/fbb/306/fr/for%C3%AAt-(forest)?utm_source=api"
"Forest","1994-04-11","fbb","Foreign Black Border","306a","https://scryfall.com/card/fbb/306a/de/wald-(forest)?utm_source=api"
"Plains","1994-06-21","sum","Summer Magic / Edgar","292","https://scryfall.com/card/sum/292/plains?utm_source=api"
"Plains","1994-06-21","sum","Summer Magic / Edgar","293","https://scryfall.com/card/sum/293/plains?utm_source=api"
"Plains","1994-06-21","sum","Summer Magic / Edgar","294","https://scryfall.com/card/sum/294/plains?utm_source=api"
"Island","1994-06-21","sum","Summer Magic / Edgar","295","https://scryfall.com/card/sum/295/island?utm_source=api"
"Island","1994-06-21","sum","Summer Magic / Edgar","296","https://scryfall.com/card/sum/296/island?utm_source=api"
"Island","1994-06-21","sum","Summer Magic / Edgar","297","https://scryfall.com/card/sum/297/island?utm_source=api"
"Swamp","1994-06-21","sum","Summer Magic / Edgar","298","https://scryfall.com/card/sum/298/swamp?utm_source=api"
"Swamp","1994-06-21","sum","Summer Magic / Edgar","299","https://scryfall.com/card/sum/299/swamp?utm_source=api"
"Swamp","1994-06-21","sum","Summer Magic / Edgar","300","https://scryfall.com/card/sum/300/swamp?utm_source=api"
"Mountain","1994-06-21","sum","Summer Magic / Edgar","301","https://scryfall.com/card/sum/301/mountain?utm_source=api"
"Mountain","1994-06-21","sum","Summer Magic / Edgar","302","https://scryfall.com/card/sum/302/mountain?utm_source=api"
"Mountain","1994-06-21","sum","Summer Magic / Edgar","303","https://scryfall.com/card/sum/303/mountain?utm_source=api"
"Forest","1994-06-21","sum","Summer Magic / Edgar","304","https://scryfall.com/card/sum/304/forest?utm_source=api"
"Forest","1994-06-21","sum","Summer Magic / Edgar","305","https://scryfall.com/card/sum/305/forest?utm_source=api"
"Forest","1994-06-21","sum","Summer Magic / Edgar","306","https://scryfall.com/card/sum/306/forest?utm_source=api"
"Plains","1995-04-01","4bb","Fourth Edition Foreign Black Border","364","https://scryfall.com/card/4bb/364/es/llanura-(plains)?utm_source=api"
"Plains","1995-04-01","4bb","Fourth Edition Foreign Black Border","365","https://scryfall.com/card/4bb/365/es/llanura-(plains)?utm_source=api"
"Plains","1995-04-01","4bb","Fourth Edition Foreign Black Border","366","https://scryfall.com/card/4bb/366/es/llanura-(plains)?utm_source=api"
"Island","1995-04-01","4bb","Fourth Edition Foreign Black Border","367","https://scryfall.com/card/4bb/367/es/isla-(island)?utm_source=api"
"Island","1995-04-01","4bb","Fourth Edition Foreign Black Border","368","https://scryfall.com/card/4bb/368/es/isla-(island)?utm_source=api"
"Island","1995-04-01","4bb","Fourth Edition Foreign Black Border","369","https://scryfall.com/card/4bb/369/es/isla-(island)?utm_source=api"
"Swamp","1995-04-01","4bb","Fourth Edition Foreign Black Border","370","https://scryfall.com/card/4bb/370/es/pantano-(swamp)?utm_source=api"
"Swamp","1995-04-01","4bb","Fourth Edition Foreign Black Border","371","https://scryfall.com/card/4bb/371/es/pantano-(swamp)?utm_source=api"
"Swamp","1995-04-01","4bb","Fourth Edition Foreign Black Border","372","https://scryfall.com/card/4bb/372/es/pantano-(swamp)?utm_source=api"
"Mountain","1995-04-01","4bb","Fourth Edition Foreign Black Border","373","https://scryfall.com/card/4bb/373/es/monta%C3%B1a-(mountain)?utm_source=api"
"Mountain","1995-04-01","4bb","Fourth Edition Foreign Black Border","374","https://scryfall.com/card/4bb/374/es/monta%C3%B1a-(mountain)?utm_source=api"
"Mountain","1995-04-01","4bb","Fourth Edition Foreign Black Border","375","https://scryfall.com/card/4bb/375/es/monta%C3%B1a-(mountain)?utm_source=api"
"Forest","1995-04-01","4bb","Fourth Edition Foreign Black Border","376","https://scryfall.com/card/4bb/376/es/bosque-(forest)?utm_source=api"
"Forest","1995-04-01","4bb","Fourth Edition Foreign Black Border","377","https://scryfall.com/card/4bb/377/es/bosque-(forest)?utm_source=api"
"Forest","1995-04-01","4bb","Fourth Edition Foreign Black Border","378","https://scryfall.com/card/4bb/378/es/bosque-(forest)?utm_source=api"
"Plains","1995-04-01","4ed","Fourth Edition","364","https://scryfall.com/card/4ed/364/plains?utm_source=api"
"Plains","1995-04-01","4ed","Fourth Edition","365","https://scryfall.com/card/4ed/365/plains?utm_source=api"
"Plains","1995-04-01","4ed","Fourth Edition","366","https://scryfall.com/card/4ed/366/plains?utm_source=api"
"Island","1995-04-01","4ed","Fourth Edition","367","https://scryfall.com/card/4ed/367/island?utm_source=api"
"Island","1995-04-01","4ed","Fourth Edition","368","https://scryfall.com/card/4ed/368/island?utm_source=api"
"Island","1995-04-01","4ed","Fourth Edition","369","https://scryfall.com/card/4ed/369/island?utm_source=api"
"Swamp","1995-04-01","4ed","Fourth Edition","370","https://scryfall.com/card/4ed/370/swamp?utm_source=api"
"Swamp","1995-04-01","4ed","Fourth Edition","371","https://scryfall.com/card/4ed/371/swamp?utm_source=api"
"Swamp","1995-04-01","4ed","Fourth Edition","372","https://scryfall.com/card/4ed/372/swamp?utm_source=api"
"Mountain","1995-04-01","4ed","Fourth Edition","373","https://scryfall.com/card/4ed/373/mountain?utm_source=api"
"Mountain","1995-04-01","4ed","Fourth Edition","374","https://scryfall.com/card/4ed/374/mountain?utm_source=api"
"Mountain","1995-04-01","4ed","Fourth Edition","375","https://scryfall.com/card/4ed/375/mountain?utm_source=api"
"Forest","1995-04-01","4ed","Fourth Edition","376","https://scryfall.com/card/4ed/376/forest?utm_source=api"
"Forest","1995-04-01","4ed","Fourth Edition","377","https://scryfall.com/card/4ed/377/forest?utm_source=api"
"Forest","1995-04-01","4ed","Fourth Edition","378","https://scryfall.com/card/4ed/378/forest?utm_source=api"
"Plains","1995-06-03","ice","Ice Age","364","https://scryfall.com/card/ice/364/plains?utm_source=api"
"Plains","1995-06-03","ice","Ice Age","365","https://scryfall.com/card/ice/365/plains?utm_source=api"
"Plains","1995-06-03","ice","Ice Age","366","https://scryfall.com/card/ice/366/plains?utm_source=api"
"Snow-Covered Plains","1995-06-03","ice","Ice Age","367","https://scryfall.com/card/ice/367/snow-covered-plains?utm_source=api"
"Island","1995-06-03","ice","Ice Age","368","https://scryfall.com/card/ice/368/island?utm_source=api"
"Island","1995-06-03","ice","Ice Age","369","https://scryfall.com/card/ice/369/island?utm_source=api"
"Island","1995-06-03","ice","Ice Age","370","https://scryfall.com/card/ice/370/island?utm_source=api"
"Snow-Covered Island","1995-06-03","ice","Ice Age","371","https://scryfall.com/card/ice/371/snow-covered-island?utm_source=api"
"Snow-Covered Swamp","1995-06-03","ice","Ice Age","372","https://scryfall.com/card/ice/372/snow-covered-swamp?utm_source=api"
"Swamp","1995-06-03","ice","Ice Age","373","https://scryfall.com/card/ice/373/swamp?utm_source=api"
"Swamp","1995-06-03","ice","Ice Age","374","https://scryfall.com/card/ice/374/swamp?utm_source=api"
"Swamp","1995-06-03","ice","Ice Age","375","https://scryfall.com/card/ice/375/swamp?utm_source=api"
"Mountain","1995-06-03","ice","Ice Age","376","https://scryfall.com/card/ice/376/mountain?utm_source=api"
"Mountain","1995-06-03","ice","Ice Age","377","https://scryfall.com/card/ice/377/mountain?utm_source=api"
"Mountain","1995-06-03","ice","Ice Age","378","https://scryfall.com/card/ice/378/mountain?utm_source=api"
"Snow-Covered Mountain","1995-06-03","ice","Ice Age","379","https://scryfall.com/card/ice/379/snow-covered-mountain?utm_source=api"
"Forest","1995-06-03","ice","Ice Age","380","https://scryfall.com/card/ice/380/forest?utm_source=api"
"Forest","1995-06-03","ice","Ice Age","381","https://scryfall.com/card/ice/381/forest?utm_source=api"
"Forest","1995-06-03","ice","Ice Age","382","https://scryfall.com/card/ice/382/forest?utm_source=api"
"Snow-Covered Forest","1995-06-03","ice","Ice Age","383","https://scryfall.com/card/ice/383/snow-covered-forest?utm_source=api"
"Plains","1996-07-01","rqs","Rivals Quick Start Set","52","https://scryfall.com/card/rqs/52/plains?utm_source=api"
"Plains","1996-07-01","rqs","Rivals Quick Start Set","53","https://scryfall.com/card/rqs/53/plains?utm_source=api"
"Plains","1996-07-01","rqs","Rivals Quick Start Set","54","https://scryfall.com/card/rqs/54/plains?utm_source=api"
"Island","1996-07-01","rqs","Rivals Quick Start Set","55","https://scryfall.com/card/rqs/55/island?utm_source=api"
"Island","1996-07-01","rqs","Rivals Quick Start Set","56","https://scryfall.com/card/rqs/56/island?utm_source=api"
"Swamp","1996-07-01","rqs","Rivals Quick Start Set","57","https://scryfall.com/card/rqs/57/swamp?utm_source=api"
"Swamp","1996-07-01","rqs","Rivals Quick Start Set","58","https://scryfall.com/card/rqs/58/swamp?utm_source=api"
"Swamp","1996-07-01","rqs","Rivals Quick Start Set","59","https://scryfall.com/card/rqs/59/swamp?utm_source=api"
"Mountain","1996-07-01","rqs","Rivals Quick Start Set","60","https://scryfall.com/card/rqs/60/mountain?utm_source=api"
"Mountain","1996-07-01","rqs","Rivals Quick Start Set","61","https://scryfall.com/card/rqs/61/mountain?utm_source=api"
"Mountain","1996-07-01","rqs","Rivals Quick Start Set","62","https://scryfall.com/card/rqs/62/mountain?utm_source=api"
"Forest","1996-07-01","rqs","Rivals Quick Start Set","63","https://scryfall.com/card/rqs/63/forest?utm_source=api"
"Forest","1996-07-01","rqs","Rivals Quick Start Set","64","https://scryfall.com/card/rqs/64/forest?utm_source=api"
"Forest","1996-07-01","rqs","Rivals Quick Start Set","65","https://scryfall.com/card/rqs/65/forest?utm_source=api"
"Plains","1996-08-02","parl","Arena League 1996","1","https://scryfall.com/card/parl/1/plains?utm_source=api"
"Island","1996-08-02","parl","Arena League 1996","2","https://scryfall.com/card/parl/2/island?utm_source=api"
"Swamp","1996-08-02","parl","Arena League 1996","3","https://scryfall.com/card/parl/3/swamp?utm_source=api"
"Mountain","1996-08-02","parl","Arena League 1996","4","https://scryfall.com/card/parl/4/mountain?utm_source=api"
"Forest","1996-08-02","parl","Arena League 1996","5","https://scryfall.com/card/parl/5/forest?utm_source=api"
"Plains","1996-10-08","mir","Mirage","331","https://scryfall.com/card/mir/331/plains?utm_source=api"
"Plains","1996-10-08","mir","Mirage","332","https://scryfall.com/card/mir/332/plains?utm_source=api"
"Plains","1996-10-08","mir","Mirage","333","https://scryfall.com/card/mir/333/plains?utm_source=api"
"Plains","1996-10-08","mir","Mirage","334","https://scryfall.com/card/mir/334/plains?utm_source=api"
"Island","1996-10-08","mir","Mirage","335","https://scryfall.com/card/mir/335/island?utm_source=api"
"Island","1996-10-08","mir","Mirage","336","https://scryfall.com/card/mir/336/island?utm_source=api"
"Island","1996-10-08","mir","Mirage","337","https://scryfall.com/card/mir/337/island?utm_source=api"
"Island","1996-10-08","mir","Mirage","338","https://scryfall.com/card/mir/338/island?utm_source=api"
"Swamp","1996-10-08","mir","Mirage","339","https://scryfall.com/card/mir/339/swamp?utm_source=api"
"Swamp","1996-10-08","mir","Mirage","340","https://scryfall.com/card/mir/340/swamp?utm_source=api"
"Swamp","1996-10-08","mir","Mirage","341","https://scryfall.com/card/mir/341/swamp?utm_source=api"
"Swamp","1996-10-08","mir","Mirage","342","https://scryfall.com/card/mir/342/swamp?utm_source=api"
"Mountain","1996-10-08","mir","Mirage","343","https://scryfall.com/card/mir/343/mountain?utm_source=api"
"Mountain","1996-10-08","mir","Mirage","344","https://scryfall.com/card/mir/344/mountain?utm_source=api"
"Mountain","1996-10-08","mir","Mirage","345","https://scryfall.com/card/mir/345/mountain?utm_source=api"
"Mountain","1996-10-08","mir","Mirage","346","https://scryfall.com/card/mir/346/mountain?utm_source=api"
"Forest","1996-10-08","mir","Mirage","347","https://scryfall.com/card/mir/347/forest?utm_source=api"
"Forest","1996-10-08","mir","Mirage","348","https://scryfall.com/card/mir/348/forest?utm_source=api"
"Forest","1996-10-08","mir","Mirage","349","https://scryfall.com/card/mir/349/forest?utm_source=api"
"Forest","1996-10-08","mir","Mirage","350","https://scryfall.com/card/mir/350/forest?utm_source=api"
"Plains","1996-12-31","itp","Introductory Two-Player Set","53","https://scryfall.com/card/itp/53/plains?utm_source=api"
"Plains","1996-12-31","itp","Introductory Two-Player Set","54","https://scryfall.com/card/itp/54/plains?utm_source=api"
"Plains","1996-12-31","itp","Introductory Two-Player Set","55","https://scryfall.com/card/itp/55/plains?utm_source=api"
"Island","1996-12-31","itp","Introductory Two-Player Set","56","https://scryfall.com/card/itp/56/island?utm_source=api"
"Island","1996-12-31","itp","Introductory Two-Player Set","57","https://scryfall.com/card/itp/57/island?utm_source=api"
"Island","1996-12-31","itp","Introductory Two-Player Set","58","https://scryfall.com/card/itp/58/island?utm_source=api"
"Swamp","1996-12-31","itp","Introductory Two-Player Set","59","https://scryfall.com/card/itp/59/swamp?utm_source=api"
"Swamp","1996-12-31","itp","Introductory Two-Player Set","60","https://scryfall.com/card/itp/60/swamp?utm_source=api"
"Swamp","1996-12-31","itp","Introductory Two-Player Set","61","https://scryfall.com/card/itp/61/swamp?utm_source=api"
"Mountain","1996-12-31","itp","Introductory Two-Player Set","62","https://scryfall.com/card/itp/62/mountain?utm_source=api"
"Mountain","1996-12-31","itp","Introductory Two-Player Set","63","https://scryfall.com/card/itp/63/mountain?utm_source=api"
"Mountain","1996-12-31","itp","Introductory Two-Player Set","64","https://scryfall.com/card/itp/64/mountain?utm_source=api"
"Forest","1996-12-31","itp","Introductory Two-Player Set","65","https://scryfall.com/card/itp/65/forest?utm_source=api"
"Forest","1996-12-31","itp","Introductory Two-Player Set","66","https://scryfall.com/card/itp/66/forest?utm_source=api"
"Forest","1996-12-31","itp","Introductory Two-Player Set","67","https://scryfall.com/card/itp/67/forest?utm_source=api"
"Plains","1997-03-24","5ed","Fifth Edition","430","https://scryfall.com/card/5ed/430/plains?utm_source=api"
"Plains","1997-03-24","5ed","Fifth Edition","431","https://scryfall.com/card/5ed/431/plains?utm_source=api"
"Plains","1997-03-24","5ed","Fifth Edition","432","https://scryfall.com/card/5ed/432/plains?utm_source=api"
"Plains","1997-03-24","5ed","Fifth Edition","433","https://scryfall.com/card/5ed/433/plains?utm_source=api"
"Island","1997-03-24","5ed","Fifth Edition","434","https://scryfall.com/card/5ed/434/island?utm_source=api"
"Island","1997-03-24","5ed","Fifth Edition","435","https://scryfall.com/card/5ed/435/island?utm_source=api"
"Island","1997-03-24","5ed","Fifth Edition","436","https://scryfall.com/card/5ed/436/island?utm_source=api"
"Island","1997-03-24","5ed","Fifth Edition","437","https://scryfall.com/card/5ed/437/island?utm_source=api"
"Swamp","1997-03-24","5ed","Fifth Edition","438","https://scryfall.com/card/5ed/438/swamp?utm_source=api"
"Swamp","1997-03-24","5ed","Fifth Edition","439","https://scryfall.com/card/5ed/439/swamp?utm_source=api"
"Swamp","1997-03-24","5ed","Fifth Edition","440","https://scryfall.com/card/5ed/440/swamp?utm_source=api"
"Swamp","1997-03-24","5ed","Fifth Edition","441","https://scryfall.com/card/5ed/441/swamp?utm_source=api"
"Mountain","1997-03-24","5ed","Fifth Edition","442","https://scryfall.com/card/5ed/442/mountain?utm_source=api"
"Mountain","1997-03-24","5ed","Fifth Edition","443","https://scryfall.com/card/5ed/443/mountain?utm_source=api"
"Mountain","1997-03-24","5ed","Fifth Edition","444","https://scryfall.com/card/5ed/444/mountain?utm_source=api"
"Mountain","1997-03-24","5ed","Fifth Edition","445","https://scryfall.com/card/5ed/445/mountain?utm_source=api"
"Forest","1997-03-24","5ed","Fifth Edition","446","https://scryfall.com/card/5ed/446/forest?utm_source=api"
"Forest","1997-03-24","5ed","Fifth Edition","447","https://scryfall.com/card/5ed/447/forest?utm_source=api"
"Forest","1997-03-24","5ed","Fifth Edition","448","https://scryfall.com/card/5ed/448/forest?utm_source=api"
"Forest","1997-03-24","5ed","Fifth Edition","449","https://scryfall.com/card/5ed/449/forest?utm_source=api"
"Plains","1997-05-01","por","Portal","196","https://scryfall.com/card/por/196/plains?utm_source=api"
"Plains","1997-05-01","por","Portal","196s","https://scryfall.com/card/por/196s/zhs/plains?utm_source=api"
"Plains","1997-05-01","por","Portal","197","https://scryfall.com/card/por/197/plains?utm_source=api"
"Plains","1997-05-01","por","Portal","197s","https://scryfall.com/card/por/197s/zhs/plains?utm_source=api"
"Plains","1997-05-01","por","Portal","198","https://scryfall.com/card/por/198/plains?utm_source=api"
"Plains","1997-05-01","por","Portal","198s","https://scryfall.com/card/por/198s/zhs/plains?utm_source=api"
"Plains","1997-05-01","por","Portal","199","https://scryfall.com/card/por/199/plains?utm_source=api"
"Plains","1997-05-01","por","Portal","199s","https://scryfall.com/card/por/199s/zhs/plains?utm_source=api"
"Island","1997-05-01","por","Portal","200","https://scryfall.com/card/por/200/island?utm_source=api"
"Island","1997-05-01","por","Portal","200s","https://scryfall.com/card/por/200s/zhs/island?utm_source=api"
"Island","1997-05-01","por","Portal","201","https://scryfall.com/card/por/201/island?utm_source=api"
"Island","1997-05-01","por","Portal","201s","https://scryfall.com/card/por/201s/zhs/island?utm_source=api"
"Island","1997-05-01","por","Portal","202","https://scryfall.com/card/por/202/island?utm_source=api"
"Island","1997-05-01","por","Portal","202s","https://scryfall.com/card/por/202s/zhs/island?utm_source=api"
"Island","1997-05-01","por","Portal","203","https://scryfall.com/card/por/203/island?utm_source=api"
"Island","1997-05-01","por","Portal","203s","https://scryfall.com/card/por/203s/zhs/island?utm_source=api"
"Swamp","1997-05-01","por","Portal","204","https://scryfall.com/card/por/204/swamp?utm_source=api"
"Swamp","1997-05-01","por","Portal","205","https://scryfall.com/card/por/205/swamp?utm_source=api"
"Swamp","1997-05-01","por","Portal","206","https://scryfall.com/card/por/206/swamp?utm_source=api"
"Swamp","1997-05-01","por","Portal","207","https://scryfall.com/card/por/207/swamp?utm_source=api"
"Mountain","1997-05-01","por","Portal","208","https://scryfall.com/card/por/208/mountain?utm_source=api"
"Mountain","1997-05-01","por","Portal","208s","https://scryfall.com/card/por/208s/zhs/mountain?utm_source=api"
"Mountain","1997-05-01","por","Portal","209","https://scryfall.com/card/por/209/mountain?utm_source=api"
"Mountain","1997-05-01","por","Portal","209s","https://scryfall.com/card/por/209s/zhs/mountain?utm_source=api"
"Mountain","1997-05-01","por","Portal","210","https://scryfall.com/card/por/210/mountain?utm_source=api"
"Mountain","1997-05-01","por","Portal","210s","https://scryfall.com/card/por/210s/zhs/mountain?utm_source=api"
"Mountain","1997-05-01","por","Portal","211","https://scryfall.com/card/por/211/mountain?utm_source=api"
"Mountain","1997-05-01","por","Portal","211s","https://scryfall.com/card/por/211s/zhs/mountain?utm_source=api"
"Forest","1997-05-01","por","Portal","212","https://scryfall.com/card/por/212/forest?utm_source=api"
"Forest","1997-05-01","por","Portal","212s","https://scryfall.com/card/por/212s/zhs/forest?utm_source=api"
"Forest","1997-05-01","por","Portal","213","https://scryfall.com/card/por/213/forest?utm_source=api"
"Forest","1997-05-01","por","Portal","213s","https://scryfall.com/card/por/213s/zhs/forest?utm_source=api"
"Forest","1997-05-01","por","Portal","214","https://scryfall.com/card/por/214/forest?utm_source=api"
"Forest","1997-05-01","por","Portal","214s","https://scryfall.com/card/por/214s/zhs/forest?utm_source=api"
"Forest","1997-05-01","por","Portal","215","https://scryfall.com/card/por/215/forest?utm_source=api"
"Forest","1997-05-01","por","Portal","215s","https://scryfall.com/card/por/215s/zhs/forest?utm_source=api"
"Plains","1997-10-14","tmp","Tempest","331","https://scryfall.com/card/tmp/331/plains?utm_source=api"
"Plains","1997-10-14","tmp","Tempest","332","https://scryfall.com/card/tmp/332/plains?utm_source=api"
"Plains","1997-10-14","tmp","Tempest","333","https://scryfall.com/card/tmp/333/plains?utm_source=api"
"Plains","1997-10-14","tmp","Tempest","334","https://scryfall.com/card/tmp/334/plains?utm_source=api"
"Island","1997-10-14","tmp","Tempest","335","https://scryfall.com/card/tmp/335/island?utm_source=api"
"Island","1997-10-14","tmp","Tempest","336","https://scryfall.com/card/tmp/336/island?utm_source=api"
"Island","1997-10-14","tmp","Tempest","337","https://scryfall.com/card/tmp/337/island?utm_source=api"
"Island","1997-10-14","tmp","Tempest","338","https://scryfall.com/card/tmp/338/island?utm_source=api"
"Swamp","1997-10-14","tmp","Tempest","339","https://scryfall.com/card/tmp/339/swamp?utm_source=api"
"Swamp","1997-10-14","tmp","Tempest","340","https://scryfall.com/card/tmp/340/swamp?utm_source=api"
"Swamp","1997-10-14","tmp","Tempest","341","https://scryfall.com/card/tmp/341/swamp?utm_source=api"
"Swamp","1997-10-14","tmp","Tempest","342","https://scryfall.com/card/tmp/342/swamp?utm_source=api"
"Mountain","1997-10-14","tmp","Tempest","343","https://scryfall.com/card/tmp/343/mountain?utm_source=api"
"Mountain","1997-10-14","tmp","Tempest","344","https://scryfall.com/card/tmp/344/mountain?utm_source=api"
"Mountain","1997-10-14","tmp","Tempest","345","https://scryfall.com/card/tmp/345/mountain?utm_source=api"
"Mountain","1997-10-14","tmp","Tempest","346","https://scryfall.com/card/tmp/346/mountain?utm_source=api"
"Forest","1997-10-14","tmp","Tempest","347","https://scryfall.com/card/tmp/347/forest?utm_source=api"
"Forest","1997-10-14","tmp","Tempest","348","https://scryfall.com/card/tmp/348/forest?utm_source=api"
"Forest","1997-10-14","tmp","Tempest","349","https://scryfall.com/card/tmp/349/forest?utm_source=api"
"Forest","1997-10-14","tmp","Tempest","350","https://scryfall.com/card/tmp/350/forest?utm_source=api"
"Plains","1998-06-24","p02","Portal Second Age","151","https://scryfall.com/card/p02/151/plains?utm_source=api"
"Plains","1998-06-24","p02","Portal Second Age","152","https://scryfall.com/card/p02/152/plains?utm_source=api"
"Plains","1998-06-24","p02","Portal Second Age","153","https://scryfall.com/card/p02/153/plains?utm_source=api"
"Island","1998-06-24","p02","Portal Second Age","154","https://scryfall.com/card/p02/154/island?utm_source=api"
"Island","1998-06-24","p02","Portal Second Age","155","https://scryfall.com/card/p02/155/island?utm_source=api"
"Island","1998-06-24","p02","Portal Second Age","156","https://scryfall.com/card/p02/156/island?utm_source=api"
"Swamp","1998-06-24","p02","Portal Second Age","157","https://scryfall.com/card/p02/157/swamp?utm_source=api"
"Swamp","1998-06-24","p02","Portal Second Age","158","https://scryfall.com/card/p02/158/swamp?utm_source=api"
"Swamp","1998-06-24","p02","Portal Second Age","159","https://scryfall.com/card/p02/159/swamp?utm_source=api"
"Mountain","1998-06-24","p02","Portal Second Age","160","https://scryfall.com/card/p02/160/mountain?utm_source=api"
"Mountain","1998-06-24","p02","Portal Second Age","161","https://scryfall.com/card/p02/161/mountain?utm_source=api"
"Mountain","1998-06-24","p02","Portal Second Age","162","https://scryfall.com/card/p02/162/mountain?utm_source=api"
"Forest","1998-06-24","p02","Portal Second Age","163","https://scryfall.com/card/p02/163/forest?utm_source=api"
"Forest","1998-06-24","p02","Portal Second Age","164","https://scryfall.com/card/p02/164/forest?utm_source=api"
"Forest","1998-06-24","p02","Portal Second Age","165","https://scryfall.com/card/p02/165/forest?utm_source=api"
"Plains","1998-08-11","ugl","Unglued","84","https://scryfall.com/card/ugl/84/plains?utm_source=api"
"Island","1998-08-11","ugl","Unglued","85","https://scryfall.com/card/ugl/85/island?utm_source=api"
"Swamp","1998-08-11","ugl","Unglued","86","https://scryfall.com/card/ugl/86/swamp?utm_source=api"
"Mountain","1998-08-11","ugl","Unglued","87","https://scryfall.com/card/ugl/87/mountain?utm_source=api"
"Forest","1998-08-11","ugl","Unglued","88","https://scryfall.com/card/ugl/88/forest?utm_source=api"
"Forest","1998-09-01","palp","Asia Pacific Land Program","1","https://scryfall.com/card/palp/1/forest?utm_source=api"
"Swamp","1998-09-01","palp","Asia Pacific Land Program","10","https://scryfall.com/card/palp/10/swamp?utm_source=api"
"Forest","1998-09-01","palp","Asia Pacific Land Program","11","https://scryfall.com/card/palp/11/forest?utm_source=api"
"Island","1998-09-01","palp","Asia Pacific Land Program","12","https://scryfall.com/card/palp/12/island?utm_source=api"
"Mountain","1998-09-01","palp","Asia Pacific Land Program","13","https://scryfall.com/card/palp/13/mountain?utm_source=api"
"Plains","1998-09-01","palp","Asia Pacific Land Program","14","https://scryfall.com/card/palp/14/plains?utm_source=api"
"Swamp","1998-09-01","palp","Asia Pacific Land Program","15","https://scryfall.com/card/palp/15/swamp?utm_source=api"
"Island","1998-09-01","palp","Asia Pacific Land Program","2","https://scryfall.com/card/palp/2/island?utm_source=api"
"Mountain","1998-09-01","palp","Asia Pacific Land Program","3","https://scryfall.com/card/palp/3/mountain?utm_source=api"
"Plains","1998-09-01","palp","Asia Pacific Land Program","4","https://scryfall.com/card/palp/4/plains?utm_source=api"
"Swamp","1998-09-01","palp","Asia Pacific Land Program","5","https://scryfall.com/card/palp/5/swamp?utm_source=api"
"Forest","1998-09-01","palp","Asia Pacific Land Program","6","https://scryfall.com/card/palp/6/forest?utm_source=api"
"Island","1998-09-01","palp","Asia Pacific Land Program","7","https://scryfall.com/card/palp/7/island?utm_source=api"
"Mountain","1998-09-01","palp","Asia Pacific Land Program","8","https://scryfall.com/card/palp/8/mountain?utm_source=api"
"Plains","1998-09-01","palp","Asia Pacific Land Program","9","https://scryfall.com/card/palp/9/plains?utm_source=api"
"Plains","1998-10-12","usg","Urza's Saga","331","https://scryfall.com/card/usg/331/plains?utm_source=api"
"Plains","1998-10-12","usg","Urza's Saga","332","https://scryfall.com/card/usg/332/plains?utm_source=api"
"Plains","1998-10-12","usg","Urza's Saga","333","https://scryfall.com/card/usg/333/plains?utm_source=api"
"Plains","1998-10-12","usg","Urza's Saga","334","https://scryfall.com/card/usg/334/plains?utm_source=api"
"Island","1998-10-12","usg","Urza's Saga","335","https://scryfall.com/card/usg/335/island?utm_source=api"
"Island","1998-10-12","usg","Urza's Saga","336","https://scryfall.com/card/usg/336/island?utm_source=api"
"Island","1998-10-12","usg","Urza's Saga","337","https://scryfall.com/card/usg/337/island?utm_source=api"
"Island","1998-10-12","usg","Urza's Saga","338","https://scryfall.com/card/usg/338/island?utm_source=api"
"Swamp","1998-10-12","usg","Urza's Saga","339","https://scryfall.com/card/usg/339/swamp?utm_source=api"
"Swamp","1998-10-12","usg","Urza's Saga","340","https://scryfall.com/card/usg/340/swamp?utm_source=api"
"Swamp","1998-10-12","usg","Urza's Saga","341","https://scryfall.com/card/usg/341/swamp?utm_source=api"
"Swamp","1998-10-12","usg","Urza's Saga","342","https://scryfall.com/card/usg/342/swamp?utm_source=api"
"Mountain","1998-10-12","usg","Urza's Saga","343","https://scryfall.com/card/usg/343/mountain?utm_source=api"
"Mountain","1998-10-12","usg","Urza's Saga","344","https://scryfall.com/card/usg/344/mountain?utm_source=api"
"Mountain","1998-10-12","usg","Urza's Saga","345","https://scryfall.com/card/usg/345/mountain?utm_source=api"
"Mountain","1998-10-12","usg","Urza's Saga","346","https://scryfall.com/card/usg/346/mountain?utm_source=api"
"Forest","1998-10-12","usg","Urza's Saga","347","https://scryfall.com/card/usg/347/forest?utm_source=api"
"Forest","1998-10-12","usg","Urza's Saga","348","https://scryfall.com/card/usg/348/forest?utm_source=api"
"Forest","1998-10-12","usg","Urza's Saga","349","https://scryfall.com/card/usg/349/forest?utm_source=api"
"Forest","1998-10-12","usg","Urza's Saga","350","https://scryfall.com/card/usg/350/forest?utm_source=api"
"Plains","1998-11-01","ath","Anthologies","78","https://scryfall.com/card/ath/78/plains?utm_source=api"
"Plains","1998-11-01","ath","Anthologies","79","https://scryfall.com/card/ath/79/plains?utm_source=api"
"Swamp","1998-11-01","ath","Anthologies","80","https://scryfall.com/card/ath/80/swamp?utm_source=api"
"Swamp","1998-11-01","ath","Anthologies","81","https://scryfall.com/card/ath/81/swamp?utm_source=api"
"Mountain","1998-11-01","ath","Anthologies","82","https://scryfall.com/card/ath/82/mountain?utm_source=api"
"Mountain","1998-11-01","ath","Anthologies","83","https://scryfall.com/card/ath/83/mountain?utm_source=api"
"Forest","1998-11-01","ath","Anthologies","84","https://scryfall.com/card/ath/84/forest?utm_source=api"
"Forest","1998-11-01","ath","Anthologies","85","https://scryfall.com/card/ath/85/forest?utm_source=api"
"Forest","1999-01-01","pal99","Arena League 1999","1","https://scryfall.com/card/pal99/1/forest?utm_source=api"
"Island","1999-01-01","pal99","Arena League 1999","3","https://scryfall.com/card/pal99/3/island?utm_source=api"
"Mountain","1999-01-01","pal99","Arena League 1999","5","https://scryfall.com/card/pal99/5/mountain?utm_source=api"
"Plains","1999-01-01","pal99","Arena League 1999","7","https://scryfall.com/card/pal99/7/plains?utm_source=api"
"Swamp","1999-01-01","pal99","Arena League 1999","9","https://scryfall.com/card/pal99/9/swamp?utm_source=api"
"Plains","1999-04-21","6ed","Classic Sixth Edition","331","https://scryfall.com/card/6ed/331/plains?utm_source=api"
"Plains","1999-04-21","6ed","Classic Sixth Edition","332","https://scryfall.com/card/6ed/332/plains?utm_source=api"
"Plains","1999-04-21","6ed","Classic Sixth Edition","333","https://scryfall.com/card/6ed/333/plains?utm_source=api"
"Plains","1999-04-21","6ed","Classic Sixth Edition","334","https://scryfall.com/card/6ed/334/plains?utm_source=api"
"Island","1999-04-21","6ed","Classic Sixth Edition","335","https://scryfall.com/card/6ed/335/island?utm_source=api"
"Island","1999-04-21","6ed","Classic Sixth Edition","336","https://scryfall.com/card/6ed/336/island?utm_source=api"
"Island","1999-04-21","6ed","Classic Sixth Edition","337","https://scryfall.com/card/6ed/337/island?utm_source=api"
"Island","1999-04-21","6ed","Classic Sixth Edition","338","https://scryfall.com/card/6ed/338/island?utm_source=api"
"Swamp","1999-04-21","6ed","Classic Sixth Edition","339","https://scryfall.com/card/6ed/339/swamp?utm_source=api"
"Swamp","1999-04-21","6ed","Classic Sixth Edition","340","https://scryfall.com/card/6ed/340/swamp?utm_source=api"
"Swamp","1999-04-21","6ed","Classic Sixth Edition","341","https://scryfall.com/card/6ed/341/swamp?utm_source=api"
"Swamp","1999-04-21","6ed","Classic Sixth Edition","342","https://scryfall.com/card/6ed/342/swamp?utm_source=api"
"Mountain","1999-04-21","6ed","Classic Sixth Edition","343","https://scryfall.com/card/6ed/343/mountain?utm_source=api"
"Mountain","1999-04-21","6ed","Classic Sixth Edition","344","https://scryfall.com/card/6ed/344/mountain?utm_source=api"
"Mountain","1999-04-21","6ed","Classic Sixth Edition","345","https://scryfall.com/card/6ed/345/mountain?utm_source=api"
"Mountain","1999-04-21","6ed","Classic Sixth Edition","346","https://scryfall.com/card/6ed/346/mountain?utm_source=api"
"Forest","1999-04-21","6ed","Classic Sixth Edition","347","https://scryfall.com/card/6ed/347/forest?utm_source=api"
"Forest","1999-04-21","6ed","Classic Sixth Edition","348","https://scryfall.com/card/6ed/348/forest?utm_source=api"
"Forest","1999-04-21","6ed","Classic Sixth Edition","349","https://scryfall.com/card/6ed/349/forest?utm_source=api"
"Forest","1999-04-21","6ed","Classic Sixth Edition","350","https://scryfall.com/card/6ed/350/forest?utm_source=api"
"Plains","1999-05-01","ptk","Portal Three Kingdoms","166","https://scryfall.com/card/ptk/166/plains?utm_source=api"
"Plains","1999-05-01","ptk","Portal Three Kingdoms","167","https://scryfall.com/card/ptk/167/plains?utm_source=api"
"Plains","1999-05-01","ptk","Portal Three Kingdoms","168","https://scryfall.com/card/ptk/168/plains?utm_source=api"
"Island","1999-05-01","ptk","Portal Three Kingdoms","169","https://scryfall.com/card/ptk/169/island?utm_source=api"
"Island","1999-05-01","ptk","Portal Three Kingdoms","170","https://scryfall.com/card/ptk/170/island?utm_source=api"
"Island","1999-05-01","ptk","Portal Three Kingdoms","171","https://scryfall.com/card/ptk/171/island?utm_source=api"
"Swamp","1999-05-01","ptk","Portal Three Kingdoms","172","https://scryfall.com/card/ptk/172/swamp?utm_source=api"
"Swamp","1999-05-01","ptk","Portal Three Kingdoms","173","https://scryfall.com/card/ptk/173/swamp?utm_source=api"
"Swamp","1999-05-01","ptk","Portal Three Kingdoms","174","https://scryfall.com/card/ptk/174/swamp?utm_source=api"
"Mountain","1999-05-01","ptk","Portal Three Kingdoms","175","https://scryfall.com/card/ptk/175/mountain?utm_source=api"
"Mountain","1999-05-01","ptk","Portal Three Kingdoms","176","https://scryfall.com/card/ptk/176/mountain?utm_source=api"
"Mountain","1999-05-01","ptk","Portal Three Kingdoms","177","https://scryfall.com/card/ptk/177/mountain?utm_source=api"
"Forest","1999-05-01","ptk","Portal Three Kingdoms","178","https://scryfall.com/card/ptk/178/forest?utm_source=api"
"Forest","1999-05-01","ptk","Portal Three Kingdoms","179","https://scryfall.com/card/ptk/179/forest?utm_source=api"
"Forest","1999-05-01","ptk","Portal Three Kingdoms","180","https://scryfall.com/card/ptk/180/forest?utm_source=api"
"Plains","1999-07-01","s99","Starter 1999","154","https://scryfall.com/card/s99/154/plains?utm_source=api"
"Plains","1999-07-01","s99","Starter 1999","155","https://scryfall.com/card/s99/155/plains?utm_source=api"
"Plains","1999-07-01","s99","Starter 1999","156","https://scryfall.com/card/s99/156/plains?utm_source=api"
"Plains","1999-07-01","s99","Starter 1999","157","https://scryfall.com/card/s99/157/plains?utm_source=api"
"Island","1999-07-01","s99","Starter 1999","158","https://scryfall.com/card/s99/158/island?utm_source=api"
"Island","1999-07-01","s99","Starter 1999","159","https://scryfall.com/card/s99/159/island?utm_source=api"
"Island","1999-07-01","s99","Starter 1999","160","https://scryfall.com/card/s99/160/island?utm_source=api"
"Island","1999-07-01","s99","Starter 1999","161","https://scryfall.com/card/s99/161/island?utm_source=api"
"Swamp","1999-07-01","s99","Starter 1999","162","https://scryfall.com/card/s99/162/swamp?utm_source=api"
"Swamp","1999-07-01","s99","Starter 1999","163","https://scryfall.com/card/s99/163/swamp?utm_source=api"
"Swamp","1999-07-01","s99","Starter 1999","164","https://scryfall.com/card/s99/164/swamp?utm_source=api"
"Swamp","1999-07-01","s99","Starter 1999","165","https://scryfall.com/card/s99/165/swamp?utm_source=api"
"Mountain","1999-07-01","s99","Starter 1999","166","https://scryfall.com/card/s99/166/mountain?utm_source=api"
"Mountain","1999-07-01","s99","Starter 1999","167","https://scryfall.com/card/s99/167/mountain?utm_source=api"
"Mountain","1999-07-01","s99","Starter 1999","168","https://scryfall.com/card/s99/168/mountain?utm_source=api"
"Mountain","1999-07-01","s99","Starter 1999","169","https://scryfall.com/card/s99/169/mountain?utm_source=api"
"Forest","1999-07-01","s99","Starter 1999","170","https://scryfall.com/card/s99/170/forest?utm_source=api"
"Forest","1999-07-01","s99","Starter 1999","171","https://scryfall.com/card/s99/171/forest?utm_source=api"
"Forest","1999-07-01","s99","Starter 1999","172","https://scryfall.com/card/s99/172/forest?utm_source=api"
"Forest","1999-07-01","s99","Starter 1999","173","https://scryfall.com/card/s99/173/forest?utm_source=api"
"Plains","1999-07-12","pgru","Guru","1","https://scryfall.com/card/pgru/1/plains?utm_source=api"
"Island","1999-07-12","pgru","Guru","2","https://scryfall.com/card/pgru/2/island?utm_source=api"
"Swamp","1999-07-12","pgru","Guru","3","https://scryfall.com/card/pgru/3/swamp?utm_source=api"
"Mountain","1999-07-12","pgru","Guru","4","https://scryfall.com/card/pgru/4/mountain?utm_source=api"
"Forest","1999-07-12","pgru","Guru","5","https://scryfall.com/card/pgru/5/forest?utm_source=api"
"Plains","1999-10-04","mmq","Mercadian Masques","331","https://scryfall.com/card/mmq/331/plains?utm_source=api"
"Plains","1999-10-04","mmq","Mercadian Masques","332","https://scryfall.com/card/mmq/332/plains?utm_source=api"
"Plains","1999-10-04","mmq","Mercadian Masques","333","https://scryfall.com/card/mmq/333/plains?utm_source=api"
"Plains","1999-10-04","mmq","Mercadian Masques","334","https://scryfall.com/card/mmq/334/plains?utm_source=api"
"Island","1999-10-04","mmq","Mercadian Masques","335","https://scryfall.com/card/mmq/335/island?utm_source=api"
"Island","1999-10-04","mmq","Mercadian Masques","336","https://scryfall.com/card/mmq/336/island?utm_source=api"
"Island","1999-10-04","mmq","Mercadian Masques","337","https://scryfall.com/card/mmq/337/island?utm_source=api"
"Island","1999-10-04","mmq","Mercadian Masques","338","https://scryfall.com/card/mmq/338/island?utm_source=api"
"Swamp","1999-10-04","mmq","Mercadian Masques","339","https://scryfall.com/card/mmq/339/swamp?utm_source=api"
"Swamp","1999-10-04","mmq","Mercadian Masques","340","https://scryfall.com/card/mmq/340/swamp?utm_source=api"
"Swamp","1999-10-04","mmq","Mercadian Masques","341","https://scryfall.com/card/mmq/341/swamp?utm_source=api"
"Swamp","1999-10-04","mmq","Mercadian Masques","342","https://scryfall.com/card/mmq/342/swamp?utm_source=api"
"Mountain","1999-10-04","mmq","Mercadian Masques","343","https://scryfall.com/card/mmq/343/mountain?utm_source=api"
"Mountain","1999-10-04","mmq","Mercadian Masques","344","https://scryfall.com/card/mmq/344/mountain?utm_source=api"
"Mountain","1999-10-04","mmq","Mercadian Masques","345","https://scryfall.com/card/mmq/345/mountain?utm_source=api"
"Mountain","1999-10-04","mmq","Mercadian Masques","346","https://scryfall.com/card/mmq/346/mountain?utm_source=api"
"Forest","1999-10-04","mmq","Mercadian Masques","347","https://scryfall.com/card/mmq/347/forest?utm_source=api"
"Forest","1999-10-04","mmq","Mercadian Masques","348","https://scryfall.com/card/mmq/348/forest?utm_source=api"
"Forest","1999-10-04","mmq","Mercadian Masques","349","https://scryfall.com/card/mmq/349/forest?utm_source=api"
"Forest","1999-10-04","mmq","Mercadian Masques","350","https://scryfall.com/card/mmq/350/forest?utm_source=api"
"Forest","1999-11-12","brb","Battle Royale Box Set","101","https://scryfall.com/card/brb/101/forest?utm_source=api"
"Forest","1999-11-12","brb","Battle Royale Box Set","102","https://scryfall.com/card/brb/102/forest?utm_source=api"
"Forest","1999-11-12","brb","Battle Royale Box Set","103","https://scryfall.com/card/brb/103/forest?utm_source=api"
"Forest","1999-11-12","brb","Battle Royale Box Set","104","https://scryfall.com/card/brb/104/forest?utm_source=api"
"Forest","1999-11-12","brb","Battle Royale Box Set","105","https://scryfall.com/card/brb/105/forest?utm_source=api"
"Forest","1999-11-12","brb","Battle Royale Box Set","106","https://scryfall.com/card/brb/106/forest?utm_source=api"
"Forest","1999-11-12","brb","Battle Royale Box Set","107","https://scryfall.com/card/brb/107/forest?utm_source=api"
"Forest","1999-11-12","brb","Battle Royale Box Set","108","https://scryfall.com/card/brb/108/forest?utm_source=api"
"Forest","1999-11-12","brb","Battle Royale Box Set","109","https://scryfall.com/card/brb/109/forest?utm_source=api"
"Island","1999-11-12","brb","Battle Royale Box Set","110","https://scryfall.com/card/brb/110/island?utm_source=api"
"Island","1999-11-12","brb","Battle Royale Box Set","111","https://scryfall.com/card/brb/111/island?utm_source=api"
"Island","1999-11-12","brb","Battle Royale Box Set","112","https://scryfall.com/card/brb/112/island?utm_source=api"
"Island","1999-11-12","brb","Battle Royale Box Set","113","https://scryfall.com/card/brb/113/island?utm_source=api"
"Island","1999-11-12","brb","Battle Royale Box Set","114","https://scryfall.com/card/brb/114/island?utm_source=api"
"Mountain","1999-11-12","brb","Battle Royale Box Set","115","https://scryfall.com/card/brb/115/mountain?utm_source=api"
"Mountain","1999-11-12","brb","Battle Royale Box Set","116","https://scryfall.com/card/brb/116/mountain?utm_source=api"
"Mountain","1999-11-12","brb","Battle Royale Box Set","117","https://scryfall.com/card/brb/117/mountain?utm_source=api"
"Mountain","1999-11-12","brb","Battle Royale Box Set","118","https://scryfall.com/card/brb/118/mountain?utm_source=api"
"Mountain","1999-11-12","brb","Battle Royale Box Set","119","https://scryfall.com/card/brb/119/mountain?utm_source=api"
"Mountain","1999-11-12","brb","Battle Royale Box Set","120","https://scryfall.com/card/brb/120/mountain?utm_source=api"
"Mountain","1999-11-12","brb","Battle Royale Box Set","121","https://scryfall.com/card/brb/121/mountain?utm_source=api"
"Mountain","1999-11-12","brb","Battle Royale Box Set","122","https://scryfall.com/card/brb/122/mountain?utm_source=api"
"Mountain","1999-11-12","brb","Battle Royale Box Set","123","https://scryfall.com/card/brb/123/mountain?utm_source=api"
"Plains","1999-11-12","brb","Battle Royale Box Set","124","https://scryfall.com/card/brb/124/plains?utm_source=api"
"Plains","1999-11-12","brb","Battle Royale Box Set","125","https://scryfall.com/card/brb/125/plains?utm_source=api"
"Plains","1999-11-12","brb","Battle Royale Box Set","126","https://scryfall.com/card/brb/126/plains?utm_source=api"
"Plains","1999-11-12","brb","Battle Royale Box Set","127","https://scryfall.com/card/brb/127/plains?utm_source=api"
"Plains","1999-11-12","brb","Battle Royale Box Set","128","https://scryfall.com/card/brb/128/plains?utm_source=api"
"Plains","1999-11-12","brb","Battle Royale Box Set","129","https://scryfall.com/card/brb/129/plains?utm_source=api"
"Plains","1999-11-12","brb","Battle Royale Box Set","130","https://scryfall.com/card/brb/130/plains?utm_source=api"
"Plains","1999-11-12","brb","Battle Royale Box Set","131","https://scryfall.com/card/brb/131/plains?utm_source=api"
"Plains","1999-11-12","brb","Battle Royale Box Set","132","https://scryfall.com/card/brb/132/plains?utm_source=api"
"Swamp","1999-11-12","brb","Battle Royale Box Set","133","https://scryfall.com/card/brb/133/swamp?utm_source=api"
"Swamp","1999-11-12","brb","Battle Royale Box Set","134","https://scryfall.com/card/brb/134/swamp?utm_source=api"
"Swamp","1999-11-12","brb","Battle Royale Box Set","135","https://scryfall.com/card/brb/135/swamp?utm_source=api"
"Swamp","1999-11-12","brb","Battle Royale Box Set","136","https://scryfall.com/card/brb/136/swamp?utm_source=api"
"Swamp","2000-01-01","pal00","Arena League 2000","10","https://scryfall.com/card/pal00/10/swamp?utm_source=api"
"Mountain","2000-01-01","pal00","Arena League 2000","11","https://scryfall.com/card/pal00/11/mountain?utm_source=api"
"Forest","2000-01-01","pal00","Arena League 2000","12","https://scryfall.com/card/pal00/12/forest?utm_source=api"
"Plains","2000-01-01","pal00","Arena League 2000","8","https://scryfall.com/card/pal00/8/plains?utm_source=api"
"Island","2000-01-01","pal00","Arena League 2000","9","https://scryfall.com/card/pal00/9/island?utm_source=api"
"Forest","2000-02-05","pelp","European Land Program","1","https://scryfall.com/card/pelp/1/forest?utm_source=api"
"Swamp","2000-02-05","pelp","European Land Program","10","https://scryfall.com/card/pelp/10/swamp?utm_source=api"
"Forest","2000-02-05","pelp","European Land Program","11","https://scryfall.com/card/pelp/11/forest?utm_source=api"
"Island","2000-02-05","pelp","European Land Program","12","https://scryfall.com/card/pelp/12/island?utm_source=api"
"Mountain","2000-02-05","pelp","European Land Program","13","https://scryfall.com/card/pelp/13/mountain?utm_source=api"
"Plains","2000-02-05","pelp","European Land Program","14","https://scryfall.com/card/pelp/14/plains?utm_source=api"
"Swamp","2000-02-05","pelp","European Land Program","15","https://scryfall.com/card/pelp/15/swamp?utm_source=api"
"Island","2000-02-05","pelp","European Land Program","2","https://scryfall.com/card/pelp/2/island?utm_source=api"
"Mountain","2000-02-05","pelp","European Land Program","3","https://scryfall.com/card/pelp/3/mountain?utm_source=api"
"Plains","2000-02-05","pelp","European Land Program","4","https://scryfall.com/card/pelp/4/plains?utm_source=api"
"Swamp","2000-02-05","pelp","European Land Program","5","https://scryfall.com/card/pelp/5/swamp?utm_source=api"
"Forest","2000-02-05","pelp","European Land Program","6","https://scryfall.com/card/pelp/6/forest?utm_source=api"
"Island","2000-02-05","pelp","European Land Program","7","https://scryfall.com/card/pelp/7/island?utm_source=api"
"Mountain","2000-02-05","pelp","European Land Program","8","https://scryfall.com/card/pelp/8/mountain?utm_source=api"
"Plains","2000-02-05","pelp","European Land Program","9","https://scryfall.com/card/pelp/9/plains?utm_source=api"
"Island","2000-10-01","btd","Beatdown Box Set","79","https://scryfall.com/card/btd/79/island?utm_source=api"
"Island","2000-10-01","btd","Beatdown Box Set","80","https://scryfall.com/card/btd/80/island?utm_source=api"
"Island","2000-10-01","btd","Beatdown Box Set","81","https://scryfall.com/card/btd/81/island?utm_source=api"
"Swamp","2000-10-01","btd","Beatdown Box Set","82","https://scryfall.com/card/btd/82/swamp?utm_source=api"
"Swamp","2000-10-01","btd","Beatdown Box Set","83","https://scryfall.com/card/btd/83/swamp?utm_source=api"
"Swamp","2000-10-01","btd","Beatdown Box Set","84","https://scryfall.com/card/btd/84/swamp?utm_source=api"
"Mountain","2000-10-01","btd","Beatdown Box Set","85","https://scryfall.com/card/btd/85/mountain?utm_source=api"
"Mountain","2000-10-01","btd","Beatdown Box Set","86","https://scryfall.com/card/btd/86/mountain?utm_source=api"
"Mountain","2000-10-01","btd","Beatdown Box Set","87","https://scryfall.com/card/btd/87/mountain?utm_source=api"
"Forest","2000-10-01","btd","Beatdown Box Set","88","https://scryfall.com/card/btd/88/forest?utm_source=api"
"Forest","2000-10-01","btd","Beatdown Box Set","89","https://scryfall.com/card/btd/89/forest?utm_source=api"
"Forest","2000-10-01","btd","Beatdown Box Set","90","https://scryfall.com/card/btd/90/forest?utm_source=api"
"Plains","2000-10-02","inv","Invasion","331","https://scryfall.com/card/inv/331/plains?utm_source=api"
"Plains","2000-10-02","inv","Invasion","332","https://scryfall.com/card/inv/332/plains?utm_source=api"
"Plains","2000-10-02","inv","Invasion","333","https://scryfall.com/card/inv/333/plains?utm_source=api"
"Plains","2000-10-02","inv","Invasion","334","https://scryfall.com/card/inv/334/plains?utm_source=api"
"Island","2000-10-02","inv","Invasion","335","https://scryfall.com/card/inv/335/island?utm_source=api"
"Island","2000-10-02","inv","Invasion","336","https://scryfall.com/card/inv/336/island?utm_source=api"
"Island","2000-10-02","inv","Invasion","337","https://scryfall.com/card/inv/337/island?utm_source=api"
"Island","2000-10-02","inv","Invasion","338","https://scryfall.com/card/inv/338/island?utm_source=api"
"Swamp","2000-10-02","inv","Invasion","339","https://scryfall.com/card/inv/339/swamp?utm_source=api"
"Swamp","2000-10-02","inv","Invasion","340","https://scryfall.com/card/inv/340/swamp?utm_source=api"
"Swamp","2000-10-02","inv","Invasion","341","https://scryfall.com/card/inv/341/swamp?utm_source=api"
"Swamp","2000-10-02","inv","Invasion","342","https://scryfall.com/card/inv/342/swamp?utm_source=api"
"Mountain","2000-10-02","inv","Invasion","343","https://scryfall.com/card/inv/343/mountain?utm_source=api"
"Mountain","2000-10-02","inv","Invasion","344","https://scryfall.com/card/inv/344/mountain?utm_source=api"
"Mountain","2000-10-02","inv","Invasion","345","https://scryfall.com/card/inv/345/mountain?utm_source=api"
"Mountain","2000-10-02","inv","Invasion","346","https://scryfall.com/card/inv/346/mountain?utm_source=api"
"Forest","2000-10-02","inv","Invasion","347","https://scryfall.com/card/inv/347/forest?utm_source=api"
"Forest","2000-10-02","inv","Invasion","348","https://scryfall.com/card/inv/348/forest?utm_source=api"
"Forest","2000-10-02","inv","Invasion","349","https://scryfall.com/card/inv/349/forest?utm_source=api"
"Forest","2000-10-02","inv","Invasion","350","https://scryfall.com/card/inv/350/forest?utm_source=api"
"Forest","2001-01-01","pal01","Arena League 2001","1","https://scryfall.com/card/pal01/1/forest?utm_source=api"
"Forest","2001-01-01","pal01","Arena League 2001","11","https://scryfall.com/card/pal01/11/forest?utm_source=api"
"Island","2001-01-01","pal01","Arena League 2001","3","https://scryfall.com/card/pal01/3/island?utm_source=api"
"Mountain","2001-01-01","pal01","Arena League 2001","5","https://scryfall.com/card/pal01/5/mountain?utm_source=api"
"Plains","2001-01-01","pal01","Arena League 2001","7","https://scryfall.com/card/pal01/7/plains?utm_source=api"
"Swamp","2001-01-01","pal01","Arena League 2001","9","https://scryfall.com/card/pal01/9/swamp?utm_source=api"
"Forest","2001-04-11","7ed","Seventh Edition","328","https://scryfall.com/card/7ed/328/forest?utm_source=api"
"Forest","2001-04-11","7ed","Seventh Edition","328★","https://scryfall.com/card/7ed/328%E2%98%85/forest?utm_source=api"
"Forest","2001-04-11","7ed","Seventh Edition","329","https://scryfall.com/card/7ed/329/forest?utm_source=api"
"Forest","2001-04-11","7ed","Seventh Edition","329★","https://scryfall.com/card/7ed/329%E2%98%85/forest?utm_source=api"
"Forest","2001-04-11","7ed","Seventh Edition","330","https://scryfall.com/card/7ed/330/forest?utm_source=api"
"Forest","2001-04-11","7ed","Seventh Edition","330★","https://scryfall.com/card/7ed/330%E2%98%85/forest?utm_source=api"
"Forest","2001-04-11","7ed","Seventh Edition","331","https://scryfall.com/card/7ed/331/forest?utm_source=api"
"Forest","2001-04-11","7ed","Seventh Edition","331★","https://scryfall.com/card/7ed/331%E2%98%85/forest?utm_source=api"
"Island","2001-04-11","7ed","Seventh Edition","332","https://scryfall.com/card/7ed/332/island?utm_source=api"
"Island","2001-04-11","7ed","Seventh Edition","332★","https://scryfall.com/card/7ed/332%E2%98%85/island?utm_source=api"
"Island","2001-04-11","7ed","Seventh Edition","333","https://scryfall.com/card/7ed/333/island?utm_source=api"
"Island","2001-04-11","7ed","Seventh Edition","333★","https://scryfall.com/card/7ed/333%E2%98%85/island?utm_source=api"
"Island","2001-04-11","7ed","Seventh Edition","334","https://scryfall.com/card/7ed/334/island?utm_source=api"
"Island","2001-04-11","7ed","Seventh Edition","334★","https://scryfall.com/card/7ed/334%E2%98%85/island?utm_source=api"
"Island","2001-04-11","7ed","Seventh Edition","335","https://scryfall.com/card/7ed/335/island?utm_source=api"
"Island","2001-04-11","7ed","Seventh Edition","335★","https://scryfall.com/card/7ed/335%E2%98%85/island?utm_source=api"
"Mountain","2001-04-11","7ed","Seventh Edition","337","https://scryfall.com/card/7ed/337/mountain?utm_source=api"
"Mountain","2001-04-11","7ed","Seventh Edition","337★","https://scryfall.com/card/7ed/337%E2%98%85/mountain?utm_source=api"
"Mountain","2001-04-11","7ed","Seventh Edition","338","https://scryfall.com/card/7ed/338/mountain?utm_source=api"
"Mountain","2001-04-11","7ed","Seventh Edition","338★","https://scryfall.com/card/7ed/338%E2%98%85/mountain?utm_source=api"
"Mountain","2001-04-11","7ed","Seventh Edition","339","https://scryfall.com/card/7ed/339/mountain?utm_source=api"
"Mountain","2001-04-11","7ed","Seventh Edition","339★","https://scryfall.com/card/7ed/339%E2%98%85/mountain?utm_source=api"
"Mountain","2001-04-11","7ed","Seventh Edition","340","https://scryfall.com/card/7ed/340/mountain?utm_source=api"
"Mountain","2001-04-11","7ed","Seventh Edition","340★","https://scryfall.com/card/7ed/340%E2%98%85/mountain?utm_source=api"
"Plains","2001-04-11","7ed","Seventh Edition","341","https://scryfall.com/card/7ed/341/plains?utm_source=api"
"Plains","2001-04-11","7ed","Seventh Edition","341★","https://scryfall.com/card/7ed/341%E2%98%85/plains?utm_source=api"
"Plains","2001-04-11","7ed","Seventh Edition","342","https://scryfall.com/card/7ed/342/plains?utm_source=api"
"Plains","2001-04-11","7ed","Seventh Edition","342★","https://scryfall.com/card/7ed/342%E2%98%85/plains?utm_source=api"
"Plains","2001-04-11","7ed","Seventh Edition","343","https://scryfall.com/card/7ed/343/plains?utm_source=api"
"Plains","2001-04-11","7ed","Seventh Edition","343★","https://scryfall.com/card/7ed/343%E2%98%85/plains?utm_source=api"
"Plains","2001-04-11","7ed","Seventh Edition","344","https://scryfall.com/card/7ed/344/plains?utm_source=api"
"Plains","2001-04-11","7ed","Seventh Edition","344★","https://scryfall.com/card/7ed/344%E2%98%85/plains?utm_source=api"
"Swamp","2001-04-11","7ed","Seventh Edition","346","https://scryfall.com/card/7ed/346/swamp?utm_source=api"
"Swamp","2001-04-11","7ed","Seventh Edition","346★","https://scryfall.com/card/7ed/346%E2%98%85/swamp?utm_source=api"
"Swamp","2001-04-11","7ed","Seventh Edition","347","https://scryfall.com/card/7ed/347/swamp?utm_source=api"
"Swamp","2001-04-11","7ed","Seventh Edition","347★","https://scryfall.com/card/7ed/347%E2%98%85/swamp?utm_source=api"
"Swamp","2001-04-11","7ed","Seventh Edition","348","https://scryfall.com/card/7ed/348/swamp?utm_source=api"
"Swamp","2001-04-11","7ed","Seventh Edition","348★","https://scryfall.com/card/7ed/348%E2%98%85/swamp?utm_source=api"
"Swamp","2001-04-11","7ed","Seventh Edition","349","https://scryfall.com/card/7ed/349/swamp?utm_source=api"
"Swamp","2001-04-11","7ed","Seventh Edition","349★","https://scryfall.com/card/7ed/349%E2%98%85/swamp?utm_source=api"
"Plains","2001-10-01","ody","Odyssey","331","https://scryfall.com/card/ody/331/plains?utm_source=api"
"Plains","2001-10-01","ody","Odyssey","332","https://scryfall.com/card/ody/332/plains?utm_source=api"
"Plains","2001-10-01","ody","Odyssey","333","https://scryfall.com/card/ody/333/plains?utm_source=api"
"Plains","2001-10-01","ody","Odyssey","334","https://scryfall.com/card/ody/334/plains?utm_source=api"
"Island","2001-10-01","ody","Odyssey","335","https://scryfall.com/card/ody/335/island?utm_source=api"
"Island","2001-10-01","ody","Odyssey","336","https://scryfall.com/card/ody/336/island?utm_source=api"
"Island","2001-10-01","ody","Odyssey","337","https://scryfall.com/card/ody/337/island?utm_source=api"
"Island","2001-10-01","ody","Odyssey","338","https://scryfall.com/card/ody/338/island?utm_source=api"
"Swamp","2001-10-01","ody","Odyssey","339","https://scryfall.com/card/ody/339/swamp?utm_source=api"
"Swamp","2001-10-01","ody","Odyssey","340","https://scryfall.com/card/ody/340/swamp?utm_source=api"
"Swamp","2001-10-01","ody","Odyssey","341","https://scryfall.com/card/ody/341/swamp?utm_source=api"
"Swamp","2001-10-01","ody","Odyssey","342","https://scryfall.com/card/ody/342/swamp?utm_source=api"
"Mountain","2001-10-01","ody","Odyssey","343","https://scryfall.com/card/ody/343/mountain?utm_source=api"
"Mountain","2001-10-01","ody","Odyssey","344","https://scryfall.com/card/ody/344/mountain?utm_source=api"
"Mountain","2001-10-01","ody","Odyssey","345","https://scryfall.com/card/ody/345/mountain?utm_source=api"
"Mountain","2001-10-01","ody","Odyssey","346","https://scryfall.com/card/ody/346/mountain?utm_source=api"
"Forest","2001-10-01","ody","Odyssey","347","https://scryfall.com/card/ody/347/forest?utm_source=api"
"Forest","2001-10-01","ody","Odyssey","348","https://scryfall.com/card/ody/348/forest?utm_source=api"
"Forest","2001-10-01","ody","Odyssey","349","https://scryfall.com/card/ody/349/forest?utm_source=api"
"Forest","2001-10-01","ody","Odyssey","350","https://scryfall.com/card/ody/350/forest?utm_source=api"
"Swamp","2001-12-01","dkm","Deckmasters","42","https://scryfall.com/card/dkm/42/swamp?utm_source=api"
"Swamp","2001-12-01","dkm","Deckmasters","43","https://scryfall.com/card/dkm/43/swamp?utm_source=api"
"Swamp","2001-12-01","dkm","Deckmasters","44","https://scryfall.com/card/dkm/44/swamp?utm_source=api"
"Mountain","2001-12-01","dkm","Deckmasters","45","https://scryfall.com/card/dkm/45/mountain?utm_source=api"
"Mountain","2001-12-01","dkm","Deckmasters","46","https://scryfall.com/card/dkm/46/mountain?utm_source=api"
"Mountain","2001-12-01","dkm","Deckmasters","47","https://scryfall.com/card/dkm/47/mountain?utm_source=api"
"Forest","2001-12-01","dkm","Deckmasters","48","https://scryfall.com/card/dkm/48/forest?utm_source=api"
"Forest","2001-12-01","dkm","Deckmasters","49","https://scryfall.com/card/dkm/49/forest?utm_source=api"
"Forest","2001-12-01","dkm","Deckmasters","50","https://scryfall.com/card/dkm/50/forest?utm_source=api"
"Island","2002-01-01","pal02","Arena League 2002","1","https://scryfall.com/card/pal02/1/island?utm_source=api"
"Plains","2002-10-07","ons","Onslaught","331","https://scryfall.com/card/ons/331/plains?utm_source=api"
"Plains","2002-10-07","ons","Onslaught","332","https://scryfall.com/card/ons/332/plains?utm_source=api"
"Plains","2002-10-07","ons","Onslaught","333","https://scryfall.com/card/ons/333/plains?utm_source=api"
"Plains","2002-10-07","ons","Onslaught","334","https://scryfall.com/card/ons/334/plains?utm_source=api"
"Island","2002-10-07","ons","Onslaught","335","https://scryfall.com/card/ons/335/island?utm_source=api"
"Island","2002-10-07","ons","Onslaught","336","https://scryfall.com/card/ons/336/island?utm_source=api"
"Island","2002-10-07","ons","Onslaught","337","https://scryfall.com/card/ons/337/island?utm_source=api"
"Island","2002-10-07","ons","Onslaught","338","https://scryfall.com/card/ons/338/island?utm_source=api"
"Swamp","2002-10-07","ons","Onslaught","339","https://scryfall.com/card/ons/339/swamp?utm_source=api"
"Swamp","2002-10-07","ons","Onslaught","340","https://scryfall.com/card/ons/340/swamp?utm_source=api"
"Swamp","2002-10-07","ons","Onslaught","341","https://scryfall.com/card/ons/341/swamp?utm_source=api"
"Swamp","2002-10-07","ons","Onslaught","342","https://scryfall.com/card/ons/342/swamp?utm_source=api"
"Mountain","2002-10-07","ons","Onslaught","343","https://scryfall.com/card/ons/343/mountain?utm_source=api"
"Mountain","2002-10-07","ons","Onslaught","344","https://scryfall.com/card/ons/344/mountain?utm_source=api"
"Mountain","2002-10-07","ons","Onslaught","345","https://scryfall.com/card/ons/345/mountain?utm_source=api"
"Mountain","2002-10-07","ons","Onslaught","346","https://scryfall.com/card/ons/346/mountain?utm_source=api"
"Forest","2002-10-07","ons","Onslaught","347","https://scryfall.com/card/ons/347/forest?utm_source=api"
"Forest","2002-10-07","ons","Onslaught","348","https://scryfall.com/card/ons/348/forest?utm_source=api"
"Forest","2002-10-07","ons","Onslaught","349","https://scryfall.com/card/ons/349/forest?utm_source=api"
"Forest","2002-10-07","ons","Onslaught","350","https://scryfall.com/card/ons/350/forest?utm_source=api"
"Plains","2003-01-01","pal03","Arena League 2003","1","https://scryfall.com/card/pal03/1/plains?utm_source=api"
"Island","2003-01-01","pal03","Arena League 2003","2","https://scryfall.com/card/pal03/2/island?utm_source=api"
"Swamp","2003-01-01","pal03","Arena League 2003","3","https://scryfall.com/card/pal03/3/swamp?utm_source=api"
"Mountain","2003-01-01","pal03","Arena League 2003","4","https://scryfall.com/card/pal03/4/mountain?utm_source=api"
"Forest","2003-01-01","pal03","Arena League 2003","5","https://scryfall.com/card/pal03/5/forest?utm_source=api"
"Plains","2003-07-28","8ed","Eighth Edition","331","https://scryfall.com/card/8ed/331/plains?utm_source=api"
"Plains","2003-07-28","8ed","Eighth Edition","331★","https://scryfall.com/card/8ed/331%E2%98%85/plains?utm_source=api"
"Plains","2003-07-28","8ed","Eighth Edition","332","https://scryfall.com/card/8ed/332/plains?utm_source=api"
"Plains","2003-07-28","8ed","Eighth Edition","332★","https://scryfall.com/card/8ed/332%E2%98%85/plains?utm_source=api"
"Plains","2003-07-28","8ed","Eighth Edition","333","https://scryfall.com/card/8ed/333/plains?utm_source=api"
"Plains","2003-07-28","8ed","Eighth Edition","333★","https://scryfall.com/card/8ed/333%E2%98%85/plains?utm_source=api"
"Plains","2003-07-28","8ed","Eighth Edition","334","https://scryfall.com/card/8ed/334/plains?utm_source=api"
"Plains","2003-07-28","8ed","Eighth Edition","334★","https://scryfall.com/card/8ed/334%E2%98%85/plains?utm_source=api"
"Island","2003-07-28","8ed","Eighth Edition","335","https://scryfall.com/card/8ed/335/island?utm_source=api"
"Island","2003-07-28","8ed","Eighth Edition","335★","https://scryfall.com/card/8ed/335%E2%98%85/island?utm_source=api"
"Island","2003-07-28","8ed","Eighth Edition","336","https://scryfall.com/card/8ed/336/island?utm_source=api"
"Island","2003-07-28","8ed","Eighth Edition","336★","https://scryfall.com/card/8ed/336%E2%98%85/island?utm_source=api"
"Island","2003-07-28","8ed","Eighth Edition","337","https://scryfall.com/card/8ed/337/island?utm_source=api"
"Island","2003-07-28","8ed","Eighth Edition","337★","https://scryfall.com/card/8ed/337%E2%98%85/island?utm_source=api"
"Island","2003-07-28","8ed","Eighth Edition","338","https://scryfall.com/card/8ed/338/island?utm_source=api"
"Island","2003-07-28","8ed","Eighth Edition","338★","https://scryfall.com/card/8ed/338%E2%98%85/island?utm_source=api"
"Swamp","2003-07-28","8ed","Eighth Edition","339","https://scryfall.com/card/8ed/339/swamp?utm_source=api"
"Swamp","2003-07-28","8ed","Eighth Edition","339★","https://scryfall.com/card/8ed/339%E2%98%85/swamp?utm_source=api"
"Swamp","2003-07-28","8ed","Eighth Edition","340","https://scryfall.com/card/8ed/340/swamp?utm_source=api"
"Swamp","2003-07-28","8ed","Eighth Edition","340★","https://scryfall.com/card/8ed/340%E2%98%85/swamp?utm_source=api"
"Swamp","2003-07-28","8ed","Eighth Edition","341","https://scryfall.com/card/8ed/341/swamp?utm_source=api"
"Swamp","2003-07-28","8ed","Eighth Edition","341★","https://scryfall.com/card/8ed/341%E2%98%85/swamp?utm_source=api"
"Swamp","2003-07-28","8ed","Eighth Edition","342","https://scryfall.com/card/8ed/342/swamp?utm_source=api"
"Swamp","2003-07-28","8ed","Eighth Edition","342★","https://scryfall.com/card/8ed/342%E2%98%85/swamp?utm_source=api"
"Mountain","2003-07-28","8ed","Eighth Edition","343","https://scryfall.com/card/8ed/343/mountain?utm_source=api"
"Mountain","2003-07-28","8ed","Eighth Edition","343★","https://scryfall.com/card/8ed/343%E2%98%85/mountain?utm_source=api"
"Mountain","2003-07-28","8ed","Eighth Edition","344","https://scryfall.com/card/8ed/344/mountain?utm_source=api"
"Mountain","2003-07-28","8ed","Eighth Edition","344★","https://scryfall.com/card/8ed/344%E2%98%85/mountain?utm_source=api"
"Mountain","2003-07-28","8ed","Eighth Edition","345","https://scryfall.com/card/8ed/345/mountain?utm_source=api"
"Mountain","2003-07-28","8ed","Eighth Edition","345★","https://scryfall.com/card/8ed/345%E2%98%85/mountain?utm_source=api"
"Mountain","2003-07-28","8ed","Eighth Edition","346","https://scryfall.com/card/8ed/346/mountain?utm_source=api"
"Mountain","2003-07-28","8ed","Eighth Edition","346★","https://scryfall.com/card/8ed/346%E2%98%85/mountain?utm_source=api"
"Forest","2003-07-28","8ed","Eighth Edition","347","https://scryfall.com/card/8ed/347/forest?utm_source=api"
"Forest","2003-07-28","8ed","Eighth Edition","347★","https://scryfall.com/card/8ed/347%E2%98%85/forest?utm_source=api"
"Forest","2003-07-28","8ed","Eighth Edition","348","https://scryfall.com/card/8ed/348/forest?utm_source=api"
"Forest","2003-07-28","8ed","Eighth Edition","348★","https://scryfall.com/card/8ed/348%E2%98%85/forest?utm_source=api"
"Forest","2003-07-28","8ed","Eighth Edition","349","https://scryfall.com/card/8ed/349/forest?utm_source=api"
"Forest","2003-07-28","8ed","Eighth Edition","349★","https://scryfall.com/card/8ed/349%E2%98%85/forest?utm_source=api"
"Forest","2003-07-28","8ed","Eighth Edition","350","https://scryfall.com/card/8ed/350/forest?utm_source=api"
"Forest","2003-07-28","8ed","Eighth Edition","350★","https://scryfall.com/card/8ed/350%E2%98%85/forest?utm_source=api"
"Plains","2003-10-02","mrd","Mirrodin","287","https://scryfall.com/card/mrd/287/plains?utm_source=api"
"Plains","2003-10-02","mrd","Mirrodin","288","https://scryfall.com/card/mrd/288/plains?utm_source=api"
"Plains","2003-10-02","mrd","Mirrodin","289","https://scryfall.com/card/mrd/289/plains?utm_source=api"
"Plains","2003-10-02","mrd","Mirrodin","290","https://scryfall.com/card/mrd/290/plains?utm_source=api"
"Island","2003-10-02","mrd","Mirrodin","291","https://scryfall.com/card/mrd/291/island?utm_source=api"
"Island","2003-10-02","mrd","Mirrodin","292","https://scryfall.com/card/mrd/292/island?utm_source=api"
"Island","2003-10-02","mrd","Mirrodin","293","https://scryfall.com/card/mrd/293/island?utm_source=api"
"Island","2003-10-02","mrd","Mirrodin","294","https://scryfall.com/card/mrd/294/island?utm_source=api"
"Swamp","2003-10-02","mrd","Mirrodin","295","https://scryfall.com/card/mrd/295/swamp?utm_source=api"
"Swamp","2003-10-02","mrd","Mirrodin","296","https://scryfall.com/card/mrd/296/swamp?utm_source=api"
"Swamp","2003-10-02","mrd","Mirrodin","297","https://scryfall.com/card/mrd/297/swamp?utm_source=api"
"Swamp","2003-10-02","mrd","Mirrodin","298","https://scryfall.com/card/mrd/298/swamp?utm_source=api"
"Mountain","2003-10-02","mrd","Mirrodin","299","https://scryfall.com/card/mrd/299/mountain?utm_source=api"
"Mountain","2003-10-02","mrd","Mirrodin","300","https://scryfall.com/card/mrd/300/mountain?utm_source=api"
"Mountain","2003-10-02","mrd","Mirrodin","301","https://scryfall.com/card/mrd/301/mountain?utm_source=api"
"Mountain","2003-10-02","mrd","Mirrodin","302","https://scryfall.com/card/mrd/302/mountain?utm_source=api"
"Forest","2003-10-02","mrd","Mirrodin","303","https://scryfall.com/card/mrd/303/forest?utm_source=api"
"Forest","2003-10-02","mrd","Mirrodin","304","https://scryfall.com/card/mrd/304/forest?utm_source=api"
"Forest","2003-10-02","mrd","Mirrodin","305","https://scryfall.com/card/mrd/305/forest?utm_source=api"
"Forest","2003-10-02","mrd","Mirrodin","306","https://scryfall.com/card/mrd/306/forest?utm_source=api"
"Plains","2004-01-01","pal04","Arena League 2004","1","https://scryfall.com/card/pal04/1/plains?utm_source=api"
"Island","2004-01-01","pal04","Arena League 2004","2","https://scryfall.com/card/pal04/2/island?utm_source=api"
"Swamp","2004-01-01","pal04","Arena League 2004","3","https://scryfall.com/card/pal04/3/swamp?utm_source=api"
"Mountain","2004-01-01","pal04","Arena League 2004","4","https://scryfall.com/card/pal04/4/mountain?utm_source=api"
"Forest","2004-01-01","pal04","Arena League 2004","5","https://scryfall.com/card/pal04/5/forest?utm_source=api"
"Plains","2004-10-01","chk","Champions of Kamigawa","287","https://scryfall.com/card/chk/287/plains?utm_source=api"
"Plains","2004-10-01","chk","Champions of Kamigawa","288","https://scryfall.com/card/chk/288/plains?utm_source=api"
"Plains","2004-10-01","chk","Champions of Kamigawa","289","https://scryfall.com/card/chk/289/plains?utm_source=api"
"Plains","2004-10-01","chk","Champions of Kamigawa","290","https://scryfall.com/card/chk/290/plains?utm_source=api"
"Island","2004-10-01","chk","Champions of Kamigawa","291","https://scryfall.com/card/chk/291/island?utm_source=api"
"Island","2004-10-01","chk","Champions of Kamigawa","292","https://scryfall.com/card/chk/292/island?utm_source=api"
"Island","2004-10-01","chk","Champions of Kamigawa","293","https://scryfall.com/card/chk/293/island?utm_source=api"
"Island","2004-10-01","chk","Champions of Kamigawa","294","https://scryfall.com/card/chk/294/island?utm_source=api"
"Swamp","2004-10-01","chk","Champions of Kamigawa","295","https://scryfall.com/card/chk/295/swamp?utm_source=api"
"Swamp","2004-10-01","chk","Champions of Kamigawa","296","https://scryfall.com/card/chk/296/swamp?utm_source=api"
"Swamp","2004-10-01","chk","Champions of Kamigawa","297","https://scryfall.com/card/chk/297/swamp?utm_source=api"
"Swamp","2004-10-01","chk","Champions of Kamigawa","298","https://scryfall.com/card/chk/298/swamp?utm_source=api"
"Mountain","2004-10-01","chk","Champions of Kamigawa","299","https://scryfall.com/card/chk/299/mountain?utm_source=api"
"Mountain","2004-10-01","chk","Champions of Kamigawa","300","https://scryfall.com/card/chk/300/mountain?utm_source=api"
"Mountain","2004-10-01","chk","Champions of Kamigawa","301","https://scryfall.com/card/chk/301/mountain?utm_source=api"
"Mountain","2004-10-01","chk","Champions of Kamigawa","302","https://scryfall.com/card/chk/302/mountain?utm_source=api"
"Forest","2004-10-01","chk","Champions of Kamigawa","303","https://scryfall.com/card/chk/303/forest?utm_source=api"
"Forest","2004-10-01","chk","Champions of Kamigawa","304","https://scryfall.com/card/chk/304/forest?utm_source=api"
"Forest","2004-10-01","chk","Champions of Kamigawa","305","https://scryfall.com/card/chk/305/forest?utm_source=api"
"Forest","2004-10-01","chk","Champions of Kamigawa","306","https://scryfall.com/card/chk/306/forest?utm_source=api"
"Plains","2004-11-19","unh","Unhinged","136","https://scryfall.com/card/unh/136/plains?utm_source=api"
"Island","2004-11-19","unh","Unhinged","137","https://scryfall.com/card/unh/137/island?utm_source=api"
"Swamp","2004-11-19","unh","Unhinged","138","https://scryfall.com/card/unh/138/swamp?utm_source=api"
"Mountain","2004-11-19","unh","Unhinged","139","https://scryfall.com/card/unh/139/mountain?utm_source=api"
"Forest","2004-11-19","unh","Unhinged","140","https://scryfall.com/card/unh/140/forest?utm_source=api"
"Plains","2005-01-01","pal05","Arena League 2005","1","https://scryfall.com/card/pal05/1/plains?utm_source=api"
"Island","2005-01-01","pal05","Arena League 2005","2","https://scryfall.com/card/pal05/2/island?utm_source=api"
"Swamp","2005-01-01","pal05","Arena League 2005","3","https://scryfall.com/card/pal05/3/swamp?utm_source=api"
"Mountain","2005-01-01","pal05","Arena League 2005","4","https://scryfall.com/card/pal05/4/mountain?utm_source=api"
"Forest","2005-01-01","pal05","Arena League 2005","5","https://scryfall.com/card/pal05/5/forest?utm_source=api"
"Plains","2005-07-29","9ed","Ninth Edition","331","https://scryfall.com/card/9ed/331/plains?utm_source=api"
"Plains","2005-07-29","9ed","Ninth Edition","331★","https://scryfall.com/card/9ed/331%E2%98%85/plains?utm_source=api"
"Plains","2005-07-29","9ed","Ninth Edition","332","https://scryfall.com/card/9ed/332/plains?utm_source=api"
"Plains","2005-07-29","9ed","Ninth Edition","332★","https://scryfall.com/card/9ed/332%E2%98%85/plains?utm_source=api"
"Plains","2005-07-29","9ed","Ninth Edition","333","https://scryfall.com/card/9ed/333/plains?utm_source=api"
"Plains","2005-07-29","9ed","Ninth Edition","333★","https://scryfall.com/card/9ed/333%E2%98%85/plains?utm_source=api"
"Plains","2005-07-29","9ed","Ninth Edition","334","https://scryfall.com/card/9ed/334/plains?utm_source=api"
"Plains","2005-07-29","9ed","Ninth Edition","334★","https://scryfall.com/card/9ed/334%E2%98%85/plains?utm_source=api"
"Island","2005-07-29","9ed","Ninth Edition","335","https://scryfall.com/card/9ed/335/island?utm_source=api"
"Island","2005-07-29","9ed","Ninth Edition","335★","https://scryfall.com/card/9ed/335%E2%98%85/island?utm_source=api"
"Island","2005-07-29","9ed","Ninth Edition","336","https://scryfall.com/card/9ed/336/island?utm_source=api"
"Island","2005-07-29","9ed","Ninth Edition","336★","https://scryfall.com/card/9ed/336%E2%98%85/island?utm_source=api"
"Island","2005-07-29","9ed","Ninth Edition","337","https://scryfall.com/card/9ed/337/island?utm_source=api"
"Island","2005-07-29","9ed","Ninth Edition","337★","https://scryfall.com/card/9ed/337%E2%98%85/island?utm_source=api"
"Island","2005-07-29","9ed","Ninth Edition","338","https://scryfall.com/card/9ed/338/island?utm_source=api"
"Island","2005-07-29","9ed","Ninth Edition","338★","https://scryfall.com/card/9ed/338%E2%98%85/island?utm_source=api"
"Swamp","2005-07-29","9ed","Ninth Edition","339","https://scryfall.com/card/9ed/339/swamp?utm_source=api"
"Swamp","2005-07-29","9ed","Ninth Edition","339★","https://scryfall.com/card/9ed/339%E2%98%85/swamp?utm_source=api"
"Swamp","2005-07-29","9ed","Ninth Edition","340","https://scryfall.com/card/9ed/340/swamp?utm_source=api"
"Swamp","2005-07-29","9ed","Ninth Edition","340★","https://scryfall.com/card/9ed/340%E2%98%85/swamp?utm_source=api"
"Swamp","2005-07-29","9ed","Ninth Edition","341","https://scryfall.com/card/9ed/341/swamp?utm_source=api"
"Swamp","2005-07-29","9ed","Ninth Edition","341★","https://scryfall.com/card/9ed/341%E2%98%85/swamp?utm_source=api"
"Swamp","2005-07-29","9ed","Ninth Edition","342","https://scryfall.com/card/9ed/342/swamp?utm_source=api"
"Swamp","2005-07-29","9ed","Ninth Edition","342★","https://scryfall.com/card/9ed/342%E2%98%85/swamp?utm_source=api"
"Mountain","2005-07-29","9ed","Ninth Edition","343","https://scryfall.com/card/9ed/343/mountain?utm_source=api"
"Mountain","2005-07-29","9ed","Ninth Edition","343★","https://scryfall.com/card/9ed/343%E2%98%85/mountain?utm_source=api"
"Mountain","2005-07-29","9ed","Ninth Edition","344","https://scryfall.com/card/9ed/344/mountain?utm_source=api"
"Mountain","2005-07-29","9ed","Ninth Edition","344★","https://scryfall.com/card/9ed/344%E2%98%85/mountain?utm_source=api"
"Mountain","2005-07-29","9ed","Ninth Edition","345","https://scryfall.com/card/9ed/345/mountain?utm_source=api"
"Mountain","2005-07-29","9ed","Ninth Edition","345★","https://scryfall.com/card/9ed/345%E2%98%85/mountain?utm_source=api"
"Mountain","2005-07-29","9ed","Ninth Edition","346","https://scryfall.com/card/9ed/346/mountain?utm_source=api"
"Mountain","2005-07-29","9ed","Ninth Edition","346★","https://scryfall.com/card/9ed/346%E2%98%85/mountain?utm_source=api"
"Forest","2005-07-29","9ed","Ninth Edition","347","https://scryfall.com/card/9ed/347/forest?utm_source=api"
"Forest","2005-07-29","9ed","Ninth Edition","347★","https://scryfall.com/card/9ed/347%E2%98%85/forest?utm_source=api"
"Forest","2005-07-29","9ed","Ninth Edition","348","https://scryfall.com/card/9ed/348/forest?utm_source=api"
"Forest","2005-07-29","9ed","Ninth Edition","348★","https://scryfall.com/card/9ed/348%E2%98%85/forest?utm_source=api"
"Forest","2005-07-29","9ed","Ninth Edition","349","https://scryfall.com/card/9ed/349/forest?utm_source=api"
"Forest","2005-07-29","9ed","Ninth Edition","349★","https://scryfall.com/card/9ed/349%E2%98%85/forest?utm_source=api"
"Forest","2005-07-29","9ed","Ninth Edition","350","https://scryfall.com/card/9ed/350/forest?utm_source=api"
"Forest","2005-07-29","9ed","Ninth Edition","350★","https://scryfall.com/card/9ed/350%E2%98%85/forest?utm_source=api"
"Swamp","2005-08-22","psal","Salvat 2005","A10","https://scryfall.com/card/psal/A10/es/pantano-(swamp)?utm_source=api"
"Swamp","2005-08-22","psal","Salvat 2005","A11","https://scryfall.com/card/psal/A11/es/pantano-(swamp)?utm_source=api"
"Swamp","2005-08-22","psal","Salvat 2005","A12","https://scryfall.com/card/psal/A12/es/pantano-(swamp)?utm_source=api"
"Swamp","2005-08-22","psal","Salvat 2005","A20","https://scryfall.com/card/psal/A20/es/pantano-(swamp)?utm_source=api"
"Swamp","2005-08-22","psal","Salvat 2005","A21","https://scryfall.com/card/psal/A21/es/pantano-(swamp)?utm_source=api"
"Swamp","2005-08-22","psal","Salvat 2005","A22","https://scryfall.com/card/psal/A22/es/pantano-(swamp)?utm_source=api"
"Swamp","2005-08-22","psal","Salvat 2005","A23","https://scryfall.com/card/psal/A23/es/pantano-(swamp)?utm_source=api"
"Swamp","2005-08-22","psal","Salvat 2005","A24","https://scryfall.com/card/psal/A24/es/pantano-(swamp)?utm_source=api"
"Swamp","2005-08-22","psal","Salvat 2005","A32","https://scryfall.com/card/psal/A32/es/pantano-(swamp)?utm_source=api"
"Swamp","2005-08-22","psal","Salvat 2005","A33","https://scryfall.com/card/psal/A33/es/pantano-(swamp)?utm_source=api"
"Swamp","2005-08-22","psal","Salvat 2005","A34","https://scryfall.com/card/psal/A34/es/pantano-(swamp)?utm_source=api"
"Swamp","2005-08-22","psal","Salvat 2005","A35","https://scryfall.com/card/psal/A35/es/pantano-(swamp)?utm_source=api"
"Swamp","2005-08-22","psal","Salvat 2005","A36","https://scryfall.com/card/psal/A36/es/pantano-(swamp)?utm_source=api"
"Swamp","2005-08-22","psal","Salvat 2005","A45","https://scryfall.com/card/psal/A45/es/pantano-(swamp)?utm_source=api"
"Swamp","2005-08-22","psal","Salvat 2005","A46","https://scryfall.com/card/psal/A46/es/pantano-(swamp)?utm_source=api"
"Swamp","2005-08-22","psal","Salvat 2005","A47","https://scryfall.com/card/psal/A47/es/pantano-(swamp)?utm_source=api"
"Swamp","2005-08-22","psal","Salvat 2005","A48","https://scryfall.com/card/psal/A48/es/pantano-(swamp)?utm_source=api"
"Swamp","2005-08-22","psal","Salvat 2005","A56","https://scryfall.com/card/psal/A56/es/pantano-(swamp)?utm_source=api"
"Swamp","2005-08-22","psal","Salvat 2005","A57","https://scryfall.com/card/psal/A57/es/pantano-(swamp)?utm_source=api"
"Swamp","2005-08-22","psal","Salvat 2005","A58","https://scryfall.com/card/psal/A58/es/pantano-(swamp)?utm_source=api"
"Swamp","2005-08-22","psal","Salvat 2005","A59","https://scryfall.com/card/psal/A59/es/pantano-(swamp)?utm_source=api"
"Swamp","2005-08-22","psal","Salvat 2005","A60","https://scryfall.com/card/psal/A60/es/pantano-(swamp)?utm_source=api"
"Swamp","2005-08-22","psal","Salvat 2005","A8","https://scryfall.com/card/psal/A8/es/pantano-(swamp)?utm_source=api"
"Swamp","2005-08-22","psal","Salvat 2005","A9","https://scryfall.com/card/psal/A9/es/pantano-(swamp)?utm_source=api"
"Forest","2005-08-22","psal","Salvat 2005","B10","https://scryfall.com/card/psal/B10/es/bosque-(forest)?utm_source=api"
"Forest","2005-08-22","psal","Salvat 2005","B11","https://scryfall.com/card/psal/B11/es/bosque-(forest)?utm_source=api"
"Forest","2005-08-22","psal","Salvat 2005","B12","https://scryfall.com/card/psal/B12/es/bosque-(forest)?utm_source=api"
"Forest","2005-08-22","psal","Salvat 2005","B20","https://scryfall.com/card/psal/B20/es/bosque-(forest)?utm_source=api"
"Forest","2005-08-22","psal","Salvat 2005","B21","https://scryfall.com/card/psal/B21/es/bosque-(forest)?utm_source=api"
"Forest","2005-08-22","psal","Salvat 2005","B22","https://scryfall.com/card/psal/B22/es/bosque-(forest)?utm_source=api"
"Forest","2005-08-22","psal","Salvat 2005","B23","https://scryfall.com/card/psal/B23/es/bosque-(forest)?utm_source=api"
"Forest","2005-08-22","psal","Salvat 2005","B24","https://scryfall.com/card/psal/B24/es/bosque-(forest)?utm_source=api"
"Forest","2005-08-22","psal","Salvat 2005","B33","https://scryfall.com/card/psal/B33/es/bosque-(forest)?utm_source=api"
"Forest","2005-08-22","psal","Salvat 2005","B34","https://scryfall.com/card/psal/B34/es/bosque-(forest)?utm_source=api"
"Forest","2005-08-22","psal","Salvat 2005","B35","https://scryfall.com/card/psal/B35/es/bosque-(forest)?utm_source=api"
"Forest","2005-08-22","psal","Salvat 2005","B36","https://scryfall.com/card/psal/B36/es/bosque-(forest)?utm_source=api"
"Forest","2005-08-22","psal","Salvat 2005","B45","https://scryfall.com/card/psal/B45/es/bosque-(forest)?utm_source=api"
"Forest","2005-08-22","psal","Salvat 2005","B46","https://scryfall.com/card/psal/B46/es/bosque-(forest)?utm_source=api"
"Forest","2005-08-22","psal","Salvat 2005","B47","https://scryfall.com/card/psal/B47/es/bosque-(forest)?utm_source=api"
"Forest","2005-08-22","psal","Salvat 2005","B48","https://scryfall.com/card/psal/B48/es/bosque-(forest)?utm_source=api"
"Forest","2005-08-22","psal","Salvat 2005","B56","https://scryfall.com/card/psal/B56/es/bosque-(forest)?utm_source=api"
"Forest","2005-08-22","psal","Salvat 2005","B57","https://scryfall.com/card/psal/B57/es/bosque-(forest)?utm_source=api"
"Forest","2005-08-22","psal","Salvat 2005","B58","https://scryfall.com/card/psal/B58/es/bosque-(forest)?utm_source=api"
"Forest","2005-08-22","psal","Salvat 2005","B59","https://scryfall.com/card/psal/B59/es/bosque-(forest)?utm_source=api"
"Forest","2005-08-22","psal","Salvat 2005","B60","https://scryfall.com/card/psal/B60/es/bosque-(forest)?utm_source=api"
"Forest","2005-08-22","psal","Salvat 2005","B8","https://scryfall.com/card/psal/B8/es/bosque-(forest)?utm_source=api"
"Forest","2005-08-22","psal","Salvat 2005","B9","https://scryfall.com/card/psal/B9/es/bosque-(forest)?utm_source=api"
"Plains","2005-08-22","psal","Salvat 2005","C10","https://scryfall.com/card/psal/C10/es/llanura-(plains)?utm_source=api"
"Mountain","2005-08-22","psal","Salvat 2005","C11","https://scryfall.com/card/psal/C11/es/monta%C3%B1a-(mountain)?utm_source=api"
"Mountain","2005-08-22","psal","Salvat 2005","C12","https://scryfall.com/card/psal/C12/es/monta%C3%B1a-(mountain)?utm_source=api"
"Plains","2005-08-22","psal","Salvat 2005","C20","https://scryfall.com/card/psal/C20/es/llanura-(plains)?utm_source=api"
"Plains","2005-08-22","psal","Salvat 2005","C21","https://scryfall.com/card/psal/C21/es/llanura-(plains)?utm_source=api"
"Mountain","2005-08-22","psal","Salvat 2005","C22","https://scryfall.com/card/psal/C22/es/monta%C3%B1a-(mountain)?utm_source=api"
"Mountain","2005-08-22","psal","Salvat 2005","C23","https://scryfall.com/card/psal/C23/es/monta%C3%B1a-(mountain)?utm_source=api"
"Mountain","2005-08-22","psal","Salvat 2005","C24","https://scryfall.com/card/psal/C24/es/monta%C3%B1a-(mountain)?utm_source=api"
"Plains","2005-08-22","psal","Salvat 2005","C33","https://scryfall.com/card/psal/C33/es/llanura-(plains)?utm_source=api"
"Plains","2005-08-22","psal","Salvat 2005","C34","https://scryfall.com/card/psal/C34/es/llanura-(plains)?utm_source=api"
"Mountain","2005-08-22","psal","Salvat 2005","C35","https://scryfall.com/card/psal/C35/es/monta%C3%B1a-(mountain)?utm_source=api"
"Mountain","2005-08-22","psal","Salvat 2005","C36","https://scryfall.com/card/psal/C36/es/monta%C3%B1a-(mountain)?utm_source=api"
"Plains","2005-08-22","psal","Salvat 2005","C44","https://scryfall.com/card/psal/C44/es/llanura-(plains)?utm_source=api"
"Plains","2005-08-22","psal","Salvat 2005","C45","https://scryfall.com/card/psal/C45/es/llanura-(plains)?utm_source=api"
"Plains","2005-08-22","psal","Salvat 2005","C46","https://scryfall.com/card/psal/C46/es/llanura-(plains)?utm_source=api"
"Mountain","2005-08-22","psal","Salvat 2005","C47","https://scryfall.com/card/psal/C47/es/monta%C3%B1a-(mountain)?utm_source=api"
"Mountain","2005-08-22","psal","Salvat 2005","C48","https://scryfall.com/card/psal/C48/es/monta%C3%B1a-(mountain)?utm_source=api"
"Plains","2005-08-22","psal","Salvat 2005","C56","https://scryfall.com/card/psal/C56/es/llanura-(plains)?utm_source=api"
"Plains","2005-08-22","psal","Salvat 2005","C57","https://scryfall.com/card/psal/C57/es/llanura-(plains)?utm_source=api"
"Mountain","2005-08-22","psal","Salvat 2005","C58","https://scryfall.com/card/psal/C58/es/monta%C3%B1a-(mountain)?utm_source=api"
"Mountain","2005-08-22","psal","Salvat 2005","C59","https://scryfall.com/card/psal/C59/es/monta%C3%B1a-(mountain)?utm_source=api"
"Mountain","2005-08-22","psal","Salvat 2005","C60","https://scryfall.com/card/psal/C60/es/monta%C3%B1a-(mountain)?utm_source=api"
"Plains","2005-08-22","psal","Salvat 2005","C8","https://scryfall.com/card/psal/C8/es/llanura-(plains)?utm_source=api"
"Plains","2005-08-22","psal","Salvat 2005","C9","https://scryfall.com/card/psal/C9/es/llanura-(plains)?utm_source=api"
"Mountain","2005-08-22","psal","Salvat 2005","D10","https://scryfall.com/card/psal/D10/es/monta%C3%B1a-(mountain)?utm_source=api"
"Forest","2005-08-22","psal","Salvat 2005","D11","https://scryfall.com/card/psal/D11/es/bosque-(forest)?utm_source=api"
"Forest","2005-08-22","psal","Salvat 2005","D12","https://scryfall.com/card/psal/D12/es/bosque-(forest)?utm_source=api"
"Mountain","2005-08-22","psal","Salvat 2005","D21","https://scryfall.com/card/psal/D21/es/monta%C3%B1a-(mountain)?utm_source=api"
"Mountain","2005-08-22","psal","Salvat 2005","D22","https://scryfall.com/card/psal/D22/es/monta%C3%B1a-(mountain)?utm_source=api"
"Forest","2005-08-22","psal","Salvat 2005","D23","https://scryfall.com/card/psal/D23/es/bosque-(forest)?utm_source=api"
"Forest","2005-08-22","psal","Salvat 2005","D24","https://scryfall.com/card/psal/D24/es/bosque-(forest)?utm_source=api"
"Swamp","2005-08-22","psal","Salvat 2005","D33","https://scryfall.com/card/psal/D33/es/pantano-(swamp)?utm_source=api"
"Swamp","2005-08-22","psal","Salvat 2005","D34","https://scryfall.com/card/psal/D34/es/pantano-(swamp)?utm_source=api"
"Swamp","2005-08-22","psal","Salvat 2005","D35","https://scryfall.com/card/psal/D35/es/pantano-(swamp)?utm_source=api"
"Swamp","2005-08-22","psal","Salvat 2005","D36","https://scryfall.com/card/psal/D36/es/pantano-(swamp)?utm_source=api"
"Swamp","2005-08-22","psal","Salvat 2005","D45","https://scryfall.com/card/psal/D45/es/pantano-(swamp)?utm_source=api"
"Swamp","2005-08-22","psal","Salvat 2005","D46","https://scryfall.com/card/psal/D46/es/pantano-(swamp)?utm_source=api"
"Mountain","2005-08-22","psal","Salvat 2005","D47","https://scryfall.com/card/psal/D47/es/monta%C3%B1a-(mountain)?utm_source=api"
"Forest","2005-08-22","psal","Salvat 2005","D48","https://scryfall.com/card/psal/D48/es/bosque-(forest)?utm_source=api"
"Swamp","2005-08-22","psal","Salvat 2005","D56","https://scryfall.com/card/psal/D56/es/pantano-(swamp)?utm_source=api"
"Mountain","2005-08-22","psal","Salvat 2005","D57","https://scryfall.com/card/psal/D57/es/monta%C3%B1a-(mountain)?utm_source=api"
"Mountain","2005-08-22","psal","Salvat 2005","D58","https://scryfall.com/card/psal/D58/es/monta%C3%B1a-(mountain)?utm_source=api"
"Forest","2005-08-22","psal","Salvat 2005","D59","https://scryfall.com/card/psal/D59/es/bosque-(forest)?utm_source=api"
"Forest","2005-08-22","psal","Salvat 2005","D60","https://scryfall.com/card/psal/D60/es/bosque-(forest)?utm_source=api"
"Mountain","2005-08-22","psal","Salvat 2005","D9","https://scryfall.com/card/psal/D9/es/monta%C3%B1a-(mountain)?utm_source=api"
"Island","2005-08-22","psal","Salvat 2005","E10","https://scryfall.com/card/psal/E10/es/isla-(island)?utm_source=api"
"Swamp","2005-08-22","psal","Salvat 2005","E11","https://scryfall.com/card/psal/E11/es/pantano-(swamp)?utm_source=api"
"Swamp","2005-08-22","psal","Salvat 2005","E12","https://scryfall.com/card/psal/E12/es/pantano-(swamp)?utm_source=api"
"Island","2005-08-22","psal","Salvat 2005","E20","https://scryfall.com/card/psal/E20/es/isla-(island)?utm_source=api"
"Island","2005-08-22","psal","Salvat 2005","E21","https://scryfall.com/card/psal/E21/es/isla-(island)?utm_source=api"
"Swamp","2005-08-22","psal","Salvat 2005","E22","https://scryfall.com/card/psal/E22/es/pantano-(swamp)?utm_source=api"
"Swamp","2005-08-22","psal","Salvat 2005","E23","https://scryfall.com/card/psal/E23/es/pantano-(swamp)?utm_source=api"
"Swamp","2005-08-22","psal","Salvat 2005","E24","https://scryfall.com/card/psal/E24/es/pantano-(swamp)?utm_source=api"
"Island","2005-08-22","psal","Salvat 2005","E32","https://scryfall.com/card/psal/E32/es/isla-(island)?utm_source=api"
"Island","2005-08-22","psal","Salvat 2005","E33","https://scryfall.com/card/psal/E33/es/isla-(island)?utm_source=api"
"Island","2005-08-22","psal","Salvat 2005","E34","https://scryfall.com/card/psal/E34/es/isla-(island)?utm_source=api"
"Swamp","2005-08-22","psal","Salvat 2005","E35","https://scryfall.com/card/psal/E35/es/pantano-(swamp)?utm_source=api"
"Swamp","2005-08-22","psal","Salvat 2005","E36","https://scryfall.com/card/psal/E36/es/pantano-(swamp)?utm_source=api"
"Island","2005-08-22","psal","Salvat 2005","E45","https://scryfall.com/card/psal/E45/es/isla-(island)?utm_source=api"
"Island","2005-08-22","psal","Salvat 2005","E46","https://scryfall.com/card/psal/E46/es/isla-(island)?utm_source=api"
"Swamp","2005-08-22","psal","Salvat 2005","E47","https://scryfall.com/card/psal/E47/es/pantano-(swamp)?utm_source=api"
"Swamp","2005-08-22","psal","Salvat 2005","E48","https://scryfall.com/card/psal/E48/es/pantano-(swamp)?utm_source=api"
"Island","2005-08-22","psal","Salvat 2005","E56","https://scryfall.com/card/psal/E56/es/isla-(island)?utm_source=api"
"Island","2005-08-22","psal","Salvat 2005","E57","https://scryfall.com/card/psal/E57/es/isla-(island)?utm_source=api"
"Island","2005-08-22","psal","Salvat 2005","E58","https://scryfall.com/card/psal/E58/es/isla-(island)?utm_source=api"
"Swamp","2005-08-22","psal","Salvat 2005","E59","https://scryfall.com/card/psal/E59/es/pantano-(swamp)?utm_source=api"
"Swamp","2005-08-22","psal","Salvat 2005","E60","https://scryfall.com/card/psal/E60/es/pantano-(swamp)?utm_source=api"
"Island","2005-08-22","psal","Salvat 2005","E8","https://scryfall.com/card/psal/E8/es/isla-(island)?utm_source=api"
"Island","2005-08-22","psal","Salvat 2005","E9","https://scryfall.com/card/psal/E9/es/isla-(island)?utm_source=api"
"Swamp","2005-08-22","psal","Salvat 2005","F10","https://scryfall.com/card/psal/F10/es/pantano-(swamp)?utm_source=api"
"Swamp","2005-08-22","psal","Salvat 2005","F11","https://scryfall.com/card/psal/F11/es/pantano-(swamp)?utm_source=api"
"Swamp","2005-08-22","psal","Salvat 2005","F12","https://scryfall.com/card/psal/F12/es/pantano-(swamp)?utm_source=api"
"Swamp","2005-08-22","psal","Salvat 2005","F20","https://scryfall.com/card/psal/F20/es/pantano-(swamp)?utm_source=api"
"Swamp","2005-08-22","psal","Salvat 2005","F21","https://scryfall.com/card/psal/F21/es/pantano-(swamp)?utm_source=api"
"Swamp","2005-08-22","psal","Salvat 2005","F22","https://scryfall.com/card/psal/F22/es/pantano-(swamp)?utm_source=api"
"Swamp","2005-08-22","psal","Salvat 2005","F23","https://scryfall.com/card/psal/F23/es/pantano-(swamp)?utm_source=api"
"Swamp","2005-08-22","psal","Salvat 2005","F24","https://scryfall.com/card/psal/F24/es/pantano-(swamp)?utm_source=api"
"Swamp","2005-08-22","psal","Salvat 2005","F32","https://scryfall.com/card/psal/F32/es/pantano-(swamp)?utm_source=api"
"Swamp","2005-08-22","psal","Salvat 2005","F33","https://scryfall.com/card/psal/F33/es/pantano-(swamp)?utm_source=api"
"Swamp","2005-08-22","psal","Salvat 2005","F34","https://scryfall.com/card/psal/F34/es/pantano-(swamp)?utm_source=api"
"Swamp","2005-08-22","psal","Salvat 2005","F35","https://scryfall.com/card/psal/F35/es/pantano-(swamp)?utm_source=api"
"Swamp","2005-08-22","psal","Salvat 2005","F36","https://scryfall.com/card/psal/F36/es/pantano-(swamp)?utm_source=api"
"Swamp","2005-08-22","psal","Salvat 2005","F45","https://scryfall.com/card/psal/F45/es/pantano-(swamp)?utm_source=api"
"Swamp","2005-08-22","psal","Salvat 2005","F46","https://scryfall.com/card/psal/F46/es/pantano-(swamp)?utm_source=api"
"Swamp","2005-08-22","psal","Salvat 2005","F47","https://scryfall.com/card/psal/F47/es/pantano-(swamp)?utm_source=api"
"Swamp","2005-08-22","psal","Salvat 2005","F48","https://scryfall.com/card/psal/F48/es/pantano-(swamp)?utm_source=api"
"Swamp","2005-08-22","psal","Salvat 2005","F56","https://scryfall.com/card/psal/F56/es/pantano-(swamp)?utm_source=api"
"Swamp","2005-08-22","psal","Salvat 2005","F57","https://scryfall.com/card/psal/F57/es/pantano-(swamp)?utm_source=api"
"Swamp","2005-08-22","psal","Salvat 2005","F58","https://scryfall.com/card/psal/F58/es/pantano-(swamp)?utm_source=api"
"Swamp","2005-08-22","psal","Salvat 2005","F59","https://scryfall.com/card/psal/F59/es/pantano-(swamp)?utm_source=api"
"Swamp","2005-08-22","psal","Salvat 2005","F60","https://scryfall.com/card/psal/F60/es/pantano-(swamp)?utm_source=api"
"Swamp","2005-08-22","psal","Salvat 2005","F8","https://scryfall.com/card/psal/F8/es/pantano-(swamp)?utm_source=api"
"Swamp","2005-08-22","psal","Salvat 2005","F9","https://scryfall.com/card/psal/F9/es/pantano-(swamp)?utm_source=api"
"Plains","2005-08-22","psal","Salvat 2005","G10","https://scryfall.com/card/psal/G10/es/llanura-(plains)?utm_source=api"
"Island","2005-08-22","psal","Salvat 2005","G11","https://scryfall.com/card/psal/G11/es/isla-(island)?utm_source=api"
"Island","2005-08-22","psal","Salvat 2005","G12","https://scryfall.com/card/psal/G12/es/isla-(island)?utm_source=api"
"Plains","2005-08-22","psal","Salvat 2005","G20","https://scryfall.com/card/psal/G20/es/llanura-(plains)?utm_source=api"
"Plains","2005-08-22","psal","Salvat 2005","G21","https://scryfall.com/card/psal/G21/es/llanura-(plains)?utm_source=api"
"Plains","2005-08-22","psal","Salvat 2005","G22","https://scryfall.com/card/psal/G22/es/llanura-(plains)?utm_source=api"
"Plains","2005-08-22","psal","Salvat 2005","G23","https://scryfall.com/card/psal/G23/es/llanura-(plains)?utm_source=api"
"Island","2005-08-22","psal","Salvat 2005","G24","https://scryfall.com/card/psal/G24/es/isla-(island)?utm_source=api"
"Plains","2005-08-22","psal","Salvat 2005","G32","https://scryfall.com/card/psal/G32/es/llanura-(plains)?utm_source=api"
"Plains","2005-08-22","psal","Salvat 2005","G33","https://scryfall.com/card/psal/G33/es/llanura-(plains)?utm_source=api"
"Plains","2005-08-22","psal","Salvat 2005","G34","https://scryfall.com/card/psal/G34/es/llanura-(plains)?utm_source=api"
"Island","2005-08-22","psal","Salvat 2005","G35","https://scryfall.com/card/psal/G35/es/isla-(island)?utm_source=api"
"Island","2005-08-22","psal","Salvat 2005","G36","https://scryfall.com/card/psal/G36/es/isla-(island)?utm_source=api"
"Plains","2005-08-22","psal","Salvat 2005","G45","https://scryfall.com/card/psal/G45/es/llanura-(plains)?utm_source=api"
"Plains","2005-08-22","psal","Salvat 2005","G46","https://scryfall.com/card/psal/G46/es/llanura-(plains)?utm_source=api"
"Island","2005-08-22","psal","Salvat 2005","G47","https://scryfall.com/card/psal/G47/es/isla-(island)?utm_source=api"
"Island","2005-08-22","psal","Salvat 2005","G48","https://scryfall.com/card/psal/G48/es/isla-(island)?utm_source=api"
"Plains","2005-08-22","psal","Salvat 2005","G56","https://scryfall.com/card/psal/G56/es/llanura-(plains)?utm_source=api"
"Plains","2005-08-22","psal","Salvat 2005","G57","https://scryfall.com/card/psal/G57/es/llanura-(plains)?utm_source=api"
"Plains","2005-08-22","psal","Salvat 2005","G58","https://scryfall.com/card/psal/G58/es/llanura-(plains)?utm_source=api"
"Island","2005-08-22","psal","Salvat 2005","G59","https://scryfall.com/card/psal/G59/es/isla-(island)?utm_source=api"
"Island","2005-08-22","psal","Salvat 2005","G60","https://scryfall.com/card/psal/G60/es/isla-(island)?utm_source=api"
"Plains","2005-08-22","psal","Salvat 2005","G8","https://scryfall.com/card/psal/G8/es/llanura-(plains)?utm_source=api"
"Plains","2005-08-22","psal","Salvat 2005","G9","https://scryfall.com/card/psal/G9/es/llanura-(plains)?utm_source=api"
"Island","2005-08-22","psal","Salvat 2005","H10","https://scryfall.com/card/psal/H10/es/isla-(island)?utm_source=api"
"Island","2005-08-22","psal","Salvat 2005","H11","https://scryfall.com/card/psal/H11/es/isla-(island)?utm_source=api"
"Island","2005-08-22","psal","Salvat 2005","H12","https://scryfall.com/card/psal/H12/es/isla-(island)?utm_source=api"
"Island","2005-08-22","psal","Salvat 2005","H20","https://scryfall.com/card/psal/H20/es/isla-(island)?utm_source=api"
"Island","2005-08-22","psal","Salvat 2005","H21","https://scryfall.com/card/psal/H21/es/isla-(island)?utm_source=api"
"Island","2005-08-22","psal","Salvat 2005","H22","https://scryfall.com/card/psal/H22/es/isla-(island)?utm_source=api"
"Island","2005-08-22","psal","Salvat 2005","H23","https://scryfall.com/card/psal/H23/es/isla-(island)?utm_source=api"
"Island","2005-08-22","psal","Salvat 2005","H24","https://scryfall.com/card/psal/H24/es/isla-(island)?utm_source=api"
"Island","2005-08-22","psal","Salvat 2005","H32","https://scryfall.com/card/psal/H32/es/isla-(island)?utm_source=api"
"Island","2005-08-22","psal","Salvat 2005","H33","https://scryfall.com/card/psal/H33/es/isla-(island)?utm_source=api"
"Island","2005-08-22","psal","Salvat 2005","H34","https://scryfall.com/card/psal/H34/es/isla-(island)?utm_source=api"
"Island","2005-08-22","psal","Salvat 2005","H35","https://scryfall.com/card/psal/H35/es/isla-(island)?utm_source=api"
"Island","2005-08-22","psal","Salvat 2005","H36","https://scryfall.com/card/psal/H36/es/isla-(island)?utm_source=api"
"Island","2005-08-22","psal","Salvat 2005","H45","https://scryfall.com/card/psal/H45/es/isla-(island)?utm_source=api"
"Island","2005-08-22","psal","Salvat 2005","H46","https://scryfall.com/card/psal/H46/es/isla-(island)?utm_source=api"
"Island","2005-08-22","psal","Salvat 2005","H47","https://scryfall.com/card/psal/H47/es/isla-(island)?utm_source=api"
"Island","2005-08-22","psal","Salvat 2005","H48","https://scryfall.com/card/psal/H48/es/isla-(island)?utm_source=api"
"Island","2005-08-22","psal","Salvat 2005","H56","https://scryfall.com/card/psal/H56/es/isla-(island)?utm_source=api"
"Island","2005-08-22","psal","Salvat 2005","H57","https://scryfall.com/card/psal/H57/es/isla-(island)?utm_source=api"
"Island","2005-08-22","psal","Salvat 2005","H58","https://scryfall.com/card/psal/H58/es/isla-(island)?utm_source=api"
"Island","2005-08-22","psal","Salvat 2005","H59","https://scryfall.com/card/psal/H59/es/isla-(island)?utm_source=api"
"Island","2005-08-22","psal","Salvat 2005","H60","https://scryfall.com/card/psal/H60/es/isla-(island)?utm_source=api"
"Island","2005-08-22","psal","Salvat 2005","H8","https://scryfall.com/card/psal/H8/es/isla-(island)?utm_source=api"
"Island","2005-08-22","psal","Salvat 2005","H9","https://scryfall.com/card/psal/H9/es/isla-(island)?utm_source=api"
"Mountain","2005-08-22","psal","Salvat 2005","I10","https://scryfall.com/card/psal/I10/es/monta%C3%B1a-(mountain)?utm_source=api"
"Mountain","2005-08-22","psal","Salvat 2005","I11","https://scryfall.com/card/psal/I11/es/monta%C3%B1a-(mountain)?utm_source=api"
"Mountain","2005-08-22","psal","Salvat 2005","I12","https://scryfall.com/card/psal/I12/es/monta%C3%B1a-(mountain)?utm_source=api"
"Mountain","2005-08-22","psal","Salvat 2005","I20","https://scryfall.com/card/psal/I20/es/monta%C3%B1a-(mountain)?utm_source=api"
"Mountain","2005-08-22","psal","Salvat 2005","I21","https://scryfall.com/card/psal/I21/es/monta%C3%B1a-(mountain)?utm_source=api"
"Mountain","2005-08-22","psal","Salvat 2005","I22","https://scryfall.com/card/psal/I22/es/monta%C3%B1a-(mountain)?utm_source=api"
"Mountain","2005-08-22","psal","Salvat 2005","I23","https://scryfall.com/card/psal/I23/es/monta%C3%B1a-(mountain)?utm_source=api"
"Mountain","2005-08-22","psal","Salvat 2005","I24","https://scryfall.com/card/psal/I24/es/monta%C3%B1a-(mountain)?utm_source=api"
"Mountain","2005-08-22","psal","Salvat 2005","I32","https://scryfall.com/card/psal/I32/es/monta%C3%B1a-(mountain)?utm_source=api"
"Forest","2005-08-22","psal","Salvat 2005","I33","https://scryfall.com/card/psal/I33/es/bosque-(forest)?utm_source=api"
"Forest","2005-08-22","psal","Salvat 2005","I34","https://scryfall.com/card/psal/I34/es/bosque-(forest)?utm_source=api"
"Forest","2005-08-22","psal","Salvat 2005","I35","https://scryfall.com/card/psal/I35/es/bosque-(forest)?utm_source=api"
"Forest","2005-08-22","psal","Salvat 2005","I36","https://scryfall.com/card/psal/I36/es/bosque-(forest)?utm_source=api"
"Mountain","2005-08-22","psal","Salvat 2005","I44","https://scryfall.com/card/psal/I44/es/monta%C3%B1a-(mountain)?utm_source=api"
"Mountain","2005-08-22","psal","Salvat 2005","I45","https://scryfall.com/card/psal/I45/es/monta%C3%B1a-(mountain)?utm_source=api"
"Forest","2005-08-22","psal","Salvat 2005","I46","https://scryfall.com/card/psal/I46/es/bosque-(forest)?utm_source=api"
"Forest","2005-08-22","psal","Salvat 2005","I47","https://scryfall.com/card/psal/I47/es/bosque-(forest)?utm_source=api"
"Forest","2005-08-22","psal","Salvat 2005","I48","https://scryfall.com/card/psal/I48/es/bosque-(forest)?utm_source=api"
"Mountain","2005-08-22","psal","Salvat 2005","I57","https://scryfall.com/card/psal/I57/es/monta%C3%B1a-(mountain)?utm_source=api"
"Forest","2005-08-22","psal","Salvat 2005","I58","https://scryfall.com/card/psal/I58/es/bosque-(forest)?utm_source=api"
"Forest","2005-08-22","psal","Salvat 2005","I59","https://scryfall.com/card/psal/I59/es/bosque-(forest)?utm_source=api"
"Forest","2005-08-22","psal","Salvat 2005","I60","https://scryfall.com/card/psal/I60/es/bosque-(forest)?utm_source=api"
"Mountain","2005-08-22","psal","Salvat 2005","I9","https://scryfall.com/card/psal/I9/es/monta%C3%B1a-(mountain)?utm_source=api"
"Forest","2005-08-22","psal","Salvat 2005","J10","https://scryfall.com/card/psal/J10/es/bosque-(forest)?utm_source=api"
"Plains","2005-08-22","psal","Salvat 2005","J11","https://scryfall.com/card/psal/J11/es/llanura-(plains)?utm_source=api"
"Plains","2005-08-22","psal","Salvat 2005","J12","https://scryfall.com/card/psal/J12/es/llanura-(plains)?utm_source=api"
"Forest","2005-08-22","psal","Salvat 2005","J20","https://scryfall.com/card/psal/J20/es/bosque-(forest)?utm_source=api"
"Forest","2005-08-22","psal","Salvat 2005","J21","https://scryfall.com/card/psal/J21/es/bosque-(forest)?utm_source=api"
"Forest","2005-08-22","psal","Salvat 2005","J22","https://scryfall.com/card/psal/J22/es/bosque-(forest)?utm_source=api"
"Plains","2005-08-22","psal","Salvat 2005","J23","https://scryfall.com/card/psal/J23/es/llanura-(plains)?utm_source=api"
"Plains","2005-08-22","psal","Salvat 2005","J24","https://scryfall.com/card/psal/J24/es/llanura-(plains)?utm_source=api"
"Forest","2005-08-22","psal","Salvat 2005","J33","https://scryfall.com/card/psal/J33/es/bosque-(forest)?utm_source=api"
"Forest","2005-08-22","psal","Salvat 2005","J34","https://scryfall.com/card/psal/J34/es/bosque-(forest)?utm_source=api"
"Plains","2005-08-22","psal","Salvat 2005","J35","https://scryfall.com/card/psal/J35/es/llanura-(plains)?utm_source=api"
"Plains","2005-08-22","psal","Salvat 2005","J36","https://scryfall.com/card/psal/J36/es/llanura-(plains)?utm_source=api"
"Forest","2005-08-22","psal","Salvat 2005","J44","https://scryfall.com/card/psal/J44/es/bosque-(forest)?utm_source=api"
"Forest","2005-08-22","psal","Salvat 2005","J45","https://scryfall.com/card/psal/J45/es/bosque-(forest)?utm_source=api"
"Forest","2005-08-22","psal","Salvat 2005","J46","https://scryfall.com/card/psal/J46/es/bosque-(forest)?utm_source=api"
"Plains","2005-08-22","psal","Salvat 2005","J47","https://scryfall.com/card/psal/J47/es/llanura-(plains)?utm_source=api"
"Plains","2005-08-22","psal","Salvat 2005","J48","https://scryfall.com/card/psal/J48/es/llanura-(plains)?utm_source=api"
"Forest","2005-08-22","psal","Salvat 2005","J56","https://scryfall.com/card/psal/J56/es/bosque-(forest)?utm_source=api"
"Forest","2005-08-22","psal","Salvat 2005","J57","https://scryfall.com/card/psal/J57/es/bosque-(forest)?utm_source=api"
"Forest","2005-08-22","psal","Salvat 2005","J58","https://scryfall.com/card/psal/J58/es/bosque-(forest)?utm_source=api"
"Plains","2005-08-22","psal","Salvat 2005","J59","https://scryfall.com/card/psal/J59/es/llanura-(plains)?utm_source=api"
"Plains","2005-08-22","psal","Salvat 2005","J60","https://scryfall.com/card/psal/J60/es/llanura-(plains)?utm_source=api"
"Forest","2005-08-22","psal","Salvat 2005","J8","https://scryfall.com/card/psal/J8/es/bosque-(forest)?utm_source=api"
"Forest","2005-08-22","psal","Salvat 2005","J9","https://scryfall.com/card/psal/J9/es/bosque-(forest)?utm_source=api"
"Forest","2005-08-22","psal","Salvat 2005","K10","https://scryfall.com/card/psal/K10/it/foresta-(forest)?utm_source=api"
"Mountain","2005-08-22","psal","Salvat 2005","K11","https://scryfall.com/card/psal/K11/it/montagna-(mountain)?utm_source=api"
"Mountain","2005-08-22","psal","Salvat 2005","K12","https://scryfall.com/card/psal/K12/it/montagna-(mountain)?utm_source=api"
"Forest","2005-08-22","psal","Salvat 2005","K20","https://scryfall.com/card/psal/K20/it/foresta-(forest)?utm_source=api"
"Forest","2005-08-22","psal","Salvat 2005","K21","https://scryfall.com/card/psal/K21/it/foresta-(forest)?utm_source=api"
"Forest","2005-08-22","psal","Salvat 2005","K22","https://scryfall.com/card/psal/K22/it/foresta-(forest)?utm_source=api"
"Forest","2005-08-22","psal","Salvat 2005","K23","https://scryfall.com/card/psal/K23/it/foresta-(forest)?utm_source=api"
"Mountain","2005-08-22","psal","Salvat 2005","K24","https://scryfall.com/card/psal/K24/it/montagna-(mountain)?utm_source=api"
"Forest","2005-08-22","psal","Salvat 2005","K32","https://scryfall.com/card/psal/K32/it/foresta-(forest)?utm_source=api"
"Forest","2005-08-22","psal","Salvat 2005","K33","https://scryfall.com/card/psal/K33/it/foresta-(forest)?utm_source=api"
"Forest","2005-08-22","psal","Salvat 2005","K34","https://scryfall.com/card/psal/K34/it/foresta-(forest)?utm_source=api"
"Mountain","2005-08-22","psal","Salvat 2005","K35","https://scryfall.com/card/psal/K35/it/montagna-(mountain)?utm_source=api"
"Mountain","2005-08-22","psal","Salvat 2005","K36","https://scryfall.com/card/psal/K36/it/montagna-(mountain)?utm_source=api"
"Forest","2005-08-22","psal","Salvat 2005","K45","https://scryfall.com/card/psal/K45/it/foresta-(forest)?utm_source=api"
"Forest","2005-08-22","psal","Salvat 2005","K46","https://scryfall.com/card/psal/K46/it/foresta-(forest)?utm_source=api"
"Forest","2005-08-22","psal","Salvat 2005","K47","https://scryfall.com/card/psal/K47/it/foresta-(forest)?utm_source=api"
"Mountain","2005-08-22","psal","Salvat 2005","K48","https://scryfall.com/card/psal/K48/it/montagna-(mountain)?utm_source=api"
"Forest","2005-08-22","psal","Salvat 2005","K56","https://scryfall.com/card/psal/K56/it/foresta-(forest)?utm_source=api"
"Forest","2005-08-22","psal","Salvat 2005","K57","https://scryfall.com/card/psal/K57/it/foresta-(forest)?utm_source=api"
"Forest","2005-08-22","psal","Salvat 2005","K58","https://scryfall.com/card/psal/K58/it/foresta-(forest)?utm_source=api"
"Mountain","2005-08-22","psal","Salvat 2005","K59","https://scryfall.com/card/psal/K59/it/montagna-(mountain)?utm_source=api"
"Mountain","2005-08-22","psal","Salvat 2005","K60","https://scryfall.com/card/psal/K60/it/montagna-(mountain)?utm_source=api"
"Forest","2005-08-22","psal","Salvat 2005","K8","https://scryfall.com/card/psal/K8/it/foresta-(forest)?utm_source=api"
"Forest","2005-08-22","psal","Salvat 2005","K9","https://scryfall.com/card/psal/K9/it/foresta-(forest)?utm_source=api"
"Plains","2005-08-22","psal","Salvat 2005","L10","https://scryfall.com/card/psal/L10/it/pianura-(plains)?utm_source=api"
"Plains","2005-08-22","psal","Salvat 2005","L11","https://scryfall.com/card/psal/L11/it/pianura-(plains)?utm_source=api"
"Forest","2005-08-22","psal","Salvat 2005","L12","https://scryfall.com/card/psal/L12/it/foresta-(forest)?utm_source=api"
"Plains","2005-08-22","psal","Salvat 2005","L21","https://scryfall.com/card/psal/L21/it/pianura-(plains)?utm_source=api"
"Plains","2005-08-22","psal","Salvat 2005","L22","https://scryfall.com/card/psal/L22/it/pianura-(plains)?utm_source=api"
"Plains","2005-08-22","psal","Salvat 2005","L23","https://scryfall.com/card/psal/L23/it/pianura-(plains)?utm_source=api"
"Forest","2005-08-22","psal","Salvat 2005","L24","https://scryfall.com/card/psal/L24/it/foresta-(forest)?utm_source=api"
"Plains","2005-08-22","psal","Salvat 2005","L35","https://scryfall.com/card/psal/L35/it/pianura-(plains)?utm_source=api"
"Forest","2005-08-22","psal","Salvat 2005","L36","https://scryfall.com/card/psal/L36/it/foresta-(forest)?utm_source=api"
"Plains","2005-08-22","psal","Salvat 2005","L46","https://scryfall.com/card/psal/L46/it/pianura-(plains)?utm_source=api"
"Plains","2005-08-22","psal","Salvat 2005","L47","https://scryfall.com/card/psal/L47/it/pianura-(plains)?utm_source=api"
"Forest","2005-08-22","psal","Salvat 2005","L48","https://scryfall.com/card/psal/L48/it/foresta-(forest)?utm_source=api"
"Plains","2005-08-22","psal","Salvat 2005","L57","https://scryfall.com/card/psal/L57/it/pianura-(plains)?utm_source=api"
"Plains","2005-08-22","psal","Salvat 2005","L58","https://scryfall.com/card/psal/L58/it/pianura-(plains)?utm_source=api"
"Plains","2005-08-22","psal","Salvat 2005","L59","https://scryfall.com/card/psal/L59/it/pianura-(plains)?utm_source=api"
"Forest","2005-08-22","psal","Salvat 2005","L60","https://scryfall.com/card/psal/L60/it/foresta-(forest)?utm_source=api"
"Plains","2005-08-22","psal","Salvat 2005","L9","https://scryfall.com/card/psal/L9/it/pianura-(plains)?utm_source=api"
"Plains","2005-10-07","pmps","Magic Premiere Shop 2005","287","https://scryfall.com/card/pmps/287/ja/%E5%B9%B3%E5%9C%B0-(plains)?utm_source=api"
"Plains","2005-10-07","pmps","Magic Premiere Shop 2005","288","https://scryfall.com/card/pmps/288/ja/%E5%B9%B3%E5%9C%B0-(plains)?utm_source=api"
"Plains","2005-10-07","pmps","Magic Premiere Shop 2005","289","https://scryfall.com/card/pmps/289/ja/%E5%B9%B3%E5%9C%B0-(plains)?utm_source=api"
"Plains","2005-10-07","pmps","Magic Premiere Shop 2005","290","https://scryfall.com/card/pmps/290/ja/%E5%B9%B3%E5%9C%B0-(plains)?utm_source=api"
"Island","2005-10-07","pmps","Magic Premiere Shop 2005","291","https://scryfall.com/card/pmps/291/ja/%E5%B3%B6-(island)?utm_source=api"
"Island","2005-10-07","pmps","Magic Premiere Shop 2005","292","https://scryfall.com/card/pmps/292/ja/%E5%B3%B6-(island)?utm_source=api"
"Island","2005-10-07","pmps","Magic Premiere Shop 2005","293","https://scryfall.com/card/pmps/293/ja/%E5%B3%B6-(island)?utm_source=api"
"Island","2005-10-07","pmps","Magic Premiere Shop 2005","294","https://scryfall.com/card/pmps/294/ja/%E5%B3%B6-(island)?utm_source=api"
"Swamp","2005-10-07","pmps","Magic Premiere Shop 2005","295","https://scryfall.com/card/pmps/295/ja/%E6%B2%BC-(swamp)?utm_source=api"
"Swamp","2005-10-07","pmps","Magic Premiere Shop 2005","296","https://scryfall.com/card/pmps/296/ja/%E6%B2%BC-(swamp)?utm_source=api"
"Swamp","2005-10-07","pmps","Magic Premiere Shop 2005","297","https://scryfall.com/card/pmps/297/ja/%E6%B2%BC-(swamp)?utm_source=api"
"Swamp","2005-10-07","pmps","Magic Premiere Shop 2005","298","https://scryfall.com/card/pmps/298/ja/%E6%B2%BC-(swamp)?utm_source=api"
"Mountain","2005-10-07","pmps","Magic Premiere Shop 2005","299","https://scryfall.com/card/pmps/299/ja/%E5%B1%B1-(mountain)?utm_source=api"
"Mountain","2005-10-07","pmps","Magic Premiere Shop 2005","300","https://scryfall.com/card/pmps/300/ja/%E5%B1%B1-(mountain)?utm_source=api"
"Mountain","2005-10-07","pmps","Magic Premiere Shop 2005","301","https://scryfall.com/card/pmps/301/ja/%E5%B1%B1-(mountain)?utm_source=api"
"Mountain","2005-10-07","pmps","Magic Premiere Shop 2005","302","https://scryfall.com/card/pmps/302/ja/%E5%B1%B1-(mountain)?utm_source=api"
"Forest","2005-10-07","pmps","Magic Premiere Shop 2005","303","https://scryfall.com/card/pmps/303/ja/%E6%A3%AE-(forest)?utm_source=api"
"Forest","2005-10-07","pmps","Magic Premiere Shop 2005","304","https://scryfall.com/card/pmps/304/ja/%E6%A3%AE-(forest)?utm_source=api"
"Forest","2005-10-07","pmps","Magic Premiere Shop 2005","305","https://scryfall.com/card/pmps/305/ja/%E6%A3%AE-(forest)?utm_source=api"
"Forest","2005-10-07","pmps","Magic Premiere Shop 2005","306","https://scryfall.com/card/pmps/306/ja/%E6%A3%AE-(forest)?utm_source=api"
"Plains","2005-10-07","rav","Ravnica: City of Guilds","287","https://scryfall.com/card/rav/287/plains?utm_source=api"
"Plains","2005-10-07","rav","Ravnica: City of Guilds","288","https://scryfall.com/card/rav/288/plains?utm_source=api"
"Plains","2005-10-07","rav","Ravnica: City of Guilds","289","https://scryfall.com/card/rav/289/plains?utm_source=api"
"Plains","2005-10-07","rav","Ravnica: City of Guilds","290","https://scryfall.com/card/rav/290/plains?utm_source=api"
"Island","2005-10-07","rav","Ravnica: City of Guilds","291","https://scryfall.com/card/rav/291/island?utm_source=api"
"Island","2005-10-07","rav","Ravnica: City of Guilds","292","https://scryfall.com/card/rav/292/island?utm_source=api"
"Island","2005-10-07","rav","Ravnica: City of Guilds","293","https://scryfall.com/card/rav/293/island?utm_source=api"
"Island","2005-10-07","rav","Ravnica: City of Guilds","294","https://scryfall.com/card/rav/294/island?utm_source=api"
"Swamp","2005-10-07","rav","Ravnica: City of Guilds","295","https://scryfall.com/card/rav/295/swamp?utm_source=api"
"Swamp","2005-10-07","rav","Ravnica: City of Guilds","296","https://scryfall.com/card/rav/296/swamp?utm_source=api"
"Swamp","2005-10-07","rav","Ravnica: City of Guilds","297","https://scryfall.com/card/rav/297/swamp?utm_source=api"
"Swamp","2005-10-07","rav","Ravnica: City of Guilds","298","https://scryfall.com/card/rav/298/swamp?utm_source=api"
"Mountain","2005-10-07","rav","Ravnica: City of Guilds","299","https://scryfall.com/card/rav/299/mountain?utm_source=api"
"Mountain","2005-10-07","rav","Ravnica: City of Guilds","300","https://scryfall.com/card/rav/300/mountain?utm_source=api"
"Mountain","2005-10-07","rav","Ravnica: City of Guilds","301","https://scryfall.com/card/rav/301/mountain?utm_source=api"
"Mountain","2005-10-07","rav","Ravnica: City of Guilds","302","https://scryfall.com/card/rav/302/mountain?utm_source=api"
"Forest","2005-10-07","rav","Ravnica: City of Guilds","303","https://scryfall.com/card/rav/303/forest?utm_source=api"
"Forest","2005-10-07","rav","Ravnica: City of Guilds","304","https://scryfall.com/card/rav/304/forest?utm_source=api"
"Forest","2005-10-07","rav","Ravnica: City of Guilds","305","https://scryfall.com/card/rav/305/forest?utm_source=api"
"Forest","2005-10-07","rav","Ravnica: City of Guilds","306","https://scryfall.com/card/rav/306/forest?utm_source=api"
"Plains","2006-01-01","pal06","Arena League 2006","1","https://scryfall.com/card/pal06/1/plains?utm_source=api"
"Island","2006-01-01","pal06","Arena League 2006","2","https://scryfall.com/card/pal06/2/island?utm_source=api"
"Swamp","2006-01-01","pal06","Arena League 2006","3","https://scryfall.com/card/pal06/3/swamp?utm_source=api"
"Mountain","2006-01-01","pal06","Arena League 2006","4","https://scryfall.com/card/pal06/4/mountain?utm_source=api"
"Forest","2006-01-01","pal06","Arena League 2006","5","https://scryfall.com/card/pal06/5/forest?utm_source=api"
"Swamp","2006-01-01","phuk","Hachette UK","10","https://scryfall.com/card/phuk/10/swamp?utm_source=api"
"Swamp","2006-01-01","phuk","Hachette UK","11","https://scryfall.com/card/phuk/11/swamp?utm_source=api"
"Swamp","2006-01-01","phuk","Hachette UK","12","https://scryfall.com/card/phuk/12/swamp?utm_source=api"
"Swamp","2006-01-01","phuk","Hachette UK","20","https://scryfall.com/card/phuk/20/swamp?utm_source=api"
"Swamp","2006-01-01","phuk","Hachette UK","21","https://scryfall.com/card/phuk/21/swamp?utm_source=api"
"Swamp","2006-01-01","phuk","Hachette UK","22","https://scryfall.com/card/phuk/22/swamp?utm_source=api"
"Swamp","2006-01-01","phuk","Hachette UK","23","https://scryfall.com/card/phuk/23/swamp?utm_source=api"
"Swamp","2006-01-01","phuk","Hachette UK","24","https://scryfall.com/card/phuk/24/swamp?utm_source=api"
"Swamp","2006-01-01","phuk","Hachette UK","32","https://scryfall.com/card/phuk/32/swamp?utm_source=api"
"Swamp","2006-01-01","phuk","Hachette UK","33","https://scryfall.com/card/phuk/33/swamp?utm_source=api"
"Swamp","2006-01-01","phuk","Hachette UK","34","https://scryfall.com/card/phuk/34/swamp?utm_source=api"
"Swamp","2006-01-01","phuk","Hachette UK","35","https://scryfall.com/card/phuk/35/swamp?utm_source=api"
"Swamp","2006-01-01","phuk","Hachette UK","36","https://scryfall.com/card/phuk/36/swamp?utm_source=api"
"Swamp","2006-01-01","phuk","Hachette UK","45","https://scryfall.com/card/phuk/45/swamp?utm_source=api"
"Swamp","2006-01-01","phuk","Hachette UK","46","https://scryfall.com/card/phuk/46/swamp?utm_source=api"
"Swamp","2006-01-01","phuk","Hachette UK","47","https://scryfall.com/card/phuk/47/swamp?utm_source=api"
"Swamp","2006-01-01","phuk","Hachette UK","48","https://scryfall.com/card/phuk/48/swamp?utm_source=api"
"Swamp","2006-01-01","phuk","Hachette UK","56","https://scryfall.com/card/phuk/56/swamp?utm_source=api"
"Swamp","2006-01-01","phuk","Hachette UK","57","https://scryfall.com/card/phuk/57/swamp?utm_source=api"
"Swamp","2006-01-01","phuk","Hachette UK","58","https://scryfall.com/card/phuk/58/swamp?utm_source=api"
"Swamp","2006-01-01","phuk","Hachette UK","59","https://scryfall.com/card/phuk/59/swamp?utm_source=api"
"Swamp","2006-01-01","phuk","Hachette UK","60","https://scryfall.com/card/phuk/60/swamp?utm_source=api"
"Swamp","2006-01-01","phuk","Hachette UK","8","https://scryfall.com/card/phuk/8/swamp?utm_source=api"
"Swamp","2006-01-01","phuk","Hachette UK","9","https://scryfall.com/card/phuk/9/swamp?utm_source=api"
"Plains","2006-01-01","pmps06","Magic Premiere Shop 2006","1","https://scryfall.com/card/pmps06/1/ja/%E5%B9%B3%E5%9C%B0-(plains)?utm_source=api"
"Island","2006-01-01","pmps06","Magic Premiere Shop 2006","2","https://scryfall.com/card/pmps06/2/ja/%E5%B3%B6-(island)?utm_source=api"
"Swamp","2006-01-01","pmps06","Magic Premiere Shop 2006","3","https://scryfall.com/card/pmps06/3/ja/%E6%B2%BC-(swamp)?utm_source=api"
"Mountain","2006-01-01","pmps06","Magic Premiere Shop 2006","4","https://scryfall.com/card/pmps06/4/ja/%E5%B1%B1-(mountain)?utm_source=api"
"Forest","2006-01-01","pmps06","Magic Premiere Shop 2006","5","https://scryfall.com/card/pmps06/5/ja/%E6%A3%AE-(forest)?utm_source=api"
"Snow-Covered Plains","2006-07-21","csp","Coldsnap","151","https://scryfall.com/card/csp/151/snow-covered-plains?utm_source=api"
"Snow-Covered Island","2006-07-21","csp","Coldsnap","152","https://scryfall.com/card/csp/152/snow-covered-island?utm_source=api"
"Snow-Covered Swamp","2006-07-21","csp","Coldsnap","153","https://scryfall.com/card/csp/153/snow-covered-swamp?utm_source=api"
"Snow-Covered Mountain","2006-07-21","csp","Coldsnap","154","https://scryfall.com/card/csp/154/snow-covered-mountain?utm_source=api"
"Snow-Covered Forest","2006-07-21","csp","Coldsnap","155","https://scryfall.com/card/csp/155/snow-covered-forest?utm_source=api"
"Plains","2006-07-21","cst","Coldsnap Theme Decks","369","https://scryfall.com/card/cst/369/plains?utm_source=api"
"Plains","2006-07-21","cst","Coldsnap Theme Decks","370","https://scryfall.com/card/cst/370/plains?utm_source=api"
"Plains","2006-07-21","cst","Coldsnap Theme Decks","371","https://scryfall.com/card/cst/371/plains?utm_source=api"
"Island","2006-07-21","cst","Coldsnap Theme Decks","372","https://scryfall.com/card/cst/372/island?utm_source=api"
"Island","2006-07-21","cst","Coldsnap Theme Decks","373","https://scryfall.com/card/cst/373/island?utm_source=api"
"Island","2006-07-21","cst","Coldsnap Theme Decks","374","https://scryfall.com/card/cst/374/island?utm_source=api"
"Swamp","2006-07-21","cst","Coldsnap Theme Decks","375","https://scryfall.com/card/cst/375/swamp?utm_source=api"
"Swamp","2006-07-21","cst","Coldsnap Theme Decks","376","https://scryfall.com/card/cst/376/swamp?utm_source=api"
"Swamp","2006-07-21","cst","Coldsnap Theme Decks","377","https://scryfall.com/card/cst/377/swamp?utm_source=api"
"Mountain","2006-07-21","cst","Coldsnap Theme Decks","378","https://scryfall.com/card/cst/378/mountain?utm_source=api"
"Mountain","2006-07-21","cst","Coldsnap Theme Decks","379","https://scryfall.com/card/cst/379/mountain?utm_source=api"
"Mountain","2006-07-21","cst","Coldsnap Theme Decks","380","https://scryfall.com/card/cst/380/mountain?utm_source=api"
"Forest","2006-07-21","cst","Coldsnap Theme Decks","381","https://scryfall.com/card/cst/381/forest?utm_source=api"
"Forest","2006-07-21","cst","Coldsnap Theme Decks","382","https://scryfall.com/card/cst/382/forest?utm_source=api"
"Forest","2006-07-21","cst","Coldsnap Theme Decks","383","https://scryfall.com/card/cst/383/forest?utm_source=api"
"Plains","2006-10-06","tsp","Time Spiral","282","https://scryfall.com/card/tsp/282/plains?utm_source=api"
"Plains","2006-10-06","tsp","Time Spiral","283","https://scryfall.com/card/tsp/283/plains?utm_source=api"
"Plains","2006-10-06","tsp","Time Spiral","284","https://scryfall.com/card/tsp/284/plains?utm_source=api"
"Plains","2006-10-06","tsp","Time Spiral","285","https://scryfall.com/card/tsp/285/plains?utm_source=api"
"Island","2006-10-06","tsp","Time Spiral","286","https://scryfall.com/card/tsp/286/island?utm_source=api"
"Island","2006-10-06","tsp","Time Spiral","287","https://scryfall.com/card/tsp/287/island?utm_source=api"
"Island","2006-10-06","tsp","Time Spiral","288","https://scryfall.com/card/tsp/288/island?utm_source=api"
"Island","2006-10-06","tsp","Time Spiral","289","https://scryfall.com/card/tsp/289/island?utm_source=api"
"Swamp","2006-10-06","tsp","Time Spiral","290","https://scryfall.com/card/tsp/290/swamp?utm_source=api"
"Swamp","2006-10-06","tsp","Time Spiral","291","https://scryfall.com/card/tsp/291/swamp?utm_source=api"
"Swamp","2006-10-06","tsp","Time Spiral","292","https://scryfall.com/card/tsp/292/swamp?utm_source=api"
"Swamp","2006-10-06","tsp","Time Spiral","293","https://scryfall.com/card/tsp/293/swamp?utm_source=api"
"Mountain","2006-10-06","tsp","Time Spiral","294","https://scryfall.com/card/tsp/294/mountain?utm_source=api"
"Mountain","2006-10-06","tsp","Time Spiral","295","https://scryfall.com/card/tsp/295/mountain?utm_source=api"
"Mountain","2006-10-06","tsp","Time Spiral","296","https://scryfall.com/card/tsp/296/mountain?utm_source=api"
"Mountain","2006-10-06","tsp","Time Spiral","297","https://scryfall.com/card/tsp/297/mountain?utm_source=api"
"Forest","2006-10-06","tsp","Time Spiral","298","https://scryfall.com/card/tsp/298/forest?utm_source=api"
"Forest","2006-10-06","tsp","Time Spiral","299","https://scryfall.com/card/tsp/299/forest?utm_source=api"
"Forest","2006-10-06","tsp","Time Spiral","300","https://scryfall.com/card/tsp/300/forest?utm_source=api"
"Forest","2006-10-06","tsp","Time Spiral","301","https://scryfall.com/card/tsp/301/forest?utm_source=api"
"Plains","2007-01-01","pmps07","Magic Premiere Shop 2007","1","https://scryfall.com/card/pmps07/1/ja/%E5%B9%B3%E5%9C%B0-(plains)?utm_source=api"
"Island","2007-01-01","pmps07","Magic Premiere Shop 2007","2","https://scryfall.com/card/pmps07/2/ja/%E5%B3%B6-(island)?utm_source=api"
"Swamp","2007-01-01","pmps07","Magic Premiere Shop 2007","3","https://scryfall.com/card/pmps07/3/ja/%E6%B2%BC-(swamp)?utm_source=api"
"Mountain","2007-01-01","pmps07","Magic Premiere Shop 2007","4","https://scryfall.com/card/pmps07/4/ja/%E5%B1%B1-(mountain)?utm_source=api"
"Forest","2007-01-01","pmps07","Magic Premiere Shop 2007","5","https://scryfall.com/card/pmps07/5/ja/%E6%A3%AE-(forest)?utm_source=api"
"Plains","2007-07-13","10e","Tenth Edition","364","https://scryfall.com/card/10e/364/plains?utm_source=api"
"Plains","2007-07-13","10e","Tenth Edition","365","https://scryfall.com/card/10e/365/plains?utm_source=api"
"Plains","2007-07-13","10e","Tenth Edition","366","https://scryfall.com/card/10e/366/plains?utm_source=api"
"Plains","2007-07-13","10e","Tenth Edition","367","https://scryfall.com/card/10e/367/plains?utm_source=api"
"Island","2007-07-13","10e","Tenth Edition","368","https://scryfall.com/card/10e/368/island?utm_source=api"
"Island","2007-07-13","10e","Tenth Edition","369","https://scryfall.com/card/10e/369/island?utm_source=api"
"Island","2007-07-13","10e","Tenth Edition","370","https://scryfall.com/card/10e/370/island?utm_source=api"
"Island","2007-07-13","10e","Tenth Edition","371","https://scryfall.com/card/10e/371/island?utm_source=api"
"Swamp","2007-07-13","10e","Tenth Edition","372","https://scryfall.com/card/10e/372/swamp?utm_source=api"
"Swamp","2007-07-13","10e","Tenth Edition","373","https://scryfall.com/card/10e/373/swamp?utm_source=api"
"Swamp","2007-07-13","10e","Tenth Edition","374","https://scryfall.com/card/10e/374/swamp?utm_source=api"
"Swamp","2007-07-13","10e","Tenth Edition","375","https://scryfall.com/card/10e/375/swamp?utm_source=api"
"Mountain","2007-07-13","10e","Tenth Edition","376","https://scryfall.com/card/10e/376/mountain?utm_source=api"
"Mountain","2007-07-13","10e","Tenth Edition","377","https://scryfall.com/card/10e/377/mountain?utm_source=api"
"Mountain","2007-07-13","10e","Tenth Edition","378","https://scryfall.com/card/10e/378/mountain?utm_source=api"
"Mountain","2007-07-13","10e","Tenth Edition","379","https://scryfall.com/card/10e/379/mountain?utm_source=api"
"Forest","2007-07-13","10e","Tenth Edition","380","https://scryfall.com/card/10e/380/forest?utm_source=api"
"Forest","2007-07-13","10e","Tenth Edition","381","https://scryfall.com/card/10e/381/forest?utm_source=api"
"Forest","2007-07-13","10e","Tenth Edition","382","https://scryfall.com/card/10e/382/forest?utm_source=api"
"Forest","2007-07-13","10e","Tenth Edition","383","https://scryfall.com/card/10e/383/forest?utm_source=api"
"Plains","2007-10-12","lrw","Lorwyn","282","https://scryfall.com/card/lrw/282/plains?utm_source=api"
"Plains","2007-10-12","lrw","Lorwyn","283","https://scryfall.com/card/lrw/283/plains?utm_source=api"
"Plains","2007-10-12","lrw","Lorwyn","284","https://scryfall.com/card/lrw/284/plains?utm_source=api"
"Plains","2007-10-12","lrw","Lorwyn","285","https://scryfall.com/card/lrw/285/plains?utm_source=api"
"Island","2007-10-12","lrw","Lorwyn","286","https://scryfall.com/card/lrw/286/island?utm_source=api"
"Island","2007-10-12","lrw","Lorwyn","287","https://scryfall.com/card/lrw/287/island?utm_source=api"
"Island","2007-10-12","lrw","Lorwyn","288","https://scryfall.com/card/lrw/288/island?utm_source=api"
"Island","2007-10-12","lrw","Lorwyn","289","https://scryfall.com/card/lrw/289/island?utm_source=api"
"Swamp","2007-10-12","lrw","Lorwyn","290","https://scryfall.com/card/lrw/290/swamp?utm_source=api"
"Swamp","2007-10-12","lrw","Lorwyn","291","https://scryfall.com/card/lrw/291/swamp?utm_source=api"
"Swamp","2007-10-12","lrw","Lorwyn","292","https://scryfall.com/card/lrw/292/swamp?utm_source=api"
"Swamp","2007-10-12","lrw","Lorwyn","293","https://scryfall.com/card/lrw/293/swamp?utm_source=api"
"Mountain","2007-10-12","lrw","Lorwyn","294","https://scryfall.com/card/lrw/294/mountain?utm_source=api"
"Mountain","2007-10-12","lrw","Lorwyn","295","https://scryfall.com/card/lrw/295/mountain?utm_source=api"
"Mountain","2007-10-12","lrw","Lorwyn","296","https://scryfall.com/card/lrw/296/mountain?utm_source=api"
"Mountain","2007-10-12","lrw","Lorwyn","297","https://scryfall.com/card/lrw/297/mountain?utm_source=api"
"Forest","2007-10-12","lrw","Lorwyn","298","https://scryfall.com/card/lrw/298/forest?utm_source=api"
"Forest","2007-10-12","lrw","Lorwyn","299","https://scryfall.com/card/lrw/299/forest?utm_source=api"
"Forest","2007-10-12","lrw","Lorwyn","300","https://scryfall.com/card/lrw/300/forest?utm_source=api"
"Forest","2007-10-12","lrw","Lorwyn","301","https://scryfall.com/card/lrw/301/forest?utm_source=api"
"Forest","2007-11-16","dd1","Duel Decks: Elves vs. Goblins","28","https://scryfall.com/card/dd1/28/forest?utm_source=api"
"Forest","2007-11-16","dd1","Duel Decks: Elves vs. Goblins","29","https://scryfall.com/card/dd1/29/forest?utm_source=api"
"Forest","2007-11-16","dd1","Duel Decks: Elves vs. Goblins","30","https://scryfall.com/card/dd1/30/forest?utm_source=api"
"Forest","2007-11-16","dd1","Duel Decks: Elves vs. Goblins","31","https://scryfall.com/card/dd1/31/forest?utm_source=api"
"Mountain","2007-11-16","dd1","Duel Decks: Elves vs. Goblins","59","https://scryfall.com/card/dd1/59/mountain?utm_source=api"
"Mountain","2007-11-16","dd1","Duel Decks: Elves vs. Goblins","60","https://scryfall.com/card/dd1/60/mountain?utm_source=api"
"Mountain","2007-11-16","dd1","Duel Decks: Elves vs. Goblins","61","https://scryfall.com/card/dd1/61/mountain?utm_source=api"
"Mountain","2007-11-16","dd1","Duel Decks: Elves vs. Goblins","62","https://scryfall.com/card/dd1/62/mountain?utm_source=api"
"Plains","2008-01-01","pmps08","Magic Premiere Shop 2008","1","https://scryfall.com/card/pmps08/1/ja/%E5%B9%B3%E5%9C%B0-(plains)?utm_source=api"
"Island","2008-01-01","pmps08","Magic Premiere Shop 2008","2","https://scryfall.com/card/pmps08/2/ja/%E5%B3%B6-(island)?utm_source=api"
"Swamp","2008-01-01","pmps08","Magic Premiere Shop 2008","3","https://scryfall.com/card/pmps08/3/ja/%E6%B2%BC-(swamp)?utm_source=api"
"Mountain","2008-01-01","pmps08","Magic Premiere Shop 2008","4","https://scryfall.com/card/pmps08/4/ja/%E5%B1%B1-(mountain)?utm_source=api"
"Forest","2008-01-01","pmps08","Magic Premiere Shop 2008","5","https://scryfall.com/card/pmps08/5/ja/%E6%A3%AE-(forest)?utm_source=api"
"Plains","2008-05-02","shm","Shadowmoor","282","https://scryfall.com/card/shm/282/plains?utm_source=api"
"Plains","2008-05-02","shm","Shadowmoor","283","https://scryfall.com/card/shm/283/plains?utm_source=api"
"Plains","2008-05-02","shm","Shadowmoor","284","https://scryfall.com/card/shm/284/plains?utm_source=api"
"Plains","2008-05-02","shm","Shadowmoor","285","https://scryfall.com/card/shm/285/plains?utm_source=api"
"Island","2008-05-02","shm","Shadowmoor","286","https://scryfall.com/card/shm/286/island?utm_source=api"
"Island","2008-05-02","shm","Shadowmoor","287","https://scryfall.com/card/shm/287/island?utm_source=api"
"Island","2008-05-02","shm","Shadowmoor","288","https://scryfall.com/card/shm/288/island?utm_source=api"
"Island","2008-05-02","shm","Shadowmoor","289","https://scryfall.com/card/shm/289/island?utm_source=api"
"Swamp","2008-05-02","shm","Shadowmoor","290","https://scryfall.com/card/shm/290/swamp?utm_source=api"
"Swamp","2008-05-02","shm","Shadowmoor","291","https://scryfall.com/card/shm/291/swamp?utm_source=api"
"Swamp","2008-05-02","shm","Shadowmoor","292","https://scryfall.com/card/shm/292/swamp?utm_source=api"
"Swamp","2008-05-02","shm","Shadowmoor","293","https://scryfall.com/card/shm/293/swamp?utm_source=api"
"Mountain","2008-05-02","shm","Shadowmoor","294","https://scryfall.com/card/shm/294/mountain?utm_source=api"
"Mountain","2008-05-02","shm","Shadowmoor","295","https://scryfall.com/card/shm/295/mountain?utm_source=api"
"Mountain","2008-05-02","shm","Shadowmoor","296","https://scryfall.com/card/shm/296/mountain?utm_source=api"
"Mountain","2008-05-02","shm","Shadowmoor","297","https://scryfall.com/card/shm/297/mountain?utm_source=api"
"Forest","2008-05-02","shm","Shadowmoor","298","https://scryfall.com/card/shm/298/forest?utm_source=api"
"Forest","2008-05-02","shm","Shadowmoor","299","https://scryfall.com/card/shm/299/forest?utm_source=api"
"Forest","2008-05-02","shm","Shadowmoor","300","https://scryfall.com/card/shm/300/forest?utm_source=api"
"Forest","2008-05-02","shm","Shadowmoor","301","https://scryfall.com/card/shm/301/forest?utm_source=api"
"Plains","2008-10-03","ala","Shards of Alara","230","https://scryfall.com/card/ala/230/plains?utm_source=api"
"Plains","2008-10-03","ala","Shards of Alara","231","https://scryfall.com/card/ala/231/plains?utm_source=api"
"Plains","2008-10-03","ala","Shards of Alara","232","https://scryfall.com/card/ala/232/plains?utm_source=api"
"Plains","2008-10-03","ala","Shards of Alara","233","https://scryfall.com/card/ala/233/plains?utm_source=api"
"Island","2008-10-03","ala","Shards of Alara","234","https://scryfall.com/card/ala/234/island?utm_source=api"
"Island","2008-10-03","ala","Shards of Alara","235","https://scryfall.com/card/ala/235/island?utm_source=api"
"Island","2008-10-03","ala","Shards of Alara","236","https://scryfall.com/card/ala/236/island?utm_source=api"
"Island","2008-10-03","ala","Shards of Alara","237","https://scryfall.com/card/ala/237/island?utm_source=api"
"Swamp","2008-10-03","ala","Shards of Alara","238","https://scryfall.com/card/ala/238/swamp?utm_source=api"
"Swamp","2008-10-03","ala","Shards of Alara","239","https://scryfall.com/card/ala/239/swamp?utm_source=api"
"Swamp","2008-10-03","ala","Shards of Alara","240","https://scryfall.com/card/ala/240/swamp?utm_source=api"
"Swamp","2008-10-03","ala","Shards of Alara","241","https://scryfall.com/card/ala/241/swamp?utm_source=api"
"Mountain","2008-10-03","ala","Shards of Alara","242","https://scryfall.com/card/ala/242/mountain?utm_source=api"
"Mountain","2008-10-03","ala","Shards of Alara","243","https://scryfall.com/card/ala/243/mountain?utm_source=api"
"Mountain","2008-10-03","ala","Shards of Alara","244","https://scryfall.com/card/ala/244/mountain?utm_source=api"
"Mountain","2008-10-03","ala","Shards of Alara","245","https://scryfall.com/card/ala/245/mountain?utm_source=api"
"Forest","2008-10-03","ala","Shards of Alara","246","https://scryfall.com/card/ala/246/forest?utm_source=api"
"Forest","2008-10-03","ala","Shards of Alara","247","https://scryfall.com/card/ala/247/forest?utm_source=api"
"Forest","2008-10-03","ala","Shards of Alara","248","https://scryfall.com/card/ala/248/forest?utm_source=api"
"Forest","2008-10-03","ala","Shards of Alara","249","https://scryfall.com/card/ala/249/forest?utm_source=api"
"Island","2008-11-07","dd2","Duel Decks: Jace vs. Chandra","30","https://scryfall.com/card/dd2/30/island?utm_source=api"
"Island","2008-11-07","dd2","Duel Decks: Jace vs. Chandra","31","https://scryfall.com/card/dd2/31/island?utm_source=api"
"Island","2008-11-07","dd2","Duel Decks: Jace vs. Chandra","32","https://scryfall.com/card/dd2/32/island?utm_source=api"
"Island","2008-11-07","dd2","Duel Decks: Jace vs. Chandra","33","https://scryfall.com/card/dd2/33/island?utm_source=api"
"Mountain","2008-11-07","dd2","Duel Decks: Jace vs. Chandra","59","https://scryfall.com/card/dd2/59/mountain?utm_source=api"
"Mountain","2008-11-07","dd2","Duel Decks: Jace vs. Chandra","60","https://scryfall.com/card/dd2/60/mountain?utm_source=api"
"Mountain","2008-11-07","dd2","Duel Decks: Jace vs. Chandra","61","https://scryfall.com/card/dd2/61/mountain?utm_source=api"
"Mountain","2008-11-07","dd2","Duel Decks: Jace vs. Chandra","62","https://scryfall.com/card/dd2/62/mountain?utm_source=api"
"Plains","2009-01-01","pmps09","Magic Premiere Shop 2009","1","https://scryfall.com/card/pmps09/1/ja/%E5%B9%B3%E5%9C%B0-(plains)?utm_source=api"
"Island","2009-01-01","pmps09","Magic Premiere Shop 2009","2","https://scryfall.com/card/pmps09/2/ja/%E5%B3%B6-(island)?utm_source=api"
"Swamp","2009-01-01","pmps09","Magic Premiere Shop 2009","3","https://scryfall.com/card/pmps09/3/ja/%E6%B2%BC-(swamp)?utm_source=api"
"Mountain","2009-01-01","pmps09","Magic Premiere Shop 2009","4","https://scryfall.com/card/pmps09/4/ja/%E5%B1%B1-(mountain)?utm_source=api"
"Forest","2009-01-01","pmps09","Magic Premiere Shop 2009","5","https://scryfall.com/card/pmps09/5/ja/%E6%A3%AE-(forest)?utm_source=api"
"Plains","2009-04-10","ddc","Duel Decks: Divine vs. Demonic","26","https://scryfall.com/card/ddc/26/plains?utm_source=api"
"Plains","2009-04-10","ddc","Duel Decks: Divine vs. Demonic","27","https://scryfall.com/card/ddc/27/plains?utm_source=api"
"Plains","2009-04-10","ddc","Duel Decks: Divine vs. Demonic","28","https://scryfall.com/card/ddc/28/plains?utm_source=api"
"Plains","2009-04-10","ddc","Duel Decks: Divine vs. Demonic","29","https://scryfall.com/card/ddc/29/plains?utm_source=api"
"Swamp","2009-04-10","ddc","Duel Decks: Divine vs. Demonic","59","https://scryfall.com/card/ddc/59/swamp?utm_source=api"
"Swamp","2009-04-10","ddc","Duel Decks: Divine vs. Demonic","60","https://scryfall.com/card/ddc/60/swamp?utm_source=api"
"Swamp","2009-04-10","ddc","Duel Decks: Divine vs. Demonic","61","https://scryfall.com/card/ddc/61/swamp?utm_source=api"
"Swamp","2009-04-10","ddc","Duel Decks: Divine vs. Demonic","62","https://scryfall.com/card/ddc/62/swamp?utm_source=api"
"Plains","2009-07-17","m10","Magic 2010","230","https://scryfall.com/card/m10/230/plains?utm_source=api"
"Plains","2009-07-17","m10","Magic 2010","231","https://scryfall.com/card/m10/231/plains?utm_source=api"
"Plains","2009-07-17","m10","Magic 2010","232","https://scryfall.com/card/m10/232/plains?utm_source=api"
"Plains","2009-07-17","m10","Magic 2010","233","https://scryfall.com/card/m10/233/plains?utm_source=api"
"Island","2009-07-17","m10","Magic 2010","234","https://scryfall.com/card/m10/234/island?utm_source=api"
"Island","2009-07-17","m10","Magic 2010","235","https://scryfall.com/card/m10/235/island?utm_source=api"
"Island","2009-07-17","m10","Magic 2010","236","https://scryfall.com/card/m10/236/island?utm_source=api"
"Island","2009-07-17","m10","Magic 2010","237","https://scryfall.com/card/m10/237/island?utm_source=api"
"Swamp","2009-07-17","m10","Magic 2010","238","https://scryfall.com/card/m10/238/swamp?utm_source=api"
"Swamp","2009-07-17","m10","Magic 2010","239","https://scryfall.com/card/m10/239/swamp?utm_source=api"
"Swamp","2009-07-17","m10","Magic 2010","240","https://scryfall.com/card/m10/240/swamp?utm_source=api"
"Swamp","2009-07-17","m10","Magic 2010","241","https://scryfall.com/card/m10/241/swamp?utm_source=api"
"Mountain","2009-07-17","m10","Magic 2010","242","https://scryfall.com/card/m10/242/mountain?utm_source=api"
"Mountain","2009-07-17","m10","Magic 2010","243","https://scryfall.com/card/m10/243/mountain?utm_source=api"
"Mountain","2009-07-17","m10","Magic 2010","244","https://scryfall.com/card/m10/244/mountain?utm_source=api"
"Mountain","2009-07-17","m10","Magic 2010","245","https://scryfall.com/card/m10/245/mountain?utm_source=api"
"Forest","2009-07-17","m10","Magic 2010","246","https://scryfall.com/card/m10/246/forest?utm_source=api"
"Forest","2009-07-17","m10","Magic 2010","247","https://scryfall.com/card/m10/247/forest?utm_source=api"
"Forest","2009-07-17","m10","Magic 2010","248","https://scryfall.com/card/m10/248/forest?utm_source=api"
"Forest","2009-07-17","m10","Magic 2010","249","https://scryfall.com/card/m10/249/forest?utm_source=api"
"Plains","2009-09-04","hop","Planechase","142","https://scryfall.com/card/hop/142/plains?utm_source=api"
"Plains","2009-09-04","hop","Planechase","143","https://scryfall.com/card/hop/143/plains?utm_source=api"
"Plains","2009-09-04","hop","Planechase","144","https://scryfall.com/card/hop/144/plains?utm_source=api"
"Plains","2009-09-04","hop","Planechase","145","https://scryfall.com/card/hop/145/plains?utm_source=api"
"Plains","2009-09-04","hop","Planechase","146","https://scryfall.com/card/hop/146/plains?utm_source=api"
"Island","2009-09-04","hop","Planechase","147","https://scryfall.com/card/hop/147/island?utm_source=api"
"Island","2009-09-04","hop","Planechase","148","https://scryfall.com/card/hop/148/island?utm_source=api"
"Island","2009-09-04","hop","Planechase","149","https://scryfall.com/card/hop/149/island?utm_source=api"
"Island","2009-09-04","hop","Planechase","150","https://scryfall.com/card/hop/150/island?utm_source=api"
"Swamp","2009-09-04","hop","Planechase","151","https://scryfall.com/card/hop/151/swamp?utm_source=api"
"Swamp","2009-09-04","hop","Planechase","152","https://scryfall.com/card/hop/152/swamp?utm_source=api"
"Swamp","2009-09-04","hop","Planechase","153","https://scryfall.com/card/hop/153/swamp?utm_source=api"
"Swamp","2009-09-04","hop","Planechase","154","https://scryfall.com/card/hop/154/swamp?utm_source=api"
"Swamp","2009-09-04","hop","Planechase","155","https://scryfall.com/card/hop/155/swamp?utm_source=api"
"Mountain","2009-09-04","hop","Planechase","156","https://scryfall.com/card/hop/156/mountain?utm_source=api"
"Mountain","2009-09-04","hop","Planechase","157","https://scryfall.com/card/hop/157/mountain?utm_source=api"
"Mountain","2009-09-04","hop","Planechase","158","https://scryfall.com/card/hop/158/mountain?utm_source=api"
"Mountain","2009-09-04","hop","Planechase","159","https://scryfall.com/card/hop/159/mountain?utm_source=api"
"Mountain","2009-09-04","hop","Planechase","160","https://scryfall.com/card/hop/160/mountain?utm_source=api"
"Mountain","2009-09-04","hop","Planechase","161","https://scryfall.com/card/hop/161/mountain?utm_source=api"
"Mountain","2009-09-04","hop","Planechase","162","https://scryfall.com/card/hop/162/mountain?utm_source=api"
"Mountain","2009-09-04","hop","Planechase","163","https://scryfall.com/card/hop/163/mountain?utm_source=api"
"Mountain","2009-09-04","hop","Planechase","164","https://scryfall.com/card/hop/164/mountain?utm_source=api"
"Forest","2009-09-04","hop","Planechase","165","https://scryfall.com/card/hop/165/forest?utm_source=api"
"Forest","2009-09-04","hop","Planechase","166","https://scryfall.com/card/hop/166/forest?utm_source=api"
"Forest","2009-09-04","hop","Planechase","167","https://scryfall.com/card/hop/167/forest?utm_source=api"
"Forest","2009-09-04","hop","Planechase","168","https://scryfall.com/card/hop/168/forest?utm_source=api"
"Forest","2009-09-04","hop","Planechase","169","https://scryfall.com/card/hop/169/forest?utm_source=api"
"Plains","2009-10-02","zen","Zendikar","230","https://scryfall.com/card/zen/230/plains?utm_source=api"
"Plains","2009-10-02","zen","Zendikar","230a","https://scryfall.com/card/zen/230a/plains?utm_source=api"
"Plains","2009-10-02","zen","Zendikar","231","https://scryfall.com/card/zen/231/plains?utm_source=api"
"Plains","2009-10-02","zen","Zendikar","231a","https://scryfall.com/card/zen/231a/plains?utm_source=api"
"Plains","2009-10-02","zen","Zendikar","232","https://scryfall.com/card/zen/232/plains?utm_source=api"
"Plains","2009-10-02","zen","Zendikar","232a","https://scryfall.com/card/zen/232a/plains?utm_source=api"
"Plains","2009-10-02","zen","Zendikar","233","https://scryfall.com/card/zen/233/plains?utm_source=api"
"Plains","2009-10-02","zen","Zendikar","233a","https://scryfall.com/card/zen/233a/plains?utm_source=api"
"Island","2009-10-02","zen","Zendikar","234","https://scryfall.com/card/zen/234/island?utm_source=api"
"Island","2009-10-02","zen","Zendikar","234a","https://scryfall.com/card/zen/234a/island?utm_source=api"
"Island","2009-10-02","zen","Zendikar","235","https://scryfall.com/card/zen/235/island?utm_source=api"
"Island","2009-10-02","zen","Zendikar","235a","https://scryfall.com/card/zen/235a/island?utm_source=api"
"Island","2009-10-02","zen","Zendikar","236","https://scryfall.com/card/zen/236/island?utm_source=api"
"Island","2009-10-02","zen","Zendikar","236a","https://scryfall.com/card/zen/236a/island?utm_source=api"
"Island","2009-10-02","zen","Zendikar","237","https://scryfall.com/card/zen/237/island?utm_source=api"
"Island","2009-10-02","zen","Zendikar","237a","https://scryfall.com/card/zen/237a/island?utm_source=api"
"Swamp","2009-10-02","zen","Zendikar","238","https://scryfall.com/card/zen/238/swamp?utm_source=api"
"Swamp","2009-10-02","zen","Zendikar","238a","https://scryfall.com/card/zen/238a/swamp?utm_source=api"
"Swamp","2009-10-02","zen","Zendikar","239","https://scryfall.com/card/zen/239/swamp?utm_source=api"
"Swamp","2009-10-02","zen","Zendikar","239a","https://scryfall.com/card/zen/239a/swamp?utm_source=api"
"Swamp","2009-10-02","zen","Zendikar","240","https://scryfall.com/card/zen/240/swamp?utm_source=api"
"Swamp","2009-10-02","zen","Zendikar","240a","https://scryfall.com/card/zen/240a/swamp?utm_source=api"
"Swamp","2009-10-02","zen","Zendikar","241","https://scryfall.com/card/zen/241/swamp?utm_source=api"
"Swamp","2009-10-02","zen","Zendikar","241a","https://scryfall.com/card/zen/241a/swamp?utm_source=api"
"Mountain","2009-10-02","zen","Zendikar","242","https://scryfall.com/card/zen/242/mountain?utm_source=api"
"Mountain","2009-10-02","zen","Zendikar","242a","https://scryfall.com/card/zen/242a/mountain?utm_source=api"
"Mountain","2009-10-02","zen","Zendikar","243","https://scryfall.com/card/zen/243/mountain?utm_source=api"
"Mountain","2009-10-02","zen","Zendikar","243a","https://scryfall.com/card/zen/243a/mountain?utm_source=api"
"Mountain","2009-10-02","zen","Zendikar","244","https://scryfall.com/card/zen/244/mountain?utm_source=api"
"Mountain","2009-10-02","zen","Zendikar","244a","https://scryfall.com/card/zen/244a/mountain?utm_source=api"
"Mountain","2009-10-02","zen","Zendikar","245","https://scryfall.com/card/zen/245/mountain?utm_source=api"
"Mountain","2009-10-02","zen","Zendikar","245a","https://scryfall.com/card/zen/245a/mountain?utm_source=api"
"Forest","2009-10-02","zen","Zendikar","246","https://scryfall.com/card/zen/246/forest?utm_source=api"
"Forest","2009-10-02","zen","Zendikar","246a","https://scryfall.com/card/zen/246a/forest?utm_source=api"
"Forest","2009-10-02","zen","Zendikar","247","https://scryfall.com/card/zen/247/forest?utm_source=api"
"Forest","2009-10-02","zen","Zendikar","247a","https://scryfall.com/card/zen/247a/forest?utm_source=api"
"Forest","2009-10-02","zen","Zendikar","248","https://scryfall.com/card/zen/248/forest?utm_source=api"
"Forest","2009-10-02","zen","Zendikar","248a","https://scryfall.com/card/zen/248a/forest?utm_source=api"
"Forest","2009-10-02","zen","Zendikar","249","https://scryfall.com/card/zen/249/forest?utm_source=api"
"Forest","2009-10-02","zen","Zendikar","249a","https://scryfall.com/card/zen/249a/forest?utm_source=api"
"Forest","2009-10-30","ddd","Duel Decks: Garruk vs. Liliana","28","https://scryfall.com/card/ddd/28/forest?utm_source=api"
"Forest","2009-10-30","ddd","Duel Decks: Garruk vs. Liliana","29","https://scryfall.com/card/ddd/29/forest?utm_source=api"
"Forest","2009-10-30","ddd","Duel Decks: Garruk vs. Liliana","30","https://scryfall.com/card/ddd/30/forest?utm_source=api"
"Forest","2009-10-30","ddd","Duel Decks: Garruk vs. Liliana","31","https://scryfall.com/card/ddd/31/forest?utm_source=api"
"Swamp","2009-10-30","ddd","Duel Decks: Garruk vs. Liliana","60","https://scryfall.com/card/ddd/60/swamp?utm_source=api"
"Swamp","2009-10-30","ddd","Duel Decks: Garruk vs. Liliana","61","https://scryfall.com/card/ddd/61/swamp?utm_source=api"
"Swamp","2009-10-30","ddd","Duel Decks: Garruk vs. Liliana","62","https://scryfall.com/card/ddd/62/swamp?utm_source=api"
"Swamp","2009-10-30","ddd","Duel Decks: Garruk vs. Liliana","63","https://scryfall.com/card/ddd/63/swamp?utm_source=api"
"Plains","2009-11-20","h09","Premium Deck Series: Slivers","37","https://scryfall.com/card/h09/37/plains?utm_source=api"
"Island","2009-11-20","h09","Premium Deck Series: Slivers","38","https://scryfall.com/card/h09/38/island?utm_source=api"
"Swamp","2009-11-20","h09","Premium Deck Series: Slivers","39","https://scryfall.com/card/h09/39/swamp?utm_source=api"
"Mountain","2009-11-20","h09","Premium Deck Series: Slivers","40","https://scryfall.com/card/h09/40/mountain?utm_source=api"
"Forest","2009-11-20","h09","Premium Deck Series: Slivers","41","https://scryfall.com/card/h09/41/forest?utm_source=api"
"Plains","2010-01-01","pmps10","Magic Premiere Shop 2010","1","https://scryfall.com/card/pmps10/1/ja/%E5%B9%B3%E5%9C%B0-(plains)?utm_source=api"
"Island","2010-01-01","pmps10","Magic Premiere Shop 2010","2","https://scryfall.com/card/pmps10/2/ja/%E5%B3%B6-(island)?utm_source=api"
"Swamp","2010-01-01","pmps10","Magic Premiere Shop 2010","3","https://scryfall.com/card/pmps10/3/ja/%E6%B2%BC-(swamp)?utm_source=api"
"Mountain","2010-01-01","pmps10","Magic Premiere Shop 2010","4","https://scryfall.com/card/pmps10/4/ja/%E5%B1%B1-(mountain)?utm_source=api"
"Forest","2010-01-01","pmps10","Magic Premiere Shop 2010","5","https://scryfall.com/card/pmps10/5/ja/%E6%A3%AE-(forest)?utm_source=api"
"Swamp","2010-03-19","dde","Duel Decks: Phyrexia vs. the Coalition","32","https://scryfall.com/card/dde/32/swamp?utm_source=api"
"Swamp","2010-03-19","dde","Duel Decks: Phyrexia vs. the Coalition","33","https://scryfall.com/card/dde/33/swamp?utm_source=api"
"Swamp","2010-03-19","dde","Duel Decks: Phyrexia vs. the Coalition","34","https://scryfall.com/card/dde/34/swamp?utm_source=api"
"Swamp","2010-03-19","dde","Duel Decks: Phyrexia vs. the Coalition","35","https://scryfall.com/card/dde/35/swamp?utm_source=api"
"Plains","2010-03-19","dde","Duel Decks: Phyrexia vs. the Coalition","67","https://scryfall.com/card/dde/67/plains?utm_source=api"
"Island","2010-03-19","dde","Duel Decks: Phyrexia vs. the Coalition","68","https://scryfall.com/card/dde/68/island?utm_source=api"
"Mountain","2010-03-19","dde","Duel Decks: Phyrexia vs. the Coalition","69","https://scryfall.com/card/dde/69/mountain?utm_source=api"
"Forest","2010-03-19","dde","Duel Decks: Phyrexia vs. the Coalition","70","https://scryfall.com/card/dde/70/forest?utm_source=api"
"Forest","2010-03-19","dde","Duel Decks: Phyrexia vs. the Coalition","71","https://scryfall.com/card/dde/71/forest?utm_source=api"
"Plains","2010-04-23","roe","Rise of the Eldrazi","229","https://scryfall.com/card/roe/229/plains?utm_source=api"
"Plains","2010-04-23","roe","Rise of the Eldrazi","230","https://scryfall.com/card/roe/230/plains?utm_source=api"
"Plains","2010-04-23","roe","Rise of the Eldrazi","231","https://scryfall.com/card/roe/231/plains?utm_source=api"
"Plains","2010-04-23","roe","Rise of the Eldrazi","232","https://scryfall.com/card/roe/232/plains?utm_source=api"
"Island","2010-04-23","roe","Rise of the Eldrazi","233","https://scryfall.com/card/roe/233/island?utm_source=api"
"Island","2010-04-23","roe","Rise of the Eldrazi","234","https://scryfall.com/card/roe/234/island?utm_source=api"
"Island","2010-04-23","roe","Rise of the Eldrazi","235","https://scryfall.com/card/roe/235/island?utm_source=api"
"Island","2010-04-23","roe","Rise of the Eldrazi","236","https://scryfall.com/card/roe/236/island?utm_source=api"
"Swamp","2010-04-23","roe","Rise of the Eldrazi","237","https://scryfall.com/card/roe/237/swamp?utm_source=api"
"Swamp","2010-04-23","roe","Rise of the Eldrazi","238","https://scryfall.com/card/roe/238/swamp?utm_source=api"
"Swamp","2010-04-23","roe","Rise of the Eldrazi","239","https://scryfall.com/card/roe/239/swamp?utm_source=api"
"Swamp","2010-04-23","roe","Rise of the Eldrazi","240","https://scryfall.com/card/roe/240/swamp?utm_source=api"
"Mountain","2010-04-23","roe","Rise of the Eldrazi","241","https://scryfall.com/card/roe/241/mountain?utm_source=api"
"Mountain","2010-04-23","roe","Rise of the Eldrazi","242","https://scryfall.com/card/roe/242/mountain?utm_source=api"
"Mountain","2010-04-23","roe","Rise of the Eldrazi","243","https://scryfall.com/card/roe/243/mountain?utm_source=api"
"Mountain","2010-04-23","roe","Rise of the Eldrazi","244","https://scryfall.com/card/roe/244/mountain?utm_source=api"
"Forest","2010-04-23","roe","Rise of the Eldrazi","245","https://scryfall.com/card/roe/245/forest?utm_source=api"
"Forest","2010-04-23","roe","Rise of the Eldrazi","246","https://scryfall.com/card/roe/246/forest?utm_source=api"
"Forest","2010-04-23","roe","Rise of the Eldrazi","247","https://scryfall.com/card/roe/247/forest?utm_source=api"
"Forest","2010-04-23","roe","Rise of the Eldrazi","248","https://scryfall.com/card/roe/248/forest?utm_source=api"
"Island","2010-06-04","dpa","Duels of the Planeswalkers","100","https://scryfall.com/card/dpa/100/island?utm_source=api"
"Island","2010-06-04","dpa","Duels of the Planeswalkers","101","https://scryfall.com/card/dpa/101/island?utm_source=api"
"Swamp","2010-06-04","dpa","Duels of the Planeswalkers","102","https://scryfall.com/card/dpa/102/swamp?utm_source=api"
"Swamp","2010-06-04","dpa","Duels of the Planeswalkers","103","https://scryfall.com/card/dpa/103/swamp?utm_source=api"
"Swamp","2010-06-04","dpa","Duels of the Planeswalkers","104","https://scryfall.com/card/dpa/104/swamp?utm_source=api"
"Swamp","2010-06-04","dpa","Duels of the Planeswalkers","105","https://scryfall.com/card/dpa/105/swamp?utm_source=api"
"Mountain","2010-06-04","dpa","Duels of the Planeswalkers","106","https://scryfall.com/card/dpa/106/mountain?utm_source=api"
"Mountain","2010-06-04","dpa","Duels of the Planeswalkers","107","https://scryfall.com/card/dpa/107/mountain?utm_source=api"
"Mountain","2010-06-04","dpa","Duels of the Planeswalkers","108","https://scryfall.com/card/dpa/108/mountain?utm_source=api"
"Mountain","2010-06-04","dpa","Duels of the Planeswalkers","109","https://scryfall.com/card/dpa/109/mountain?utm_source=api"
"Forest","2010-06-04","dpa","Duels of the Planeswalkers","110","https://scryfall.com/card/dpa/110/forest?utm_source=api"
"Forest","2010-06-04","dpa","Duels of the Planeswalkers","111","https://scryfall.com/card/dpa/111/forest?utm_source=api"
"Forest","2010-06-04","dpa","Duels of the Planeswalkers","112","https://scryfall.com/card/dpa/112/forest?utm_source=api"
"Forest","2010-06-04","dpa","Duels of the Planeswalkers","113","https://scryfall.com/card/dpa/113/forest?utm_source=api"
"Island","2010-06-04","dpa","Duels of the Planeswalkers","98","https://scryfall.com/card/dpa/98/island?utm_source=api"
"Island","2010-06-04","dpa","Duels of the Planeswalkers","99","https://scryfall.com/card/dpa/99/island?utm_source=api"
"Plains","2010-06-18","arc","Archenemy","137","https://scryfall.com/card/arc/137/plains?utm_source=api"
"Plains","2010-06-18","arc","Archenemy","138","https://scryfall.com/card/arc/138/plains?utm_source=api"
"Island","2010-06-18","arc","Archenemy","139","https://scryfall.com/card/arc/139/island?utm_source=api"
"Island","2010-06-18","arc","Archenemy","140","https://scryfall.com/card/arc/140/island?utm_source=api"
"Island","2010-06-18","arc","Archenemy","141","https://scryfall.com/card/arc/141/island?utm_source=api"
"Swamp","2010-06-18","arc","Archenemy","142","https://scryfall.com/card/arc/142/swamp?utm_source=api"
"Swamp","2010-06-18","arc","Archenemy","143","https://scryfall.com/card/arc/143/swamp?utm_source=api"
"Swamp","2010-06-18","arc","Archenemy","144","https://scryfall.com/card/arc/144/swamp?utm_source=api"
"Mountain","2010-06-18","arc","Archenemy","145","https://scryfall.com/card/arc/145/mountain?utm_source=api"
"Mountain","2010-06-18","arc","Archenemy","146","https://scryfall.com/card/arc/146/mountain?utm_source=api"
"Mountain","2010-06-18","arc","Archenemy","147","https://scryfall.com/card/arc/147/mountain?utm_source=api"
"Forest","2010-06-18","arc","Archenemy","148","https://scryfall.com/card/arc/148/forest?utm_source=api"
"Forest","2010-06-18","arc","Archenemy","149","https://scryfall.com/card/arc/149/forest?utm_source=api"
"Forest","2010-06-18","arc","Archenemy","150","https://scryfall.com/card/arc/150/forest?utm_source=api"
"Plains","2010-07-16","m11","Magic 2011","230","https://scryfall.com/card/m11/230/plains?utm_source=api"
"Plains","2010-07-16","m11","Magic 2011","231","https://scryfall.com/card/m11/231/plains?utm_source=api"
"Plains","2010-07-16","m11","Magic 2011","232","https://scryfall.com/card/m11/232/plains?utm_source=api"
"Plains","2010-07-16","m11","Magic 2011","233","https://scryfall.com/card/m11/233/plains?utm_source=api"
"Island","2010-07-16","m11","Magic 2011","234","https://scryfall.com/card/m11/234/island?utm_source=api"
"Island","2010-07-16","m11","Magic 2011","235","https://scryfall.com/card/m11/235/island?utm_source=api"
"Island","2010-07-16","m11","Magic 2011","236","https://scryfall.com/card/m11/236/island?utm_source=api"
"Island","2010-07-16","m11","Magic 2011","237","https://scryfall.com/card/m11/237/island?utm_source=api"
"Swamp","2010-07-16","m11","Magic 2011","238","https://scryfall.com/card/m11/238/swamp?utm_source=api"
"Swamp","2010-07-16","m11","Magic 2011","239","https://scryfall.com/card/m11/239/swamp?utm_source=api"
"Swamp","2010-07-16","m11","Magic 2011","240","https://scryfall.com/card/m11/240/swamp?utm_source=api"
"Swamp","2010-07-16","m11","Magic 2011","241","https://scryfall.com/card/m11/241/swamp?utm_source=api"
"Mountain","2010-07-16","m11","Magic 2011","242","https://scryfall.com/card/m11/242/mountain?utm_source=api"
"Mountain","2010-07-16","m11","Magic 2011","243","https://scryfall.com/card/m11/243/mountain?utm_source=api"
"Mountain","2010-07-16","m11","Magic 2011","244","https://scryfall.com/card/m11/244/mountain?utm_source=api"
"Mountain","2010-07-16","m11","Magic 2011","245","https://scryfall.com/card/m11/245/mountain?utm_source=api"
"Forest","2010-07-16","m11","Magic 2011","246","https://scryfall.com/card/m11/246/forest?utm_source=api"
"Forest","2010-07-16","m11","Magic 2011","247","https://scryfall.com/card/m11/247/forest?utm_source=api"
"Forest","2010-07-16","m11","Magic 2011","248","https://scryfall.com/card/m11/248/forest?utm_source=api"
"Forest","2010-07-16","m11","Magic 2011","249","https://scryfall.com/card/m11/249/forest?utm_source=api"
"Plains","2010-09-03","ddf","Duel Decks: Elspeth vs. Tezzeret","35","https://scryfall.com/card/ddf/35/plains?utm_source=api"
"Plains","2010-09-03","ddf","Duel Decks: Elspeth vs. Tezzeret","36","https://scryfall.com/card/ddf/36/plains?utm_source=api"
"Plains","2010-09-03","ddf","Duel Decks: Elspeth vs. Tezzeret","37","https://scryfall.com/card/ddf/37/plains?utm_source=api"
"Plains","2010-09-03","ddf","Duel Decks: Elspeth vs. Tezzeret","38","https://scryfall.com/card/ddf/38/plains?utm_source=api"
"Island","2010-09-03","ddf","Duel Decks: Elspeth vs. Tezzeret","76","https://scryfall.com/card/ddf/76/island?utm_source=api"
"Island","2010-09-03","ddf","Duel Decks: Elspeth vs. Tezzeret","77","https://scryfall.com/card/ddf/77/island?utm_source=api"
"Island","2010-09-03","ddf","Duel Decks: Elspeth vs. Tezzeret","78","https://scryfall.com/card/ddf/78/island?utm_source=api"
"Island","2010-09-03","ddf","Duel Decks: Elspeth vs. Tezzeret","79","https://scryfall.com/card/ddf/79/island?utm_source=api"
"Plains","2010-10-01","som","Scars of Mirrodin","230","https://scryfall.com/card/som/230/plains?utm_source=api"
"Plains","2010-10-01","som","Scars of Mirrodin","231","https://scryfall.com/card/som/231/plains?utm_source=api"
"Plains","2010-10-01","som","Scars of Mirrodin","232","https://scryfall.com/card/som/232/plains?utm_source=api"
"Plains","2010-10-01","som","Scars of Mirrodin","233","https://scryfall.com/card/som/233/plains?utm_source=api"
"Island","2010-10-01","som","Scars of Mirrodin","234","https://scryfall.com/card/som/234/island?utm_source=api"
"Island","2010-10-01","som","Scars of Mirrodin","235","https://scryfall.com/card/som/235/island?utm_source=api"
"Island","2010-10-01","som","Scars of Mirrodin","236","https://scryfall.com/card/som/236/island?utm_source=api"
"Island","2010-10-01","som","Scars of Mirrodin","237","https://scryfall.com/card/som/237/island?utm_source=api"
"Swamp","2010-10-01","som","Scars of Mirrodin","238","https://scryfall.com/card/som/238/swamp?utm_source=api"
"Swamp","2010-10-01","som","Scars of Mirrodin","239","https://scryfall.com/card/som/239/swamp?utm_source=api"
"Swamp","2010-10-01","som","Scars of Mirrodin","240","https://scryfall.com/card/som/240/swamp?utm_source=api"
"Swamp","2010-10-01","som","Scars of Mirrodin","241","https://scryfall.com/card/som/241/swamp?utm_source=api"
"Mountain","2010-10-01","som","Scars of Mirrodin","242","https://scryfall.com/card/som/242/mountain?utm_source=api"
"Mountain","2010-10-01","som","Scars of Mirrodin","243","https://scryfall.com/card/som/243/mountain?utm_source=api"
"Mountain","2010-10-01","som","Scars of Mirrodin","244","https://scryfall.com/card/som/244/mountain?utm_source=api"
"Mountain","2010-10-01","som","Scars of Mirrodin","245","https://scryfall.com/card/som/245/mountain?utm_source=api"
"Forest","2010-10-01","som","Scars of Mirrodin","246","https://scryfall.com/card/som/246/forest?utm_source=api"
"Forest","2010-10-01","som","Scars of Mirrodin","247","https://scryfall.com/card/som/247/forest?utm_source=api"
"Forest","2010-10-01","som","Scars of Mirrodin","248","https://scryfall.com/card/som/248/forest?utm_source=api"
"Forest","2010-10-01","som","Scars of Mirrodin","249","https://scryfall.com/card/som/249/forest?utm_source=api"
"Mountain","2010-11-19","pd2","Premium Deck Series: Fire and Lightning","31","https://scryfall.com/card/pd2/31/mountain?utm_source=api"
"Mountain","2010-11-19","pd2","Premium Deck Series: Fire and Lightning","32","https://scryfall.com/card/pd2/32/mountain?utm_source=api"
"Mountain","2010-11-19","pd2","Premium Deck Series: Fire and Lightning","33","https://scryfall.com/card/pd2/33/mountain?utm_source=api"
"Mountain","2010-11-19","pd2","Premium Deck Series: Fire and Lightning","34","https://scryfall.com/card/pd2/34/mountain?utm_source=api"
"Plains","2011-01-01","pmps11","Magic Premiere Shop 2011","1","https://scryfall.com/card/pmps11/1/ja/%E5%B9%B3%E5%9C%B0-(plains)?utm_source=api"
"Island","2011-01-01","pmps11","Magic Premiere Shop 2011","2","https://scryfall.com/card/pmps11/2/ja/%E5%B3%B6-(island)?utm_source=api"
"Swamp","2011-01-01","pmps11","Magic Premiere Shop 2011","3","https://scryfall.com/card/pmps11/3/ja/%E6%B2%BC-(swamp)?utm_source=api"
"Mountain","2011-01-01","pmps11","Magic Premiere Shop 2011","4","https://scryfall.com/card/pmps11/4/ja/%E5%B1%B1-(mountain)?utm_source=api"
"Forest","2011-01-01","pmps11","Magic Premiere Shop 2011","5","https://scryfall.com/card/pmps11/5/ja/%E6%A3%AE-(forest)?utm_source=api"
"Plains","2011-01-01","ps11","Salvat 2011","205","https://scryfall.com/card/ps11/205/es/llanura-(plains)?utm_source=api"
"Plains","2011-01-01","ps11","Salvat 2011","206","https://scryfall.com/card/ps11/206/es/llanura-(plains)?utm_source=api"
"Plains","2011-01-01","ps11","Salvat 2011","207","https://scryfall.com/card/ps11/207/es/llanura-(plains)?utm_source=api"
"Plains","2011-01-01","ps11","Salvat 2011","208","https://scryfall.com/card/ps11/208/es/llanura-(plains)?utm_source=api"
"Island","2011-01-01","ps11","Salvat 2011","209","https://scryfall.com/card/ps11/209/es/isla-(island)?utm_source=api"
"Island","2011-01-01","ps11","Salvat 2011","210","https://scryfall.com/card/ps11/210/es/isla-(island)?utm_source=api"
"Island","2011-01-01","ps11","Salvat 2011","211","https://scryfall.com/card/ps11/211/es/isla-(island)?utm_source=api"
"Island","2011-01-01","ps11","Salvat 2011","212","https://scryfall.com/card/ps11/212/es/isla-(island)?utm_source=api"
"Swamp","2011-01-01","ps11","Salvat 2011","213","https://scryfall.com/card/ps11/213/es/pantano-(swamp)?utm_source=api"
"Swamp","2011-01-01","ps11","Salvat 2011","214","https://scryfall.com/card/ps11/214/es/pantano-(swamp)?utm_source=api"
"Swamp","2011-01-01","ps11","Salvat 2011","215","https://scryfall.com/card/ps11/215/es/pantano-(swamp)?utm_source=api"
"Swamp","2011-01-01","ps11","Salvat 2011","216","https://scryfall.com/card/ps11/216/es/pantano-(swamp)?utm_source=api"
"Mountain","2011-01-01","ps11","Salvat 2011","217","https://scryfall.com/card/ps11/217/es/monta%C3%B1a-(mountain)?utm_source=api"
"Mountain","2011-01-01","ps11","Salvat 2011","218","https://scryfall.com/card/ps11/218/es/monta%C3%B1a-(mountain)?utm_source=api"
"Mountain","2011-01-01","ps11","Salvat 2011","219","https://scryfall.com/card/ps11/219/es/monta%C3%B1a-(mountain)?utm_source=api"
"Mountain","2011-01-01","ps11","Salvat 2011","220","https://scryfall.com/card/ps11/220/es/monta%C3%B1a-(mountain)?utm_source=api"
"Forest","2011-01-01","ps11","Salvat 2011","221","https://scryfall.com/card/ps11/221/es/bosque-(forest)?utm_source=api"
"Forest","2011-01-01","ps11","Salvat 2011","222","https://scryfall.com/card/ps11/222/es/bosque-(forest)?utm_source=api"
"Forest","2011-01-01","ps11","Salvat 2011","223","https://scryfall.com/card/ps11/223/es/bosque-(forest)?utm_source=api"
"Forest","2011-01-01","ps11","Salvat 2011","224","https://scryfall.com/card/ps11/224/es/bosque-(forest)?utm_source=api"
"Plains","2011-02-04","mbs","Mirrodin Besieged","146","https://scryfall.com/card/mbs/146/plains?utm_source=api"
"Plains","2011-02-04","mbs","Mirrodin Besieged","147","https://scryfall.com/card/mbs/147/plains?utm_source=api"
"Island","2011-02-04","mbs","Mirrodin Besieged","148","https://scryfall.com/card/mbs/148/island?utm_source=api"
"Island","2011-02-04","mbs","Mirrodin Besieged","149","https://scryfall.com/card/mbs/149/island?utm_source=api"
"Swamp","2011-02-04","mbs","Mirrodin Besieged","150","https://scryfall.com/card/mbs/150/swamp?utm_source=api"
"Swamp","2011-02-04","mbs","Mirrodin Besieged","151","https://scryfall.com/card/mbs/151/swamp?utm_source=api"
"Mountain","2011-02-04","mbs","Mirrodin Besieged","152","https://scryfall.com/card/mbs/152/mountain?utm_source=api"
"Mountain","2011-02-04","mbs","Mirrodin Besieged","153","https://scryfall.com/card/mbs/153/mountain?utm_source=api"
"Forest","2011-02-04","mbs","Mirrodin Besieged","154","https://scryfall.com/card/mbs/154/forest?utm_source=api"
"Forest","2011-02-04","mbs","Mirrodin Besieged","155","https://scryfall.com/card/mbs/155/forest?utm_source=api"
"Plains","2011-04-01","ddg","Duel Decks: Knights vs. Dragons","39","https://scryfall.com/card/ddg/39/plains?utm_source=api"
"Plains","2011-04-01","ddg","Duel Decks: Knights vs. Dragons","40","https://scryfall.com/card/ddg/40/plains?utm_source=api"
"Plains","2011-04-01","ddg","Duel Decks: Knights vs. Dragons","41","https://scryfall.com/card/ddg/41/plains?utm_source=api"
"Plains","2011-04-01","ddg","Duel Decks: Knights vs. Dragons","42","https://scryfall.com/card/ddg/42/plains?utm_source=api"
"Forest","2011-04-01","ddg","Duel Decks: Knights vs. Dragons","43","https://scryfall.com/card/ddg/43/forest?utm_source=api"
"Forest","2011-04-01","ddg","Duel Decks: Knights vs. Dragons","44","https://scryfall.com/card/ddg/44/forest?utm_source=api"
"Forest","2011-04-01","ddg","Duel Decks: Knights vs. Dragons","45","https://scryfall.com/card/ddg/45/forest?utm_source=api"
"Forest","2011-04-01","ddg","Duel Decks: Knights vs. Dragons","46","https://scryfall.com/card/ddg/46/forest?utm_source=api"
"Mountain","2011-04-01","ddg","Duel Decks: Knights vs. Dragons","78","https://scryfall.com/card/ddg/78/mountain?utm_source=api"
"Mountain","2011-04-01","ddg","Duel Decks: Knights vs. Dragons","79","https://scryfall.com/card/ddg/79/mountain?utm_source=api"
"Mountain","2011-04-01","ddg","Duel Decks: Knights vs. Dragons","80","https://scryfall.com/card/ddg/80/mountain?utm_source=api"
"Mountain","2011-04-01","ddg","Duel Decks: Knights vs. Dragons","81","https://scryfall.com/card/ddg/81/mountain?utm_source=api"
"Plains","2011-05-13","nph","New Phyrexia","166","https://scryfall.com/card/nph/166/plains?utm_source=api"
"Plains","2011-05-13","nph","New Phyrexia","167","https://scryfall.com/card/nph/167/plains?utm_source=api"
"Island","2011-05-13","nph","New Phyrexia","168","https://scryfall.com/card/nph/168/island?utm_source=api"
"Island","2011-05-13","nph","New Phyrexia","169","https://scryfall.com/card/nph/169/island?utm_source=api"
"Swamp","2011-05-13","nph","New Phyrexia","170","https://scryfall.com/card/nph/170/swamp?utm_source=api"
"Swamp","2011-05-13","nph","New Phyrexia","171","https://scryfall.com/card/nph/171/swamp?utm_source=api"
"Mountain","2011-05-13","nph","New Phyrexia","172","https://scryfall.com/card/nph/172/mountain?utm_source=api"
"Mountain","2011-05-13","nph","New Phyrexia","173","https://scryfall.com/card/nph/173/mountain?utm_source=api"
"Forest","2011-05-13","nph","New Phyrexia","174","https://scryfall.com/card/nph/174/forest?utm_source=api"
"Forest","2011-05-13","nph","New Phyrexia","175","https://scryfall.com/card/nph/175/forest?utm_source=api"
"Plains","2011-06-17","cmd","Commander 2011","299","https://scryfall.com/card/cmd/299/plains?utm_source=api"
"Plains","2011-06-17","cmd","Commander 2011","300","https://scryfall.com/card/cmd/300/plains?utm_source=api"
"Plains","2011-06-17","cmd","Commander 2011","301","https://scryfall.com/card/cmd/301/plains?utm_source=api"
"Plains","2011-06-17","cmd","Commander 2011","302","https://scryfall.com/card/cmd/302/plains?utm_source=api"
"Island","2011-06-17","cmd","Commander 2011","303","https://scryfall.com/card/cmd/303/island?utm_source=api"
"Island","2011-06-17","cmd","Commander 2011","304","https://scryfall.com/card/cmd/304/island?utm_source=api"
"Island","2011-06-17","cmd","Commander 2011","305","https://scryfall.com/card/cmd/305/island?utm_source=api"
"Island","2011-06-17","cmd","Commander 2011","306","https://scryfall.com/card/cmd/306/island?utm_source=api"
"Swamp","2011-06-17","cmd","Commander 2011","307","https://scryfall.com/card/cmd/307/swamp?utm_source=api"
"Swamp","2011-06-17","cmd","Commander 2011","308","https://scryfall.com/card/cmd/308/swamp?utm_source=api"
"Swamp","2011-06-17","cmd","Commander 2011","309","https://scryfall.com/card/cmd/309/swamp?utm_source=api"
"Swamp","2011-06-17","cmd","Commander 2011","310","https://scryfall.com/card/cmd/310/swamp?utm_source=api"
"Mountain","2011-06-17","cmd","Commander 2011","311","https://scryfall.com/card/cmd/311/mountain?utm_source=api"
"Mountain","2011-06-17","cmd","Commander 2011","312","https://scryfall.com/card/cmd/312/mountain?utm_source=api"
"Mountain","2011-06-17","cmd","Commander 2011","313","https://scryfall.com/card/cmd/313/mountain?utm_source=api"
"Mountain","2011-06-17","cmd","Commander 2011","314","https://scryfall.com/card/cmd/314/mountain?utm_source=api"
"Forest","2011-06-17","cmd","Commander 2011","315","https://scryfall.com/card/cmd/315/forest?utm_source=api"
"Forest","2011-06-17","cmd","Commander 2011","316","https://scryfall.com/card/cmd/316/forest?utm_source=api"
"Forest","2011-06-17","cmd","Commander 2011","317","https://scryfall.com/card/cmd/317/forest?utm_source=api"
"Forest","2011-06-17","cmd","Commander 2011","318","https://scryfall.com/card/cmd/318/forest?utm_source=api"
"Plains","2011-07-15","m12","Magic 2012","230","https://scryfall.com/card/m12/230/plains?utm_source=api"
"Plains","2011-07-15","m12","Magic 2012","231","https://scryfall.com/card/m12/231/plains?utm_source=api"
"Plains","2011-07-15","m12","Magic 2012","232","https://scryfall.com/card/m12/232/plains?utm_source=api"
"Plains","2011-07-15","m12","Magic 2012","233","https://scryfall.com/card/m12/233/plains?utm_source=api"
"Island","2011-07-15","m12","Magic 2012","234","https://scryfall.com/card/m12/234/island?utm_source=api"
"Island","2011-07-15","m12","Magic 2012","235","https://scryfall.com/card/m12/235/island?utm_source=api"
"Island","2011-07-15","m12","Magic 2012","236","https://scryfall.com/card/m12/236/island?utm_source=api"
"Island","2011-07-15","m12","Magic 2012","237","https://scryfall.com/card/m12/237/island?utm_source=api"
"Swamp","2011-07-15","m12","Magic 2012","238","https://scryfall.com/card/m12/238/swamp?utm_source=api"
"Swamp","2011-07-15","m12","Magic 2012","239","https://scryfall.com/card/m12/239/swamp?utm_source=api"
"Swamp","2011-07-15","m12","Magic 2012","240","https://scryfall.com/card/m12/240/swamp?utm_source=api"
"Swamp","2011-07-15","m12","Magic 2012","241","https://scryfall.com/card/m12/241/swamp?utm_source=api"
"Mountain","2011-07-15","m12","Magic 2012","242","https://scryfall.com/card/m12/242/mountain?utm_source=api"
"Mountain","2011-07-15","m12","Magic 2012","243","https://scryfall.com/card/m12/243/mountain?utm_source=api"
"Mountain","2011-07-15","m12","Magic 2012","244","https://scryfall.com/card/m12/244/mountain?utm_source=api"
"Mountain","2011-07-15","m12","Magic 2012","245","https://scryfall.com/card/m12/245/mountain?utm_source=api"
"Forest","2011-07-15","m12","Magic 2012","246","https://scryfall.com/card/m12/246/forest?utm_source=api"
"Forest","2011-07-15","m12","Magic 2012","247","https://scryfall.com/card/m12/247/forest?utm_source=api"
"Forest","2011-07-15","m12","Magic 2012","248","https://scryfall.com/card/m12/248/forest?utm_source=api"
"Forest","2011-07-15","m12","Magic 2012","249","https://scryfall.com/card/m12/249/forest?utm_source=api"
"Forest","2011-09-02","ddh","Duel Decks: Ajani vs. Nicol Bolas","38","https://scryfall.com/card/ddh/38/forest?utm_source=api"
"Forest","2011-09-02","ddh","Duel Decks: Ajani vs. Nicol Bolas","39","https://scryfall.com/card/ddh/39/forest?utm_source=api"
"Plains","2011-09-02","ddh","Duel Decks: Ajani vs. Nicol Bolas","40","https://scryfall.com/card/ddh/40/plains?utm_source=api"
"Mountain","2011-09-02","ddh","Duel Decks: Ajani vs. Nicol Bolas","41","https://scryfall.com/card/ddh/41/mountain?utm_source=api"
"Swamp","2011-09-02","ddh","Duel Decks: Ajani vs. Nicol Bolas","77","https://scryfall.com/card/ddh/77/swamp?utm_source=api"
"Swamp","2011-09-02","ddh","Duel Decks: Ajani vs. Nicol Bolas","78","https://scryfall.com/card/ddh/78/swamp?utm_source=api"
"Island","2011-09-02","ddh","Duel Decks: Ajani vs. Nicol Bolas","79","https://scryfall.com/card/ddh/79/island?utm_source=api"
"Mountain","2011-09-02","ddh","Duel Decks: Ajani vs. Nicol Bolas","80","https://scryfall.com/card/ddh/80/mountain?utm_source=api"
"Plains","2011-09-30","isd","Innistrad","250","https://scryfall.com/card/isd/250/plains?utm_source=api"
"Plains","2011-09-30","isd","Innistrad","251","https://scryfall.com/card/isd/251/plains?utm_source=api"
"Plains","2011-09-30","isd","Innistrad","252","https://scryfall.com/card/isd/252/plains?utm_source=api"
"Island","2011-09-30","isd","Innistrad","253","https://scryfall.com/card/isd/253/island?utm_source=api"
"Island","2011-09-30","isd","Innistrad","254","https://scryfall.com/card/isd/254/island?utm_source=api"
"Island","2011-09-30","isd","Innistrad","255","https://scryfall.com/card/isd/255/island?utm_source=api"
"Swamp","2011-09-30","isd","Innistrad","256","https://scryfall.com/card/isd/256/swamp?utm_source=api"
"Swamp","2011-09-30","isd","Innistrad","257","https://scryfall.com/card/isd/257/swamp?utm_source=api"
"Swamp","2011-09-30","isd","Innistrad","258","https://scryfall.com/card/isd/258/swamp?utm_source=api"
"Mountain","2011-09-30","isd","Innistrad","259","https://scryfall.com/card/isd/259/mountain?utm_source=api"
"Mountain","2011-09-30","isd","Innistrad","260","https://scryfall.com/card/isd/260/mountain?utm_source=api"
"Mountain","2011-09-30","isd","Innistrad","261","https://scryfall.com/card/isd/261/mountain?utm_source=api"
"Forest","2011-09-30","isd","Innistrad","262","https://scryfall.com/card/isd/262/forest?utm_source=api"
"Forest","2011-09-30","isd","Innistrad","263","https://scryfall.com/card/isd/263/forest?utm_source=api"
"Forest","2011-09-30","isd","Innistrad","264","https://scryfall.com/card/isd/264/forest?utm_source=api"
"Swamp","2011-11-18","pd3","Premium Deck Series: Graveborn","27","https://scryfall.com/card/pd3/27/swamp?utm_source=api"
"Swamp","2011-11-18","pd3","Premium Deck Series: Graveborn","28","https://scryfall.com/card/pd3/28/swamp?utm_source=api"
"Swamp","2011-11-18","pd3","Premium Deck Series: Graveborn","29","https://scryfall.com/card/pd3/29/swamp?utm_source=api"
"Swamp","2011-11-18","pd3","Premium Deck Series: Graveborn","30","https://scryfall.com/card/pd3/30/swamp?utm_source=api"
"Plains","2012-03-30","ddi","Duel Decks: Venser vs. Koth","38","https://scryfall.com/card/ddi/38/plains?utm_source=api"
"Plains","2012-03-30","ddi","Duel Decks: Venser vs. Koth","39","https://scryfall.com/card/ddi/39/plains?utm_source=api"
"Plains","2012-03-30","ddi","Duel Decks: Venser vs. Koth","40","https://scryfall.com/card/ddi/40/plains?utm_source=api"
"Island","2012-03-30","ddi","Duel Decks: Venser vs. Koth","41","https://scryfall.com/card/ddi/41/island?utm_source=api"
"Island","2012-03-30","ddi","Duel Decks: Venser vs. Koth","42","https://scryfall.com/card/ddi/42/island?utm_source=api"
"Island","2012-03-30","ddi","Duel Decks: Venser vs. Koth","43","https://scryfall.com/card/ddi/43/island?utm_source=api"
"Mountain","2012-03-30","ddi","Duel Decks: Venser vs. Koth","74","https://scryfall.com/card/ddi/74/mountain?utm_source=api"
"Mountain","2012-03-30","ddi","Duel Decks: Venser vs. Koth","75","https://scryfall.com/card/ddi/75/mountain?utm_source=api"
"Mountain","2012-03-30","ddi","Duel Decks: Venser vs. Koth","76","https://scryfall.com/card/ddi/76/mountain?utm_source=api"
"Mountain","2012-03-30","ddi","Duel Decks: Venser vs. Koth","77","https://scryfall.com/card/ddi/77/mountain?utm_source=api"
"Plains","2012-05-04","avr","Avacyn Restored","230","https://scryfall.com/card/avr/230/plains?utm_source=api"
"Plains","2012-05-04","avr","Avacyn Restored","231","https://scryfall.com/card/avr/231/plains?utm_source=api"
"Plains","2012-05-04","avr","Avacyn Restored","232","https://scryfall.com/card/avr/232/plains?utm_source=api"
"Island","2012-05-04","avr","Avacyn Restored","233","https://scryfall.com/card/avr/233/island?utm_source=api"
"Island","2012-05-04","avr","Avacyn Restored","234","https://scryfall.com/card/avr/234/island?utm_source=api"
"Island","2012-05-04","avr","Avacyn Restored","235","https://scryfall.com/card/avr/235/island?utm_source=api"
"Swamp","2012-05-04","avr","Avacyn Restored","236","https://scryfall.com/card/avr/236/swamp?utm_source=api"
"Swamp","2012-05-04","avr","Avacyn Restored","237","https://scryfall.com/card/avr/237/swamp?utm_source=api"
"Swamp","2012-05-04","avr","Avacyn Restored","238","https://scryfall.com/card/avr/238/swamp?utm_source=api"
"Mountain","2012-05-04","avr","Avacyn Restored","239","https://scryfall.com/card/avr/239/mountain?utm_source=api"
"Mountain","2012-05-04","avr","Avacyn Restored","240","https://scryfall.com/card/avr/240/mountain?utm_source=api"
"Mountain","2012-05-04","avr","Avacyn Restored","241","https://scryfall.com/card/avr/241/mountain?utm_source=api"
"Forest","2012-05-04","avr","Avacyn Restored","242","https://scryfall.com/card/avr/242/forest?utm_source=api"
"Forest","2012-05-04","avr","Avacyn Restored","243","https://scryfall.com/card/avr/243/forest?utm_source=api"
"Forest","2012-05-04","avr","Avacyn Restored","244","https://scryfall.com/card/avr/244/forest?utm_source=api"
"Plains","2012-06-01","pc2","Planechase 2012","132","https://scryfall.com/card/pc2/132/plains?utm_source=api"
"Plains","2012-06-01","pc2","Planechase 2012","133","https://scryfall.com/card/pc2/133/plains?utm_source=api"
"Plains","2012-06-01","pc2","Planechase 2012","134","https://scryfall.com/card/pc2/134/plains?utm_source=api"
"Plains","2012-06-01","pc2","Planechase 2012","135","https://scryfall.com/card/pc2/135/plains?utm_source=api"
"Plains","2012-06-01","pc2","Planechase 2012","136","https://scryfall.com/card/pc2/136/plains?utm_source=api"
"Island","2012-06-01","pc2","Planechase 2012","137","https://scryfall.com/card/pc2/137/island?utm_source=api"
"Island","2012-06-01","pc2","Planechase 2012","138","https://scryfall.com/card/pc2/138/island?utm_source=api"
"Island","2012-06-01","pc2","Planechase 2012","139","https://scryfall.com/card/pc2/139/island?utm_source=api"
"Island","2012-06-01","pc2","Planechase 2012","140","https://scryfall.com/card/pc2/140/island?utm_source=api"
"Island","2012-06-01","pc2","Planechase 2012","141","https://scryfall.com/card/pc2/141/island?utm_source=api"
"Swamp","2012-06-01","pc2","Planechase 2012","142","https://scryfall.com/card/pc2/142/swamp?utm_source=api"
"Swamp","2012-06-01","pc2","Planechase 2012","143","https://scryfall.com/card/pc2/143/swamp?utm_source=api"
"Swamp","2012-06-01","pc2","Planechase 2012","144","https://scryfall.com/card/pc2/144/swamp?utm_source=api"
"Swamp","2012-06-01","pc2","Planechase 2012","145","https://scryfall.com/card/pc2/145/swamp?utm_source=api"
"Swamp","2012-06-01","pc2","Planechase 2012","146","https://scryfall.com/card/pc2/146/swamp?utm_source=api"
"Mountain","2012-06-01","pc2","Planechase 2012","147","https://scryfall.com/card/pc2/147/mountain?utm_source=api"
"Mountain","2012-06-01","pc2","Planechase 2012","148","https://scryfall.com/card/pc2/148/mountain?utm_source=api"
"Mountain","2012-06-01","pc2","Planechase 2012","149","https://scryfall.com/card/pc2/149/mountain?utm_source=api"
"Mountain","2012-06-01","pc2","Planechase 2012","150","https://scryfall.com/card/pc2/150/mountain?utm_source=api"
"Forest","2012-06-01","pc2","Planechase 2012","151","https://scryfall.com/card/pc2/151/forest?utm_source=api"
"Forest","2012-06-01","pc2","Planechase 2012","152","https://scryfall.com/card/pc2/152/forest?utm_source=api"
"Forest","2012-06-01","pc2","Planechase 2012","153","https://scryfall.com/card/pc2/153/forest?utm_source=api"
"Forest","2012-06-01","pc2","Planechase 2012","154","https://scryfall.com/card/pc2/154/forest?utm_source=api"
"Forest","2012-06-01","pc2","Planechase 2012","155","https://scryfall.com/card/pc2/155/forest?utm_source=api"
"Forest","2012-06-01","pc2","Planechase 2012","156","https://scryfall.com/card/pc2/156/forest?utm_source=api"
"Plains","2012-07-13","m13","Magic 2013","230","https://scryfall.com/card/m13/230/plains?utm_source=api"
"Plains","2012-07-13","m13","Magic 2013","231","https://scryfall.com/card/m13/231/plains?utm_source=api"
"Plains","2012-07-13","m13","Magic 2013","232","https://scryfall.com/card/m13/232/plains?utm_source=api"
"Plains","2012-07-13","m13","Magic 2013","233","https://scryfall.com/card/m13/233/plains?utm_source=api"
"Island","2012-07-13","m13","Magic 2013","234","https://scryfall.com/card/m13/234/island?utm_source=api"
"Island","2012-07-13","m13","Magic 2013","235","https://scryfall.com/card/m13/235/island?utm_source=api"
"Island","2012-07-13","m13","Magic 2013","236","https://scryfall.com/card/m13/236/island?utm_source=api"
"Island","2012-07-13","m13","Magic 2013","237","https://scryfall.com/card/m13/237/island?utm_source=api"
"Swamp","2012-07-13","m13","Magic 2013","238","https://scryfall.com/card/m13/238/swamp?utm_source=api"
"Swamp","2012-07-13","m13","Magic 2013","239","https://scryfall.com/card/m13/239/swamp?utm_source=api"
"Swamp","2012-07-13","m13","Magic 2013","240","https://scryfall.com/card/m13/240/swamp?utm_source=api"
"Swamp","2012-07-13","m13","Magic 2013","241","https://scryfall.com/card/m13/241/swamp?utm_source=api"
"Mountain","2012-07-13","m13","Magic 2013","242","https://scryfall.com/card/m13/242/mountain?utm_source=api"
"Mountain","2012-07-13","m13","Magic 2013","243","https://scryfall.com/card/m13/243/mountain?utm_source=api"
"Mountain","2012-07-13","m13","Magic 2013","244","https://scryfall.com/card/m13/244/mountain?utm_source=api"
"Mountain","2012-07-13","m13","Magic 2013","245","https://scryfall.com/card/m13/245/mountain?utm_source=api"
"Forest","2012-07-13","m13","Magic 2013","246","https://scryfall.com/card/m13/246/forest?utm_source=api"
"Forest","2012-07-13","m13","Magic 2013","247","https://scryfall.com/card/m13/247/forest?utm_source=api"
"Forest","2012-07-13","m13","Magic 2013","248","https://scryfall.com/card/m13/248/forest?utm_source=api"
"Forest","2012-07-13","m13","Magic 2013","249","https://scryfall.com/card/m13/249/forest?utm_source=api"
"Island","2012-09-07","ddj","Duel Decks: Izzet vs. Golgari","37","https://scryfall.com/card/ddj/37/island?utm_source=api"
"Island","2012-09-07","ddj","Duel Decks: Izzet vs. Golgari","38","https://scryfall.com/card/ddj/38/island?utm_source=api"
"Island","2012-09-07","ddj","Duel Decks: Izzet vs. Golgari","39","https://scryfall.com/card/ddj/39/island?utm_source=api"
"Island","2012-09-07","ddj","Duel Decks: Izzet vs. Golgari","40","https://scryfall.com/card/ddj/40/island?utm_source=api"
"Mountain","2012-09-07","ddj","Duel Decks: Izzet vs. Golgari","41","https://scryfall.com/card/ddj/41/mountain?utm_source=api"
"Mountain","2012-09-07","ddj","Duel Decks: Izzet vs. Golgari","42","https://scryfall.com/card/ddj/42/mountain?utm_source=api"
"Mountain","2012-09-07","ddj","Duel Decks: Izzet vs. Golgari","43","https://scryfall.com/card/ddj/43/mountain?utm_source=api"
"Mountain","2012-09-07","ddj","Duel Decks: Izzet vs. Golgari","44","https://scryfall.com/card/ddj/44/mountain?utm_source=api"
"Swamp","2012-09-07","ddj","Duel Decks: Izzet vs. Golgari","83","https://scryfall.com/card/ddj/83/swamp?utm_source=api"
"Swamp","2012-09-07","ddj","Duel Decks: Izzet vs. Golgari","84","https://scryfall.com/card/ddj/84/swamp?utm_source=api"
"Swamp","2012-09-07","ddj","Duel Decks: Izzet vs. Golgari","85","https://scryfall.com/card/ddj/85/swamp?utm_source=api"
"Swamp","2012-09-07","ddj","Duel Decks: Izzet vs. Golgari","86","https://scryfall.com/card/ddj/86/swamp?utm_source=api"
"Forest","2012-09-07","ddj","Duel Decks: Izzet vs. Golgari","87","https://scryfall.com/card/ddj/87/forest?utm_source=api"
"Forest","2012-09-07","ddj","Duel Decks: Izzet vs. Golgari","88","https://scryfall.com/card/ddj/88/forest?utm_source=api"
"Forest","2012-09-07","ddj","Duel Decks: Izzet vs. Golgari","89","https://scryfall.com/card/ddj/89/forest?utm_source=api"
"Forest","2012-09-07","ddj","Duel Decks: Izzet vs. Golgari","90","https://scryfall.com/card/ddj/90/forest?utm_source=api"
"Plains","2012-10-05","rtr","Return to Ravnica","250","https://scryfall.com/card/rtr/250/plains?utm_source=api"
"Plains","2012-10-05","rtr","Return to Ravnica","251","https://scryfall.com/card/rtr/251/plains?utm_source=api"
"Plains","2012-10-05","rtr","Return to Ravnica","252","https://scryfall.com/card/rtr/252/plains?utm_source=api"
"Plains","2012-10-05","rtr","Return to Ravnica","253","https://scryfall.com/card/rtr/253/plains?utm_source=api"
"Plains","2012-10-05","rtr","Return to Ravnica","254","https://scryfall.com/card/rtr/254/plains?utm_source=api"
"Island","2012-10-05","rtr","Return to Ravnica","255","https://scryfall.com/card/rtr/255/island?utm_source=api"
"Island","2012-10-05","rtr","Return to Ravnica","256","https://scryfall.com/card/rtr/256/island?utm_source=api"
"Island","2012-10-05","rtr","Return to Ravnica","257","https://scryfall.com/card/rtr/257/island?utm_source=api"
"Island","2012-10-05","rtr","Return to Ravnica","258","https://scryfall.com/card/rtr/258/island?utm_source=api"
"Island","2012-10-05","rtr","Return to Ravnica","259","https://scryfall.com/card/rtr/259/island?utm_source=api"
"Swamp","2012-10-05","rtr","Return to Ravnica","260","https://scryfall.com/card/rtr/260/swamp?utm_source=api"
"Swamp","2012-10-05","rtr","Return to Ravnica","261","https://scryfall.com/card/rtr/261/swamp?utm_source=api"
"Swamp","2012-10-05","rtr","Return to Ravnica","262","https://scryfall.com/card/rtr/262/swamp?utm_source=api"
"Swamp","2012-10-05","rtr","Return to Ravnica","263","https://scryfall.com/card/rtr/263/swamp?utm_source=api"
"Swamp","2012-10-05","rtr","Return to Ravnica","264","https://scryfall.com/card/rtr/264/swamp?utm_source=api"
"Mountain","2012-10-05","rtr","Return to Ravnica","265","https://scryfall.com/card/rtr/265/mountain?utm_source=api"
"Mountain","2012-10-05","rtr","Return to Ravnica","266","https://scryfall.com/card/rtr/266/mountain?utm_source=api"
"Mountain","2012-10-05","rtr","Return to Ravnica","267","https://scryfall.com/card/rtr/267/mountain?utm_source=api"
"Mountain","2012-10-05","rtr","Return to Ravnica","268","https://scryfall.com/card/rtr/268/mountain?utm_source=api"
"Mountain","2012-10-05","rtr","Return to Ravnica","269","https://scryfall.com/card/rtr/269/mountain?utm_source=api"
"Forest","2012-10-05","rtr","Return to Ravnica","270","https://scryfall.com/card/rtr/270/forest?utm_source=api"
"Forest","2012-10-05","rtr","Return to Ravnica","271","https://scryfall.com/card/rtr/271/forest?utm_source=api"
"Forest","2012-10-05","rtr","Return to Ravnica","272","https://scryfall.com/card/rtr/272/forest?utm_source=api"
"Forest","2012-10-05","rtr","Return to Ravnica","273","https://scryfall.com/card/rtr/273/forest?utm_source=api"
"Forest","2012-10-05","rtr","Return to Ravnica","274","https://scryfall.com/card/rtr/274/forest?utm_source=api"
"Swamp","2013-03-15","ddk","Duel Decks: Sorin vs. Tibalt","35","https://scryfall.com/card/ddk/35/swamp?utm_source=api"
"Swamp","2013-03-15","ddk","Duel Decks: Sorin vs. Tibalt","36","https://scryfall.com/card/ddk/36/swamp?utm_source=api"
"Swamp","2013-03-15","ddk","Duel Decks: Sorin vs. Tibalt","37","https://scryfall.com/card/ddk/37/swamp?utm_source=api"
"Plains","2013-03-15","ddk","Duel Decks: Sorin vs. Tibalt","38","https://scryfall.com/card/ddk/38/plains?utm_source=api"
"Plains","2013-03-15","ddk","Duel Decks: Sorin vs. Tibalt","39","https://scryfall.com/card/ddk/39/plains?utm_source=api"
"Plains","2013-03-15","ddk","Duel Decks: Sorin vs. Tibalt","40","https://scryfall.com/card/ddk/40/plains?utm_source=api"
"Mountain","2013-03-15","ddk","Duel Decks: Sorin vs. Tibalt","75","https://scryfall.com/card/ddk/75/mountain?utm_source=api"
"Mountain","2013-03-15","ddk","Duel Decks: Sorin vs. Tibalt","76","https://scryfall.com/card/ddk/76/mountain?utm_source=api"
"Mountain","2013-03-15","ddk","Duel Decks: Sorin vs. Tibalt","77","https://scryfall.com/card/ddk/77/mountain?utm_source=api"
"Swamp","2013-03-15","ddk","Duel Decks: Sorin vs. Tibalt","78","https://scryfall.com/card/ddk/78/swamp?utm_source=api"
"Swamp","2013-03-15","ddk","Duel Decks: Sorin vs. Tibalt","79","https://scryfall.com/card/ddk/79/swamp?utm_source=api"
"Swamp","2013-03-15","ddk","Duel Decks: Sorin vs. Tibalt","80","https://scryfall.com/card/ddk/80/swamp?utm_source=api"
"Plains","2013-04-27","pdgm","Dragon's Maze Promos","157★","https://scryfall.com/card/pdgm/157%E2%98%85/plains?utm_source=api"
"Plains","2013-07-19","m14","Magic 2014","230","https://scryfall.com/card/m14/230/plains?utm_source=api"
"Plains","2013-07-19","m14","Magic 2014","231","https://scryfall.com/card/m14/231/plains?utm_source=api"
"Plains","2013-07-19","m14","Magic 2014","232","https://scryfall.com/card/m14/232/plains?utm_source=api"
"Plains","2013-07-19","m14","Magic 2014","233","https://scryfall.com/card/m14/233/plains?utm_source=api"
"Island","2013-07-19","m14","Magic 2014","234","https://scryfall.com/card/m14/234/island?utm_source=api"
"Island","2013-07-19","m14","Magic 2014","235","https://scryfall.com/card/m14/235/island?utm_source=api"
"Island","2013-07-19","m14","Magic 2014","236","https://scryfall.com/card/m14/236/island?utm_source=api"
"Island","2013-07-19","m14","Magic 2014","237","https://scryfall.com/card/m14/237/island?utm_source=api"
"Swamp","2013-07-19","m14","Magic 2014","238","https://scryfall.com/card/m14/238/swamp?utm_source=api"
"Swamp","2013-07-19","m14","Magic 2014","239","https://scryfall.com/card/m14/239/swamp?utm_source=api"
"Swamp","2013-07-19","m14","Magic 2014","240","https://scryfall.com/card/m14/240/swamp?utm_source=api"
"Swamp","2013-07-19","m14","Magic 2014","241","https://scryfall.com/card/m14/241/swamp?utm_source=api"
"Mountain","2013-07-19","m14","Magic 2014","242","https://scryfall.com/card/m14/242/mountain?utm_source=api"
"Mountain","2013-07-19","m14","Magic 2014","243","https://scryfall.com/card/m14/243/mountain?utm_source=api"
"Mountain","2013-07-19","m14","Magic 2014","244","https://scryfall.com/card/m14/244/mountain?utm_source=api"
"Mountain","2013-07-19","m14","Magic 2014","245","https://scryfall.com/card/m14/245/mountain?utm_source=api"
"Forest","2013-07-19","m14","Magic 2014","246","https://scryfall.com/card/m14/246/forest?utm_source=api"
"Forest","2013-07-19","m14","Magic 2014","247","https://scryfall.com/card/m14/247/forest?utm_source=api"
"Forest","2013-07-19","m14","Magic 2014","248","https://scryfall.com/card/m14/248/forest?utm_source=api"
"Forest","2013-07-19","m14","Magic 2014","249","https://scryfall.com/card/m14/249/forest?utm_source=api"
"Mountain","2013-09-06","ddl","Duel Decks: Heroes vs. Monsters","35","https://scryfall.com/card/ddl/35/mountain?utm_source=api"
"Mountain","2013-09-06","ddl","Duel Decks: Heroes vs. Monsters","36","https://scryfall.com/card/ddl/36/mountain?utm_source=api"
"Mountain","2013-09-06","ddl","Duel Decks: Heroes vs. Monsters","37","https://scryfall.com/card/ddl/37/mountain?utm_source=api"
"Mountain","2013-09-06","ddl","Duel Decks: Heroes vs. Monsters","38","https://scryfall.com/card/ddl/38/mountain?utm_source=api"
"Plains","2013-09-06","ddl","Duel Decks: Heroes vs. Monsters","39","https://scryfall.com/card/ddl/39/plains?utm_source=api"
"Plains","2013-09-06","ddl","Duel Decks: Heroes vs. Monsters","40","https://scryfall.com/card/ddl/40/plains?utm_source=api"
"Plains","2013-09-06","ddl","Duel Decks: Heroes vs. Monsters","41","https://scryfall.com/card/ddl/41/plains?utm_source=api"
"Plains","2013-09-06","ddl","Duel Decks: Heroes vs. Monsters","42","https://scryfall.com/card/ddl/42/plains?utm_source=api"
"Mountain","2013-09-06","ddl","Duel Decks: Heroes vs. Monsters","74","https://scryfall.com/card/ddl/74/mountain?utm_source=api"
"Mountain","2013-09-06","ddl","Duel Decks: Heroes vs. Monsters","75","https://scryfall.com/card/ddl/75/mountain?utm_source=api"
"Mountain","2013-09-06","ddl","Duel Decks: Heroes vs. Monsters","76","https://scryfall.com/card/ddl/76/mountain?utm_source=api"
"Mountain","2013-09-06","ddl","Duel Decks: Heroes vs. Monsters","77","https://scryfall.com/card/ddl/77/mountain?utm_source=api"
"Forest","2013-09-06","ddl","Duel Decks: Heroes vs. Monsters","78","https://scryfall.com/card/ddl/78/forest?utm_source=api"
"Forest","2013-09-06","ddl","Duel Decks: Heroes vs. Monsters","79","https://scryfall.com/card/ddl/79/forest?utm_source=api"
"Forest","2013-09-06","ddl","Duel Decks: Heroes vs. Monsters","80","https://scryfall.com/card/ddl/80/forest?utm_source=api"
"Forest","2013-09-06","ddl","Duel Decks: Heroes vs. Monsters","81","https://scryfall.com/card/ddl/81/forest?utm_source=api"
"Plains","2013-09-27","ths","Theros","230","https://scryfall.com/card/ths/230/plains?utm_source=api"
"Plains","2013-09-27","ths","Theros","231","https://scryfall.com/card/ths/231/plains?utm_source=api"
"Plains","2013-09-27","ths","Theros","232","https://scryfall.com/card/ths/232/plains?utm_source=api"
"Plains","2013-09-27","ths","Theros","233","https://scryfall.com/card/ths/233/plains?utm_source=api"
"Island","2013-09-27","ths","Theros","234","https://scryfall.com/card/ths/234/island?utm_source=api"
"Island","2013-09-27","ths","Theros","235","https://scryfall.com/card/ths/235/island?utm_source=api"
"Island","2013-09-27","ths","Theros","236","https://scryfall.com/card/ths/236/island?utm_source=api"
"Island","2013-09-27","ths","Theros","237","https://scryfall.com/card/ths/237/island?utm_source=api"
"Swamp","2013-09-27","ths","Theros","238","https://scryfall.com/card/ths/238/swamp?utm_source=api"
"Swamp","2013-09-27","ths","Theros","239","https://scryfall.com/card/ths/239/swamp?utm_source=api"
"Swamp","2013-09-27","ths","Theros","240","https://scryfall.com/card/ths/240/swamp?utm_source=api"
"Swamp","2013-09-27","ths","Theros","241","https://scryfall.com/card/ths/241/swamp?utm_source=api"
"Mountain","2013-09-27","ths","Theros","242","https://scryfall.com/card/ths/242/mountain?utm_source=api"
"Mountain","2013-09-27","ths","Theros","243","https://scryfall.com/card/ths/243/mountain?utm_source=api"
"Mountain","2013-09-27","ths","Theros","244","https://scryfall.com/card/ths/244/mountain?utm_source=api"
"Mountain","2013-09-27","ths","Theros","245","https://scryfall.com/card/ths/245/mountain?utm_source=api"
"Forest","2013-09-27","ths","Theros","246","https://scryfall.com/card/ths/246/forest?utm_source=api"
"Forest","2013-09-27","ths","Theros","247","https://scryfall.com/card/ths/247/forest?utm_source=api"
"Forest","2013-09-27","ths","Theros","248","https://scryfall.com/card/ths/248/forest?utm_source=api"
"Forest","2013-09-27","ths","Theros","249","https://scryfall.com/card/ths/249/forest?utm_source=api"
"Plains","2013-11-01","c13","Commander 2013","337","https://scryfall.com/card/c13/337/plains?utm_source=api"
"Plains","2013-11-01","c13","Commander 2013","338","https://scryfall.com/card/c13/338/plains?utm_source=api"
"Plains","2013-11-01","c13","Commander 2013","339","https://scryfall.com/card/c13/339/plains?utm_source=api"
"Plains","2013-11-01","c13","Commander 2013","340","https://scryfall.com/card/c13/340/plains?utm_source=api"
"Island","2013-11-01","c13","Commander 2013","341","https://scryfall.com/card/c13/341/island?utm_source=api"
"Island","2013-11-01","c13","Commander 2013","342","https://scryfall.com/card/c13/342/island?utm_source=api"
"Island","2013-11-01","c13","Commander 2013","343","https://scryfall.com/card/c13/343/island?utm_source=api"
"Island","2013-11-01","c13","Commander 2013","344","https://scryfall.com/card/c13/344/island?utm_source=api"
"Swamp","2013-11-01","c13","Commander 2013","345","https://scryfall.com/card/c13/345/swamp?utm_source=api"
"Swamp","2013-11-01","c13","Commander 2013","346","https://scryfall.com/card/c13/346/swamp?utm_source=api"
"Swamp","2013-11-01","c13","Commander 2013","347","https://scryfall.com/card/c13/347/swamp?utm_source=api"
"Swamp","2013-11-01","c13","Commander 2013","348","https://scryfall.com/card/c13/348/swamp?utm_source=api"
"Mountain","2013-11-01","c13","Commander 2013","349","https://scryfall.com/card/c13/349/mountain?utm_source=api"
"Mountain","2013-11-01","c13","Commander 2013","350","https://scryfall.com/card/c13/350/mountain?utm_source=api"
"Mountain","2013-11-01","c13","Commander 2013","351","https://scryfall.com/card/c13/351/mountain?utm_source=api"
"Mountain","2013-11-01","c13","Commander 2013","352","https://scryfall.com/card/c13/352/mountain?utm_source=api"
"Forest","2013-11-01","c13","Commander 2013","353","https://scryfall.com/card/c13/353/forest?utm_source=api"
"Forest","2013-11-01","c13","Commander 2013","354","https://scryfall.com/card/c13/354/forest?utm_source=api"
"Forest","2013-11-01","c13","Commander 2013","355","https://scryfall.com/card/c13/355/forest?utm_source=api"
"Forest","2013-11-01","c13","Commander 2013","356","https://scryfall.com/card/c13/356/forest?utm_source=api"
"Plains","2014-01-01","j14","Judge Gift Cards 2014","1★","https://scryfall.com/card/j14/1%E2%98%85/plains?utm_source=api"
"Island","2014-01-01","j14","Judge Gift Cards 2014","2★","https://scryfall.com/card/j14/2%E2%98%85/island?utm_source=api"
"Swamp","2014-01-01","j14","Judge Gift Cards 2014","3★","https://scryfall.com/card/j14/3%E2%98%85/swamp?utm_source=api"
"Mountain","2014-01-01","j14","Judge Gift Cards 2014","4★","https://scryfall.com/card/j14/4%E2%98%85/mountain?utm_source=api"
"Forest","2014-01-01","j14","Judge Gift Cards 2014","5★","https://scryfall.com/card/j14/5%E2%98%85/forest?utm_source=api"
"Island","2014-03-14","ddm","Duel Decks: Jace vs. Vraska","37","https://scryfall.com/card/ddm/37/island?utm_source=api"
"Island","2014-03-14","ddm","Duel Decks: Jace vs. Vraska","38","https://scryfall.com/card/ddm/38/island?utm_source=api"
"Island","2014-03-14","ddm","Duel Decks: Jace vs. Vraska","39","https://scryfall.com/card/ddm/39/island?utm_source=api"
"Island","2014-03-14","ddm","Duel Decks: Jace vs. Vraska","40","https://scryfall.com/card/ddm/40/island?utm_source=api"
"Island","2014-03-14","ddm","Duel Decks: Jace vs. Vraska","41","https://scryfall.com/card/ddm/41/island?utm_source=api"
"Swamp","2014-03-14","ddm","Duel Decks: Jace vs. Vraska","79","https://scryfall.com/card/ddm/79/swamp?utm_source=api"
"Swamp","2014-03-14","ddm","Duel Decks: Jace vs. Vraska","80","https://scryfall.com/card/ddm/80/swamp?utm_source=api"
"Swamp","2014-03-14","ddm","Duel Decks: Jace vs. Vraska","81","https://scryfall.com/card/ddm/81/swamp?utm_source=api"
"Swamp","2014-03-14","ddm","Duel Decks: Jace vs. Vraska","82","https://scryfall.com/card/ddm/82/swamp?utm_source=api"
"Swamp","2014-03-14","ddm","Duel Decks: Jace vs. Vraska","83","https://scryfall.com/card/ddm/83/swamp?utm_source=api"
"Forest","2014-03-14","ddm","Duel Decks: Jace vs. Vraska","84","https://scryfall.com/card/ddm/84/forest?utm_source=api"
"Forest","2014-03-14","ddm","Duel Decks: Jace vs. Vraska","85","https://scryfall.com/card/ddm/85/forest?utm_source=api"
"Forest","2014-03-14","ddm","Duel Decks: Jace vs. Vraska","86","https://scryfall.com/card/ddm/86/forest?utm_source=api"
"Forest","2014-03-14","ddm","Duel Decks: Jace vs. Vraska","87","https://scryfall.com/card/ddm/87/forest?utm_source=api"
"Forest","2014-03-14","ddm","Duel Decks: Jace vs. Vraska","88","https://scryfall.com/card/ddm/88/forest?utm_source=api"
"Plains","2014-05-30","md1","Modern Event Deck 2014","19","https://scryfall.com/card/md1/19/plains?utm_source=api"
"Swamp","2014-05-30","md1","Modern Event Deck 2014","20","https://scryfall.com/card/md1/20/swamp?utm_source=api"
"Plains","2014-07-18","m15","Magic 2015","250","https://scryfall.com/card/m15/250/plains?utm_source=api"
"Plains","2014-07-18","m15","Magic 2015","251","https://scryfall.com/card/m15/251/plains?utm_source=api"
"Plains","2014-07-18","m15","Magic 2015","252","https://scryfall.com/card/m15/252/plains?utm_source=api"
"Plains","2014-07-18","m15","Magic 2015","253","https://scryfall.com/card/m15/253/plains?utm_source=api"
"Island","2014-07-18","m15","Magic 2015","254","https://scryfall.com/card/m15/254/island?utm_source=api"
"Island","2014-07-18","m15","Magic 2015","255","https://scryfall.com/card/m15/255/island?utm_source=api"
"Island","2014-07-18","m15","Magic 2015","256","https://scryfall.com/card/m15/256/island?utm_source=api"
"Island","2014-07-18","m15","Magic 2015","257","https://scryfall.com/card/m15/257/island?utm_source=api"
"Swamp","2014-07-18","m15","Magic 2015","258","https://scryfall.com/card/m15/258/swamp?utm_source=api"
"Swamp","2014-07-18","m15","Magic 2015","259","https://scryfall.com/card/m15/259/swamp?utm_source=api"
"Swamp","2014-07-18","m15","Magic 2015","260","https://scryfall.com/card/m15/260/swamp?utm_source=api"
"Swamp","2014-07-18","m15","Magic 2015","261","https://scryfall.com/card/m15/261/swamp?utm_source=api"
"Mountain","2014-07-18","m15","Magic 2015","262","https://scryfall.com/card/m15/262/mountain?utm_source=api"
"Mountain","2014-07-18","m15","Magic 2015","263","https://scryfall.com/card/m15/263/mountain?utm_source=api"
"Mountain","2014-07-18","m15","Magic 2015","264","https://scryfall.com/card/m15/264/mountain?utm_source=api"
"Mountain","2014-07-18","m15","Magic 2015","265","https://scryfall.com/card/m15/265/mountain?utm_source=api"
"Forest","2014-07-18","m15","Magic 2015","266","https://scryfall.com/card/m15/266/forest?utm_source=api"
"Forest","2014-07-18","m15","Magic 2015","267","https://scryfall.com/card/m15/267/forest?utm_source=api"
"Forest","2014-07-18","m15","Magic 2015","268","https://scryfall.com/card/m15/268/forest?utm_source=api"
"Forest","2014-07-18","m15","Magic 2015","269","https://scryfall.com/card/m15/269/forest?utm_source=api"
"Mountain","2014-09-05","ddn","Duel Decks: Speed vs. Cunning","35","https://scryfall.com/card/ddn/35/mountain?utm_source=api"
"Mountain","2014-09-05","ddn","Duel Decks: Speed vs. Cunning","36","https://scryfall.com/card/ddn/36/mountain?utm_source=api"
"Mountain","2014-09-05","ddn","Duel Decks: Speed vs. Cunning","37","https://scryfall.com/card/ddn/37/mountain?utm_source=api"
"Plains","2014-09-05","ddn","Duel Decks: Speed vs. Cunning","38","https://scryfall.com/card/ddn/38/plains?utm_source=api"
"Swamp","2014-09-05","ddn","Duel Decks: Speed vs. Cunning","39","https://scryfall.com/card/ddn/39/swamp?utm_source=api"
"Swamp","2014-09-05","ddn","Duel Decks: Speed vs. Cunning","40","https://scryfall.com/card/ddn/40/swamp?utm_source=api"
"Swamp","2014-09-05","ddn","Duel Decks: Speed vs. Cunning","41","https://scryfall.com/card/ddn/41/swamp?utm_source=api"
"Island","2014-09-05","ddn","Duel Decks: Speed vs. Cunning","75","https://scryfall.com/card/ddn/75/island?utm_source=api"
"Island","2014-09-05","ddn","Duel Decks: Speed vs. Cunning","76","https://scryfall.com/card/ddn/76/island?utm_source=api"
"Island","2014-09-05","ddn","Duel Decks: Speed vs. Cunning","77","https://scryfall.com/card/ddn/77/island?utm_source=api"
"Mountain","2014-09-05","ddn","Duel Decks: Speed vs. Cunning","78","https://scryfall.com/card/ddn/78/mountain?utm_source=api"
"Plains","2014-09-05","ddn","Duel Decks: Speed vs. Cunning","79","https://scryfall.com/card/ddn/79/plains?utm_source=api"
"Plains","2014-09-05","ddn","Duel Decks: Speed vs. Cunning","80","https://scryfall.com/card/ddn/80/plains?utm_source=api"
"Plains","2014-09-05","ddn","Duel Decks: Speed vs. Cunning","81","https://scryfall.com/card/ddn/81/plains?utm_source=api"
"Plains","2014-09-26","ktk","Khans of Tarkir","250","https://scryfall.com/card/ktk/250/plains?utm_source=api"
"Plains","2014-09-26","ktk","Khans of Tarkir","251","https://scryfall.com/card/ktk/251/plains?utm_source=api"
"Plains","2014-09-26","ktk","Khans of Tarkir","252","https://scryfall.com/card/ktk/252/plains?utm_source=api"
"Plains","2014-09-26","ktk","Khans of Tarkir","253","https://scryfall.com/card/ktk/253/plains?utm_source=api"
"Island","2014-09-26","ktk","Khans of Tarkir","254","https://scryfall.com/card/ktk/254/island?utm_source=api"
"Island","2014-09-26","ktk","Khans of Tarkir","255","https://scryfall.com/card/ktk/255/island?utm_source=api"
"Island","2014-09-26","ktk","Khans of Tarkir","256","https://scryfall.com/card/ktk/256/island?utm_source=api"
"Island","2014-09-26","ktk","Khans of Tarkir","257","https://scryfall.com/card/ktk/257/island?utm_source=api"
"Swamp","2014-09-26","ktk","Khans of Tarkir","258","https://scryfall.com/card/ktk/258/swamp?utm_source=api"
"Swamp","2014-09-26","ktk","Khans of Tarkir","259","https://scryfall.com/card/ktk/259/swamp?utm_source=api"
"Swamp","2014-09-26","ktk","Khans of Tarkir","260","https://scryfall.com/card/ktk/260/swamp?utm_source=api"
"Swamp","2014-09-26","ktk","Khans of Tarkir","261","https://scryfall.com/card/ktk/261/swamp?utm_source=api"
"Mountain","2014-09-26","ktk","Khans of Tarkir","262","https://scryfall.com/card/ktk/262/mountain?utm_source=api"
"Mountain","2014-09-26","ktk","Khans of Tarkir","263","https://scryfall.com/card/ktk/263/mountain?utm_source=api"
"Mountain","2014-09-26","ktk","Khans of Tarkir","264","https://scryfall.com/card/ktk/264/mountain?utm_source=api"
"Mountain","2014-09-26","ktk","Khans of Tarkir","265","https://scryfall.com/card/ktk/265/mountain?utm_source=api"
"Forest","2014-09-26","ktk","Khans of Tarkir","266","https://scryfall.com/card/ktk/266/forest?utm_source=api"
"Forest","2014-09-26","ktk","Khans of Tarkir","267","https://scryfall.com/card/ktk/267/forest?utm_source=api"
"Forest","2014-09-26","ktk","Khans of Tarkir","268","https://scryfall.com/card/ktk/268/forest?utm_source=api"
"Forest","2014-09-26","ktk","Khans of Tarkir","269","https://scryfall.com/card/ktk/269/forest?utm_source=api"
"Plains","2014-11-07","c14","Commander 2014","318","https://scryfall.com/card/c14/318/plains?utm_source=api"
"Plains","2014-11-07","c14","Commander 2014","319","https://scryfall.com/card/c14/319/plains?utm_source=api"
"Plains","2014-11-07","c14","Commander 2014","320","https://scryfall.com/card/c14/320/plains?utm_source=api"
"Plains","2014-11-07","c14","Commander 2014","321","https://scryfall.com/card/c14/321/plains?utm_source=api"
"Island","2014-11-07","c14","Commander 2014","322","https://scryfall.com/card/c14/322/island?utm_source=api"
"Island","2014-11-07","c14","Commander 2014","323","https://scryfall.com/card/c14/323/island?utm_source=api"
"Island","2014-11-07","c14","Commander 2014","324","https://scryfall.com/card/c14/324/island?utm_source=api"
"Island","2014-11-07","c14","Commander 2014","325","https://scryfall.com/card/c14/325/island?utm_source=api"
"Swamp","2014-11-07","c14","Commander 2014","326","https://scryfall.com/card/c14/326/swamp?utm_source=api"
"Swamp","2014-11-07","c14","Commander 2014","327","https://scryfall.com/card/c14/327/swamp?utm_source=api"
"Swamp","2014-11-07","c14","Commander 2014","328","https://scryfall.com/card/c14/328/swamp?utm_source=api"
"Swamp","2014-11-07","c14","Commander 2014","329","https://scryfall.com/card/c14/329/swamp?utm_source=api"
"Mountain","2014-11-07","c14","Commander 2014","330","https://scryfall.com/card/c14/330/mountain?utm_source=api"
"Mountain","2014-11-07","c14","Commander 2014","331","https://scryfall.com/card/c14/331/mountain?utm_source=api"
"Mountain","2014-11-07","c14","Commander 2014","332","https://scryfall.com/card/c14/332/mountain?utm_source=api"
"Mountain","2014-11-07","c14","Commander 2014","333","https://scryfall.com/card/c14/333/mountain?utm_source=api"
"Forest","2014-11-07","c14","Commander 2014","334","https://scryfall.com/card/c14/334/forest?utm_source=api"
"Forest","2014-11-07","c14","Commander 2014","335","https://scryfall.com/card/c14/335/forest?utm_source=api"
"Forest","2014-11-07","c14","Commander 2014","336","https://scryfall.com/card/c14/336/forest?utm_source=api"
"Forest","2014-11-07","c14","Commander 2014","337","https://scryfall.com/card/c14/337/forest?utm_source=api"
"Plains","2014-12-05","dvd","Duel Decks Anthology: Divine vs. Demonic","26","https://scryfall.com/card/dvd/26/plains?utm_source=api"
"Plains","2014-12-05","dvd","Duel Decks Anthology: Divine vs. Demonic","27","https://scryfall.com/card/dvd/27/plains?utm_source=api"
"Plains","2014-12-05","dvd","Duel Decks Anthology: Divine vs. Demonic","28","https://scryfall.com/card/dvd/28/plains?utm_source=api"
"Plains","2014-12-05","dvd","Duel Decks Anthology: Divine vs. Demonic","29","https://scryfall.com/card/dvd/29/plains?utm_source=api"
"Swamp","2014-12-05","dvd","Duel Decks Anthology: Divine vs. Demonic","59","https://scryfall.com/card/dvd/59/swamp?utm_source=api"
"Swamp","2014-12-05","dvd","Duel Decks Anthology: Divine vs. Demonic","60","https://scryfall.com/card/dvd/60/swamp?utm_source=api"
"Swamp","2014-12-05","dvd","Duel Decks Anthology: Divine vs. Demonic","61","https://scryfall.com/card/dvd/61/swamp?utm_source=api"
"Swamp","2014-12-05","dvd","Duel Decks Anthology: Divine vs. Demonic","62","https://scryfall.com/card/dvd/62/swamp?utm_source=api"
"Forest","2014-12-05","evg","Duel Decks Anthology: Elves vs. Goblins","28","https://scryfall.com/card/evg/28/forest?utm_source=api"
"Forest","2014-12-05","evg","Duel Decks Anthology: Elves vs. Goblins","29","https://scryfall.com/card/evg/29/forest?utm_source=api"
"Forest","2014-12-05","evg","Duel Decks Anthology: Elves vs. Goblins","30","https://scryfall.com/card/evg/30/forest?utm_source=api"
"Forest","2014-12-05","evg","Duel Decks Anthology: Elves vs. Goblins","31","https://scryfall.com/card/evg/31/forest?utm_source=api"
"Mountain","2014-12-05","evg","Duel Decks Anthology: Elves vs. Goblins","59","https://scryfall.com/card/evg/59/mountain?utm_source=api"
"Mountain","2014-12-05","evg","Duel Decks Anthology: Elves vs. Goblins","60","https://scryfall.com/card/evg/60/mountain?utm_source=api"
"Mountain","2014-12-05","evg","Duel Decks Anthology: Elves vs. Goblins","61","https://scryfall.com/card/evg/61/mountain?utm_source=api"
"Mountain","2014-12-05","evg","Duel Decks Anthology: Elves vs. Goblins","62","https://scryfall.com/card/evg/62/mountain?utm_source=api"
"Forest","2014-12-05","gvl","Duel Decks Anthology: Garruk vs. Liliana","28","https://scryfall.com/card/gvl/28/forest?utm_source=api"
"Forest","2014-12-05","gvl","Duel Decks Anthology: Garruk vs. Liliana","29","https://scryfall.com/card/gvl/29/forest?utm_source=api"
"Forest","2014-12-05","gvl","Duel Decks Anthology: Garruk vs. Liliana","30","https://scryfall.com/card/gvl/30/forest?utm_source=api"
"Forest","2014-12-05","gvl","Duel Decks Anthology: Garruk vs. Liliana","31","https://scryfall.com/card/gvl/31/forest?utm_source=api"
"Swamp","2014-12-05","gvl","Duel Decks Anthology: Garruk vs. Liliana","60","https://scryfall.com/card/gvl/60/swamp?utm_source=api"
"Swamp","2014-12-05","gvl","Duel Decks Anthology: Garruk vs. Liliana","61","https://scryfall.com/card/gvl/61/swamp?utm_source=api"
"Swamp","2014-12-05","gvl","Duel Decks Anthology: Garruk vs. Liliana","62","https://scryfall.com/card/gvl/62/swamp?utm_source=api"
"Swamp","2014-12-05","gvl","Duel Decks Anthology: Garruk vs. Liliana","63","https://scryfall.com/card/gvl/63/swamp?utm_source=api"
"Island","2014-12-05","jvc","Duel Decks Anthology: Jace vs. Chandra","30","https://scryfall.com/card/jvc/30/island?utm_source=api"
"Island","2014-12-05","jvc","Duel Decks Anthology: Jace vs. Chandra","31","https://scryfall.com/card/jvc/31/island?utm_source=api"
"Island","2014-12-05","jvc","Duel Decks Anthology: Jace vs. Chandra","32","https://scryfall.com/card/jvc/32/island?utm_source=api"
"Island","2014-12-05","jvc","Duel Decks Anthology: Jace vs. Chandra","33","https://scryfall.com/card/jvc/33/island?utm_source=api"
"Mountain","2014-12-05","jvc","Duel Decks Anthology: Jace vs. Chandra","59","https://scryfall.com/card/jvc/59/mountain?utm_source=api"
"Mountain","2014-12-05","jvc","Duel Decks Anthology: Jace vs. Chandra","60","https://scryfall.com/card/jvc/60/mountain?utm_source=api"
"Mountain","2014-12-05","jvc","Duel Decks Anthology: Jace vs. Chandra","61","https://scryfall.com/card/jvc/61/mountain?utm_source=api"
"Mountain","2014-12-05","jvc","Duel Decks Anthology: Jace vs. Chandra","62","https://scryfall.com/card/jvc/62/mountain?utm_source=api"
"Plains","2015-01-23","frf","Fate Reforged","176","https://scryfall.com/card/frf/176/plains?utm_source=api"
"Plains","2015-01-23","frf","Fate Reforged","177","https://scryfall.com/card/frf/177/plains?utm_source=api"
"Island","2015-01-23","frf","Fate Reforged","178","https://scryfall.com/card/frf/178/island?utm_source=api"
"Island","2015-01-23","frf","Fate Reforged","179","https://scryfall.com/card/frf/179/island?utm_source=api"
"Swamp","2015-01-23","frf","Fate Reforged","180","https://scryfall.com/card/frf/180/swamp?utm_source=api"
"Swamp","2015-01-23","frf","Fate Reforged","181","https://scryfall.com/card/frf/181/swamp?utm_source=api"
"Mountain","2015-01-23","frf","Fate Reforged","182","https://scryfall.com/card/frf/182/mountain?utm_source=api"
"Mountain","2015-01-23","frf","Fate Reforged","183","https://scryfall.com/card/frf/183/mountain?utm_source=api"
"Forest","2015-01-23","frf","Fate Reforged","184","https://scryfall.com/card/frf/184/forest?utm_source=api"
"Forest","2015-01-23","frf","Fate Reforged","185","https://scryfall.com/card/frf/185/forest?utm_source=api"
"Plains","2015-02-27","ddo","Duel Decks: Elspeth vs. Kiora","30","https://scryfall.com/card/ddo/30/plains?utm_source=api"
"Plains","2015-02-27","ddo","Duel Decks: Elspeth vs. Kiora","31","https://scryfall.com/card/ddo/31/plains?utm_source=api"
"Plains","2015-02-27","ddo","Duel Decks: Elspeth vs. Kiora","32","https://scryfall.com/card/ddo/32/plains?utm_source=api"
"Plains","2015-02-27","ddo","Duel Decks: Elspeth vs. Kiora","33","https://scryfall.com/card/ddo/33/plains?utm_source=api"
"Island","2015-02-27","ddo","Duel Decks: Elspeth vs. Kiora","60","https://scryfall.com/card/ddo/60/island?utm_source=api"
"Island","2015-02-27","ddo","Duel Decks: Elspeth vs. Kiora","61","https://scryfall.com/card/ddo/61/island?utm_source=api"
"Island","2015-02-27","ddo","Duel Decks: Elspeth vs. Kiora","62","https://scryfall.com/card/ddo/62/island?utm_source=api"
"Forest","2015-02-27","ddo","Duel Decks: Elspeth vs. Kiora","63","https://scryfall.com/card/ddo/63/forest?utm_source=api"
"Forest","2015-02-27","ddo","Duel Decks: Elspeth vs. Kiora","64","https://scryfall.com/card/ddo/64/forest?utm_source=api"
"Forest","2015-02-27","ddo","Duel Decks: Elspeth vs. Kiora","65","https://scryfall.com/card/ddo/65/forest?utm_source=api"
"Plains","2015-03-27","dtk","Dragons of Tarkir","250","https://scryfall.com/card/dtk/250/plains?utm_source=api"
"Plains","2015-03-27","dtk","Dragons of Tarkir","251","https://scryfall.com/card/dtk/251/plains?utm_source=api"
"Plains","2015-03-27","dtk","Dragons of Tarkir","252","https://scryfall.com/card/dtk/252/plains?utm_source=api"
"Island","2015-03-27","dtk","Dragons of Tarkir","253","https://scryfall.com/card/dtk/253/island?utm_source=api"
"Island","2015-03-27","dtk","Dragons of Tarkir","254","https://scryfall.com/card/dtk/254/island?utm_source=api"
"Island","2015-03-27","dtk","Dragons of Tarkir","255","https://scryfall.com/card/dtk/255/island?utm_source=api"
"Swamp","2015-03-27","dtk","Dragons of Tarkir","256","https://scryfall.com/card/dtk/256/swamp?utm_source=api"
"Swamp","2015-03-27","dtk","Dragons of Tarkir","257","https://scryfall.com/card/dtk/257/swamp?utm_source=api"
"Swamp","2015-03-27","dtk","Dragons of Tarkir","258","https://scryfall.com/card/dtk/258/swamp?utm_source=api"
"Mountain","2015-03-27","dtk","Dragons of Tarkir","259","https://scryfall.com/card/dtk/259/mountain?utm_source=api"
"Mountain","2015-03-27","dtk","Dragons of Tarkir","260","https://scryfall.com/card/dtk/260/mountain?utm_source=api"
"Mountain","2015-03-27","dtk","Dragons of Tarkir","261","https://scryfall.com/card/dtk/261/mountain?utm_source=api"
"Forest","2015-03-27","dtk","Dragons of Tarkir","262","https://scryfall.com/card/dtk/262/forest?utm_source=api"
"Forest","2015-03-27","dtk","Dragons of Tarkir","263","https://scryfall.com/card/dtk/263/forest?utm_source=api"
"Forest","2015-03-27","dtk","Dragons of Tarkir","264","https://scryfall.com/card/dtk/264/forest?utm_source=api"
"Plains","2015-07-17","ori","Magic Origins","253","https://scryfall.com/card/ori/253/plains?utm_source=api"
"Plains","2015-07-17","ori","Magic Origins","254","https://scryfall.com/card/ori/254/plains?utm_source=api"
"Plains","2015-07-17","ori","Magic Origins","255","https://scryfall.com/card/ori/255/plains?utm_source=api"
"Plains","2015-07-17","ori","Magic Origins","256","https://scryfall.com/card/ori/256/plains?utm_source=api"
"Island","2015-07-17","ori","Magic Origins","257","https://scryfall.com/card/ori/257/island?utm_source=api"
"Island","2015-07-17","ori","Magic Origins","258","https://scryfall.com/card/ori/258/island?utm_source=api"
"Island","2015-07-17","ori","Magic Origins","259","https://scryfall.com/card/ori/259/island?utm_source=api"
"Island","2015-07-17","ori","Magic Origins","260","https://scryfall.com/card/ori/260/island?utm_source=api"
"Swamp","2015-07-17","ori","Magic Origins","261","https://scryfall.com/card/ori/261/swamp?utm_source=api"
"Swamp","2015-07-17","ori","Magic Origins","262","https://scryfall.com/card/ori/262/swamp?utm_source=api"
"Swamp","2015-07-17","ori","Magic Origins","263","https://scryfall.com/card/ori/263/swamp?utm_source=api"
"Swamp","2015-07-17","ori","Magic Origins","264","https://scryfall.com/card/ori/264/swamp?utm_source=api"
"Mountain","2015-07-17","ori","Magic Origins","265","https://scryfall.com/card/ori/265/mountain?utm_source=api"
"Mountain","2015-07-17","ori","Magic Origins","266","https://scryfall.com/card/ori/266/mountain?utm_source=api"
"Mountain","2015-07-17","ori","Magic Origins","267","https://scryfall.com/card/ori/267/mountain?utm_source=api"
"Mountain","2015-07-17","ori","Magic Origins","268","https://scryfall.com/card/ori/268/mountain?utm_source=api"
"Forest","2015-07-17","ori","Magic Origins","269","https://scryfall.com/card/ori/269/forest?utm_source=api"
"Forest","2015-07-17","ori","Magic Origins","270","https://scryfall.com/card/ori/270/forest?utm_source=api"
"Forest","2015-07-17","ori","Magic Origins","271","https://scryfall.com/card/ori/271/forest?utm_source=api"
"Forest","2015-07-17","ori","Magic Origins","272","https://scryfall.com/card/ori/272/forest?utm_source=api"
"Plains","2015-08-28","ddp","Duel Decks: Zendikar vs. Eldrazi","35","https://scryfall.com/card/ddp/35/plains?utm_source=api"
"Plains","2015-08-28","ddp","Duel Decks: Zendikar vs. Eldrazi","36","https://scryfall.com/card/ddp/36/plains?utm_source=api"
"Plains","2015-08-28","ddp","Duel Decks: Zendikar vs. Eldrazi","37","https://scryfall.com/card/ddp/37/plains?utm_source=api"
"Forest","2015-08-28","ddp","Duel Decks: Zendikar vs. Eldrazi","38","https://scryfall.com/card/ddp/38/forest?utm_source=api"
"Forest","2015-08-28","ddp","Duel Decks: Zendikar vs. Eldrazi","39","https://scryfall.com/card/ddp/39/forest?utm_source=api"
"Forest","2015-08-28","ddp","Duel Decks: Zendikar vs. Eldrazi","40","https://scryfall.com/card/ddp/40/forest?utm_source=api"
"Swamp","2015-08-28","ddp","Duel Decks: Zendikar vs. Eldrazi","70","https://scryfall.com/card/ddp/70/swamp?utm_source=api"
"Swamp","2015-08-28","ddp","Duel Decks: Zendikar vs. Eldrazi","71","https://scryfall.com/card/ddp/71/swamp?utm_source=api"
"Swamp","2015-08-28","ddp","Duel Decks: Zendikar vs. Eldrazi","72","https://scryfall.com/card/ddp/72/swamp?utm_source=api"
"Mountain","2015-08-28","ddp","Duel Decks: Zendikar vs. Eldrazi","73","https://scryfall.com/card/ddp/73/mountain?utm_source=api"
"Mountain","2015-08-28","ddp","Duel Decks: Zendikar vs. Eldrazi","74","https://scryfall.com/card/ddp/74/mountain?utm_source=api"
"Mountain","2015-08-28","ddp","Duel Decks: Zendikar vs. Eldrazi","75","https://scryfall.com/card/ddp/75/mountain?utm_source=api"
"Plains","2015-10-02","bfz","Battle for Zendikar","250","https://scryfall.com/card/bfz/250/plains?utm_source=api"
"Plains","2015-10-02","bfz","Battle for Zendikar","250a","https://scryfall.com/card/bfz/250a/plains?utm_source=api"
"Plains","2015-10-02","bfz","Battle for Zendikar","251","https://scryfall.com/card/bfz/251/plains?utm_source=api"
"Plains","2015-10-02","bfz","Battle for Zendikar","251a","https://scryfall.com/card/bfz/251a/plains?utm_source=api"
"Plains","2015-10-02","bfz","Battle for Zendikar","252","https://scryfall.com/card/bfz/252/plains?utm_source=api"
"Plains","2015-10-02","bfz","Battle for Zendikar","252a","https://scryfall.com/card/bfz/252a/plains?utm_source=api"
"Plains","2015-10-02","bfz","Battle for Zendikar","253","https://scryfall.com/card/bfz/253/plains?utm_source=api"
"Plains","2015-10-02","bfz","Battle for Zendikar","253a","https://scryfall.com/card/bfz/253a/plains?utm_source=api"
"Plains","2015-10-02","bfz","Battle for Zendikar","254","https://scryfall.com/card/bfz/254/plains?utm_source=api"
"Plains","2015-10-02","bfz","Battle for Zendikar","254a","https://scryfall.com/card/bfz/254a/plains?utm_source=api"
"Island","2015-10-02","bfz","Battle for Zendikar","255","https://scryfall.com/card/bfz/255/island?utm_source=api"
"Island","2015-10-02","bfz","Battle for Zendikar","255a","https://scryfall.com/card/bfz/255a/island?utm_source=api"
"Island","2015-10-02","bfz","Battle for Zendikar","256","https://scryfall.com/card/bfz/256/island?utm_source=api"
"Island","2015-10-02","bfz","Battle for Zendikar","256a","https://scryfall.com/card/bfz/256a/island?utm_source=api"
"Island","2015-10-02","bfz","Battle for Zendikar","257","https://scryfall.com/card/bfz/257/island?utm_source=api"
"Island","2015-10-02","bfz","Battle for Zendikar","257a","https://scryfall.com/card/bfz/257a/island?utm_source=api"
"Island","2015-10-02","bfz","Battle for Zendikar","258","https://scryfall.com/card/bfz/258/island?utm_source=api"
"Island","2015-10-02","bfz","Battle for Zendikar","258a","https://scryfall.com/card/bfz/258a/island?utm_source=api"
"Island","2015-10-02","bfz","Battle for Zendikar","259","https://scryfall.com/card/bfz/259/island?utm_source=api"
"Island","2015-10-02","bfz","Battle for Zendikar","259a","https://scryfall.com/card/bfz/259a/island?utm_source=api"
"Swamp","2015-10-02","bfz","Battle for Zendikar","260","https://scryfall.com/card/bfz/260/swamp?utm_source=api"
"Swamp","2015-10-02","bfz","Battle for Zendikar","260a","https://scryfall.com/card/bfz/260a/swamp?utm_source=api"
"Swamp","2015-10-02","bfz","Battle for Zendikar","261","https://scryfall.com/card/bfz/261/swamp?utm_source=api"
"Swamp","2015-10-02","bfz","Battle for Zendikar","261a","https://scryfall.com/card/bfz/261a/swamp?utm_source=api"
"Swamp","2015-10-02","bfz","Battle for Zendikar","262","https://scryfall.com/card/bfz/262/swamp?utm_source=api"
"Swamp","2015-10-02","bfz","Battle for Zendikar","262a","https://scryfall.com/card/bfz/262a/swamp?utm_source=api"
"Swamp","2015-10-02","bfz","Battle for Zendikar","263","https://scryfall.com/card/bfz/263/swamp?utm_source=api"
"Swamp","2015-10-02","bfz","Battle for Zendikar","263a","https://scryfall.com/card/bfz/263a/swamp?utm_source=api"
"Swamp","2015-10-02","bfz","Battle for Zendikar","264","https://scryfall.com/card/bfz/264/swamp?utm_source=api"
"Swamp","2015-10-02","bfz","Battle for Zendikar","264a","https://scryfall.com/card/bfz/264a/swamp?utm_source=api"
"Mountain","2015-10-02","bfz","Battle for Zendikar","265","https://scryfall.com/card/bfz/265/mountain?utm_source=api"
"Mountain","2015-10-02","bfz","Battle for Zendikar","265a","https://scryfall.com/card/bfz/265a/mountain?utm_source=api"
"Mountain","2015-10-02","bfz","Battle for Zendikar","266","https://scryfall.com/card/bfz/266/mountain?utm_source=api"
"Mountain","2015-10-02","bfz","Battle for Zendikar","266a","https://scryfall.com/card/bfz/266a/mountain?utm_source=api"
"Mountain","2015-10-02","bfz","Battle for Zendikar","267","https://scryfall.com/card/bfz/267/mountain?utm_source=api"
"Mountain","2015-10-02","bfz","Battle for Zendikar","267a","https://scryfall.com/card/bfz/267a/mountain?utm_source=api"
"Mountain","2015-10-02","bfz","Battle for Zendikar","268","https://scryfall.com/card/bfz/268/mountain?utm_source=api"
"Mountain","2015-10-02","bfz","Battle for Zendikar","268a","https://scryfall.com/card/bfz/268a/mountain?utm_source=api"
"Mountain","2015-10-02","bfz","Battle for Zendikar","269","https://scryfall.com/card/bfz/269/mountain?utm_source=api"
"Mountain","2015-10-02","bfz","Battle for Zendikar","269a","https://scryfall.com/card/bfz/269a/mountain?utm_source=api"
"Forest","2015-10-02","bfz","Battle for Zendikar","270","https://scryfall.com/card/bfz/270/forest?utm_source=api"
"Forest","2015-10-02","bfz","Battle for Zendikar","270a","https://scryfall.com/card/bfz/270a/forest?utm_source=api"
"Forest","2015-10-02","bfz","Battle for Zendikar","271","https://scryfall.com/card/bfz/271/forest?utm_source=api"
"Forest","2015-10-02","bfz","Battle for Zendikar","271a","https://scryfall.com/card/bfz/271a/forest?utm_source=api"
"Forest","2015-10-02","bfz","Battle for Zendikar","272","https://scryfall.com/card/bfz/272/forest?utm_source=api"
"Forest","2015-10-02","bfz","Battle for Zendikar","272a","https://scryfall.com/card/bfz/272a/forest?utm_source=api"
"Forest","2015-10-02","bfz","Battle for Zendikar","273","https://scryfall.com/card/bfz/273/forest?utm_source=api"
"Forest","2015-10-02","bfz","Battle for Zendikar","273a","https://scryfall.com/card/bfz/273a/forest?utm_source=api"
"Forest","2015-10-02","bfz","Battle for Zendikar","274","https://scryfall.com/card/bfz/274/forest?utm_source=api"
"Forest","2015-10-02","bfz","Battle for Zendikar","274a","https://scryfall.com/card/bfz/274a/forest?utm_source=api"
"Plains","2015-11-13","c15","Commander 2015","323","https://scryfall.com/card/c15/323/plains?utm_source=api"
"Plains","2015-11-13","c15","Commander 2015","324","https://scryfall.com/card/c15/324/plains?utm_source=api"
"Plains","2015-11-13","c15","Commander 2015","325","https://scryfall.com/card/c15/325/plains?utm_source=api"
"Plains","2015-11-13","c15","Commander 2015","326","https://scryfall.com/card/c15/326/plains?utm_source=api"
"Island","2015-11-13","c15","Commander 2015","327","https://scryfall.com/card/c15/327/island?utm_source=api"
"Island","2015-11-13","c15","Commander 2015","328","https://scryfall.com/card/c15/328/island?utm_source=api"
"Island","2015-11-13","c15","Commander 2015","329","https://scryfall.com/card/c15/329/island?utm_source=api"
"Island","2015-11-13","c15","Commander 2015","330","https://scryfall.com/card/c15/330/island?utm_source=api"
"Swamp","2015-11-13","c15","Commander 2015","331","https://scryfall.com/card/c15/331/swamp?utm_source=api"
"Swamp","2015-11-13","c15","Commander 2015","332","https://scryfall.com/card/c15/332/swamp?utm_source=api"
"Swamp","2015-11-13","c15","Commander 2015","333","https://scryfall.com/card/c15/333/swamp?utm_source=api"
"Swamp","2015-11-13","c15","Commander 2015","334","https://scryfall.com/card/c15/334/swamp?utm_source=api"
"Mountain","2015-11-13","c15","Commander 2015","335","https://scryfall.com/card/c15/335/mountain?utm_source=api"
"Mountain","2015-11-13","c15","Commander 2015","336","https://scryfall.com/card/c15/336/mountain?utm_source=api"
"Mountain","2015-11-13","c15","Commander 2015","337","https://scryfall.com/card/c15/337/mountain?utm_source=api"
"Mountain","2015-11-13","c15","Commander 2015","338","https://scryfall.com/card/c15/338/mountain?utm_source=api"
"Forest","2015-11-13","c15","Commander 2015","339","https://scryfall.com/card/c15/339/forest?utm_source=api"
"Forest","2015-11-13","c15","Commander 2015","340","https://scryfall.com/card/c15/340/forest?utm_source=api"
"Forest","2015-11-13","c15","Commander 2015","341","https://scryfall.com/card/c15/341/forest?utm_source=api"
"Forest","2015-11-13","c15","Commander 2015","342","https://scryfall.com/card/c15/342/forest?utm_source=api"
"Wastes","2016-01-22","ogw","Oath of the Gatewatch","183","https://scryfall.com/card/ogw/183/wastes?utm_source=api"
"Wastes","2016-01-22","ogw","Oath of the Gatewatch","183a","https://scryfall.com/card/ogw/183a/wastes?utm_source=api"
"Wastes","2016-01-22","ogw","Oath of the Gatewatch","184","https://scryfall.com/card/ogw/184/wastes?utm_source=api"
"Wastes","2016-01-22","ogw","Oath of the Gatewatch","184a","https://scryfall.com/card/ogw/184a/wastes?utm_source=api"
"Island","2016-02-26","ddq","Duel Decks: Blessed vs. Cursed","35","https://scryfall.com/card/ddq/35/island?utm_source=api"
"Island","2016-02-26","ddq","Duel Decks: Blessed vs. Cursed","36","https://scryfall.com/card/ddq/36/island?utm_source=api"
"Island","2016-02-26","ddq","Duel Decks: Blessed vs. Cursed","37","https://scryfall.com/card/ddq/37/island?utm_source=api"
"Plains","2016-02-26","ddq","Duel Decks: Blessed vs. Cursed","38","https://scryfall.com/card/ddq/38/plains?utm_source=api"
"Plains","2016-02-26","ddq","Duel Decks: Blessed vs. Cursed","39","https://scryfall.com/card/ddq/39/plains?utm_source=api"
"Plains","2016-02-26","ddq","Duel Decks: Blessed vs. Cursed","40","https://scryfall.com/card/ddq/40/plains?utm_source=api"
"Island","2016-02-26","ddq","Duel Decks: Blessed vs. Cursed","71","https://scryfall.com/card/ddq/71/island?utm_source=api"
"Island","2016-02-26","ddq","Duel Decks: Blessed vs. Cursed","72","https://scryfall.com/card/ddq/72/island?utm_source=api"
"Island","2016-02-26","ddq","Duel Decks: Blessed vs. Cursed","73","https://scryfall.com/card/ddq/73/island?utm_source=api"
"Swamp","2016-02-26","ddq","Duel Decks: Blessed vs. Cursed","74","https://scryfall.com/card/ddq/74/swamp?utm_source=api"
"Swamp","2016-02-26","ddq","Duel Decks: Blessed vs. Cursed","75","https://scryfall.com/card/ddq/75/swamp?utm_source=api"
"Swamp","2016-02-26","ddq","Duel Decks: Blessed vs. Cursed","76","https://scryfall.com/card/ddq/76/swamp?utm_source=api"
"Plains","2016-04-08","soi","Shadows over Innistrad","283","https://scryfall.com/card/soi/283/plains?utm_source=api"
"Plains","2016-04-08","soi","Shadows over Innistrad","284","https://scryfall.com/card/soi/284/plains?utm_source=api"
"Plains","2016-04-08","soi","Shadows over Innistrad","285","https://scryfall.com/card/soi/285/plains?utm_source=api"
"Island","2016-04-08","soi","Shadows over Innistrad","286","https://scryfall.com/card/soi/286/island?utm_source=api"
"Island","2016-04-08","soi","Shadows over Innistrad","287","https://scryfall.com/card/soi/287/island?utm_source=api"
"Island","2016-04-08","soi","Shadows over Innistrad","288","https://scryfall.com/card/soi/288/island?utm_source=api"
"Swamp","2016-04-08","soi","Shadows over Innistrad","289","https://scryfall.com/card/soi/289/swamp?utm_source=api"
"Swamp","2016-04-08","soi","Shadows over Innistrad","290","https://scryfall.com/card/soi/290/swamp?utm_source=api"
"Swamp","2016-04-08","soi","Shadows over Innistrad","291","https://scryfall.com/card/soi/291/swamp?utm_source=api"
"Mountain","2016-04-08","soi","Shadows over Innistrad","292","https://scryfall.com/card/soi/292/mountain?utm_source=api"
"Mountain","2016-04-08","soi","Shadows over Innistrad","293","https://scryfall.com/card/soi/293/mountain?utm_source=api"
"Mountain","2016-04-08","soi","Shadows over Innistrad","294","https://scryfall.com/card/soi/294/mountain?utm_source=api"
"Forest","2016-04-08","soi","Shadows over Innistrad","295","https://scryfall.com/card/soi/295/forest?utm_source=api"
"Forest","2016-04-08","soi","Shadows over Innistrad","296","https://scryfall.com/card/soi/296/forest?utm_source=api"
"Forest","2016-04-08","soi","Shadows over Innistrad","297","https://scryfall.com/card/soi/297/forest?utm_source=api"
"Forest","2016-09-02","ddr","Duel Decks: Nissa vs. Ob Nixilis","31","https://scryfall.com/card/ddr/31/forest?utm_source=api"
"Forest","2016-09-02","ddr","Duel Decks: Nissa vs. Ob Nixilis","32","https://scryfall.com/card/ddr/32/forest?utm_source=api"
"Forest","2016-09-02","ddr","Duel Decks: Nissa vs. Ob Nixilis","33","https://scryfall.com/card/ddr/33/forest?utm_source=api"
"Forest","2016-09-02","ddr","Duel Decks: Nissa vs. Ob Nixilis","34","https://scryfall.com/card/ddr/34/forest?utm_source=api"
"Forest","2016-09-02","ddr","Duel Decks: Nissa vs. Ob Nixilis","35","https://scryfall.com/card/ddr/35/forest?utm_source=api"
"Swamp","2016-09-02","ddr","Duel Decks: Nissa vs. Ob Nixilis","66","https://scryfall.com/card/ddr/66/swamp?utm_source=api"
"Swamp","2016-09-02","ddr","Duel Decks: Nissa vs. Ob Nixilis","67","https://scryfall.com/card/ddr/67/swamp?utm_source=api"
"Swamp","2016-09-02","ddr","Duel Decks: Nissa vs. Ob Nixilis","68","https://scryfall.com/card/ddr/68/swamp?utm_source=api"
"Swamp","2016-09-02","ddr","Duel Decks: Nissa vs. Ob Nixilis","69","https://scryfall.com/card/ddr/69/swamp?utm_source=api"
"Swamp","2016-09-02","ddr","Duel Decks: Nissa vs. Ob Nixilis","70","https://scryfall.com/card/ddr/70/swamp?utm_source=api"
"Plains","2016-09-30","kld","Kaladesh","250","https://scryfall.com/card/kld/250/plains?utm_source=api"
"Plains","2016-09-30","kld","Kaladesh","251","https://scryfall.com/card/kld/251/plains?utm_source=api"
"Plains","2016-09-30","kld","Kaladesh","252","https://scryfall.com/card/kld/252/plains?utm_source=api"
"Island","2016-09-30","kld","Kaladesh","253","https://scryfall.com/card/kld/253/island?utm_source=api"
"Island","2016-09-30","kld","Kaladesh","254","https://scryfall.com/card/kld/254/island?utm_source=api"
"Island","2016-09-30","kld","Kaladesh","255","https://scryfall.com/card/kld/255/island?utm_source=api"
"Swamp","2016-09-30","kld","Kaladesh","256","https://scryfall.com/card/kld/256/swamp?utm_source=api"
"Swamp","2016-09-30","kld","Kaladesh","257","https://scryfall.com/card/kld/257/swamp?utm_source=api"
"Swamp","2016-09-30","kld","Kaladesh","258","https://scryfall.com/card/kld/258/swamp?utm_source=api"
"Mountain","2016-09-30","kld","Kaladesh","259","https://scryfall.com/card/kld/259/mountain?utm_source=api"
"Mountain","2016-09-30","kld","Kaladesh","260","https://scryfall.com/card/kld/260/mountain?utm_source=api"
"Mountain","2016-09-30","kld","Kaladesh","261","https://scryfall.com/card/kld/261/mountain?utm_source=api"
"Forest","2016-09-30","kld","Kaladesh","262","https://scryfall.com/card/kld/262/forest?utm_source=api"
"Forest","2016-09-30","kld","Kaladesh","263","https://scryfall.com/card/kld/263/forest?utm_source=api"
"Forest","2016-09-30","kld","Kaladesh","264","https://scryfall.com/card/kld/264/forest?utm_source=api"
"Plains","2016-11-11","c16","Commander 2016","337","https://scryfall.com/card/c16/337/plains?utm_source=api"
"Plains","2016-11-11","c16","Commander 2016","338","https://scryfall.com/card/c16/338/plains?utm_source=api"
"Plains","2016-11-11","c16","Commander 2016","339","https://scryfall.com/card/c16/339/plains?utm_source=api"
"Island","2016-11-11","c16","Commander 2016","340","https://scryfall.com/card/c16/340/island?utm_source=api"
"Island","2016-11-11","c16","Commander 2016","341","https://scryfall.com/card/c16/341/island?utm_source=api"
"Island","2016-11-11","c16","Commander 2016","342","https://scryfall.com/card/c16/342/island?utm_source=api"
"Swamp","2016-11-11","c16","Commander 2016","343","https://scryfall.com/card/c16/343/swamp?utm_source=api"
"Swamp","2016-11-11","c16","Commander 2016","344","https://scryfall.com/card/c16/344/swamp?utm_source=api"
"Swamp","2016-11-11","c16","Commander 2016","345","https://scryfall.com/card/c16/345/swamp?utm_source=api"
"Mountain","2016-11-11","c16","Commander 2016","346","https://scryfall.com/card/c16/346/mountain?utm_source=api"
"Mountain","2016-11-11","c16","Commander 2016","347","https://scryfall.com/card/c16/347/mountain?utm_source=api"
"Mountain","2016-11-11","c16","Commander 2016","348","https://scryfall.com/card/c16/348/mountain?utm_source=api"
"Forest","2016-11-11","c16","Commander 2016","349","https://scryfall.com/card/c16/349/forest?utm_source=api"
"Forest","2016-11-11","c16","Commander 2016","350","https://scryfall.com/card/c16/350/forest?utm_source=api"
"Forest","2016-11-11","c16","Commander 2016","351","https://scryfall.com/card/c16/351/forest?utm_source=api"
"Plains","2016-11-25","pca","Planechase Anthology","132","https://scryfall.com/card/pca/132/plains?utm_source=api"
"Plains","2016-11-25","pca","Planechase Anthology","133","https://scryfall.com/card/pca/133/plains?utm_source=api"
"Plains","2016-11-25","pca","Planechase Anthology","134","https://scryfall.com/card/pca/134/plains?utm_source=api"
"Plains","2016-11-25","pca","Planechase Anthology","135","https://scryfall.com/card/pca/135/plains?utm_source=api"
"Plains","2016-11-25","pca","Planechase Anthology","136","https://scryfall.com/card/pca/136/plains?utm_source=api"
"Island","2016-11-25","pca","Planechase Anthology","137","https://scryfall.com/card/pca/137/island?utm_source=api"
"Island","2016-11-25","pca","Planechase Anthology","138","https://scryfall.com/card/pca/138/island?utm_source=api"
"Island","2016-11-25","pca","Planechase Anthology","139","https://scryfall.com/card/pca/139/island?utm_source=api"
"Island","2016-11-25","pca","Planechase Anthology","140","https://scryfall.com/card/pca/140/island?utm_source=api"
"Island","2016-11-25","pca","Planechase Anthology","141","https://scryfall.com/card/pca/141/island?utm_source=api"
"Swamp","2016-11-25","pca","Planechase Anthology","142","https://scryfall.com/card/pca/142/swamp?utm_source=api"
"Swamp","2016-11-25","pca","Planechase Anthology","143","https://scryfall.com/card/pca/143/swamp?utm_source=api"
"Swamp","2016-11-25","pca","Planechase Anthology","144","https://scryfall.com/card/pca/144/swamp?utm_source=api"
"Swamp","2016-11-25","pca","Planechase Anthology","145","https://scryfall.com/card/pca/145/swamp?utm_source=api"
"Swamp","2016-11-25","pca","Planechase Anthology","146","https://scryfall.com/card/pca/146/swamp?utm_source=api"
"Mountain","2016-11-25","pca","Planechase Anthology","147","https://scryfall.com/card/pca/147/mountain?utm_source=api"
"Mountain","2016-11-25","pca","Planechase Anthology","148","https://scryfall.com/card/pca/148/mountain?utm_source=api"
"Mountain","2016-11-25","pca","Planechase Anthology","149","https://scryfall.com/card/pca/149/mountain?utm_source=api"
"Mountain","2016-11-25","pca","Planechase Anthology","150","https://scryfall.com/card/pca/150/mountain?utm_source=api"
"Forest","2016-11-25","pca","Planechase Anthology","151","https://scryfall.com/card/pca/151/forest?utm_source=api"
"Forest","2016-11-25","pca","Planechase Anthology","152","https://scryfall.com/card/pca/152/forest?utm_source=api"
"Forest","2016-11-25","pca","Planechase Anthology","153","https://scryfall.com/card/pca/153/forest?utm_source=api"
"Forest","2016-11-25","pca","Planechase Anthology","154","https://scryfall.com/card/pca/154/forest?utm_source=api"
"Forest","2016-11-25","pca","Planechase Anthology","155","https://scryfall.com/card/pca/155/forest?utm_source=api"
"Forest","2016-11-25","pca","Planechase Anthology","156","https://scryfall.com/card/pca/156/forest?utm_source=api"
"Island","2017-03-31","dds","Duel Decks: Mind vs. Might","28","https://scryfall.com/card/dds/28/island?utm_source=api"
"Island","2017-03-31","dds","Duel Decks: Mind vs. Might","29","https://scryfall.com/card/dds/29/island?utm_source=api"
"Island","2017-03-31","dds","Duel Decks: Mind vs. Might","30","https://scryfall.com/card/dds/30/island?utm_source=api"
"Mountain","2017-03-31","dds","Duel Decks: Mind vs. Might","31","https://scryfall.com/card/dds/31/mountain?utm_source=api"
"Mountain","2017-03-31","dds","Duel Decks: Mind vs. Might","32","https://scryfall.com/card/dds/32/mountain?utm_source=api"
"Mountain","2017-03-31","dds","Duel Decks: Mind vs. Might","33","https://scryfall.com/card/dds/33/mountain?utm_source=api"
"Mountain","2017-03-31","dds","Duel Decks: Mind vs. Might","60","https://scryfall.com/card/dds/60/mountain?utm_source=api"
"Mountain","2017-03-31","dds","Duel Decks: Mind vs. Might","61","https://scryfall.com/card/dds/61/mountain?utm_source=api"
"Mountain","2017-03-31","dds","Duel Decks: Mind vs. Might","62","https://scryfall.com/card/dds/62/mountain?utm_source=api"
"Forest","2017-03-31","dds","Duel Decks: Mind vs. Might","63","https://scryfall.com/card/dds/63/forest?utm_source=api"
"Forest","2017-03-31","dds","Duel Decks: Mind vs. Might","64","https://scryfall.com/card/dds/64/forest?utm_source=api"
"Forest","2017-03-31","dds","Duel Decks: Mind vs. Might","65","https://scryfall.com/card/dds/65/forest?utm_source=api"
"Plains","2017-04-28","akh","Amonkhet","250","https://scryfall.com/card/akh/250/plains?utm_source=api"
"Island","2017-04-28","akh","Amonkhet","251","https://scryfall.com/card/akh/251/island?utm_source=api"
"Swamp","2017-04-28","akh","Amonkhet","252","https://scryfall.com/card/akh/252/swamp?utm_source=api"
"Mountain","2017-04-28","akh","Amonkhet","253","https://scryfall.com/card/akh/253/mountain?utm_source=api"
"Forest","2017-04-28","akh","Amonkhet","254","https://scryfall.com/card/akh/254/forest?utm_source=api"
"Plains","2017-04-28","akh","Amonkhet","255","https://scryfall.com/card/akh/255/plains?utm_source=api"
"Plains","2017-04-28","akh","Amonkhet","256","https://scryfall.com/card/akh/256/plains?utm_source=api"
"Plains","2017-04-28","akh","Amonkhet","257","https://scryfall.com/card/akh/257/plains?utm_source=api"
"Island","2017-04-28","akh","Amonkhet","258","https://scryfall.com/card/akh/258/island?utm_source=api"
"Island","2017-04-28","akh","Amonkhet","259","https://scryfall.com/card/akh/259/island?utm_source=api"
"Island","2017-04-28","akh","Amonkhet","260","https://scryfall.com/card/akh/260/island?utm_source=api"
"Swamp","2017-04-28","akh","Amonkhet","261","https://scryfall.com/card/akh/261/swamp?utm_source=api"
"Swamp","2017-04-28","akh","Amonkhet","262","https://scryfall.com/card/akh/262/swamp?utm_source=api"
"Swamp","2017-04-28","akh","Amonkhet","263","https://scryfall.com/card/akh/263/swamp?utm_source=api"
"Mountain","2017-04-28","akh","Amonkhet","264","https://scryfall.com/card/akh/264/mountain?utm_source=api"
"Mountain","2017-04-28","akh","Amonkhet","265","https://scryfall.com/card/akh/265/mountain?utm_source=api"
"Mountain","2017-04-28","akh","Amonkhet","266","https://scryfall.com/card/akh/266/mountain?utm_source=api"
"Forest","2017-04-28","akh","Amonkhet","267","https://scryfall.com/card/akh/267/forest?utm_source=api"
"Forest","2017-04-28","akh","Amonkhet","268","https://scryfall.com/card/akh/268/forest?utm_source=api"
"Forest","2017-04-28","akh","Amonkhet","269","https://scryfall.com/card/akh/269/forest?utm_source=api"
"Plains","2017-06-09","cma","Commander Anthology","285","https://scryfall.com/card/cma/285/plains?utm_source=api"
"Plains","2017-06-09","cma","Commander Anthology","286","https://scryfall.com/card/cma/286/plains?utm_source=api"
"Plains","2017-06-09","cma","Commander Anthology","287","https://scryfall.com/card/cma/287/plains?utm_source=api"
"Plains","2017-06-09","cma","Commander Anthology","288","https://scryfall.com/card/cma/288/plains?utm_source=api"
"Plains","2017-06-09","cma","Commander Anthology","289","https://scryfall.com/card/cma/289/plains?utm_source=api"
"Plains","2017-06-09","cma","Commander Anthology","290","https://scryfall.com/card/cma/290/plains?utm_source=api"
"Plains","2017-06-09","cma","Commander Anthology","291","https://scryfall.com/card/cma/291/plains?utm_source=api"
"Plains","2017-06-09","cma","Commander Anthology","292","https://scryfall.com/card/cma/292/plains?utm_source=api"
"Island","2017-06-09","cma","Commander Anthology","293","https://scryfall.com/card/cma/293/island?utm_source=api"
"Island","2017-06-09","cma","Commander Anthology","294","https://scryfall.com/card/cma/294/island?utm_source=api"
"Island","2017-06-09","cma","Commander Anthology","295","https://scryfall.com/card/cma/295/island?utm_source=api"
"Island","2017-06-09","cma","Commander Anthology","296","https://scryfall.com/card/cma/296/island?utm_source=api"
"Swamp","2017-06-09","cma","Commander Anthology","297","https://scryfall.com/card/cma/297/swamp?utm_source=api"
"Swamp","2017-06-09","cma","Commander Anthology","298","https://scryfall.com/card/cma/298/swamp?utm_source=api"
"Swamp","2017-06-09","cma","Commander Anthology","299","https://scryfall.com/card/cma/299/swamp?utm_source=api"
"Swamp","2017-06-09","cma","Commander Anthology","300","https://scryfall.com/card/cma/300/swamp?utm_source=api"
"Swamp","2017-06-09","cma","Commander Anthology","301","https://scryfall.com/card/cma/301/swamp?utm_source=api"
"Swamp","2017-06-09","cma","Commander Anthology","302","https://scryfall.com/card/cma/302/swamp?utm_source=api"
"Swamp","2017-06-09","cma","Commander Anthology","303","https://scryfall.com/card/cma/303/swamp?utm_source=api"
"Swamp","2017-06-09","cma","Commander Anthology","304","https://scryfall.com/card/cma/304/swamp?utm_source=api"
"Mountain","2017-06-09","cma","Commander Anthology","305","https://scryfall.com/card/cma/305/mountain?utm_source=api"
"Mountain","2017-06-09","cma","Commander Anthology","306","https://scryfall.com/card/cma/306/mountain?utm_source=api"
"Mountain","2017-06-09","cma","Commander Anthology","307","https://scryfall.com/card/cma/307/mountain?utm_source=api"
"Mountain","2017-06-09","cma","Commander Anthology","308","https://scryfall.com/card/cma/308/mountain?utm_source=api"
"Forest","2017-06-09","cma","Commander Anthology","309","https://scryfall.com/card/cma/309/forest?utm_source=api"
"Forest","2017-06-09","cma","Commander Anthology","310","https://scryfall.com/card/cma/310/forest?utm_source=api"
"Forest","2017-06-09","cma","Commander Anthology","311","https://scryfall.com/card/cma/311/forest?utm_source=api"
"Forest","2017-06-09","cma","Commander Anthology","312","https://scryfall.com/card/cma/312/forest?utm_source=api"
"Forest","2017-06-09","cma","Commander Anthology","313","https://scryfall.com/card/cma/313/forest?utm_source=api"
"Forest","2017-06-09","cma","Commander Anthology","314","https://scryfall.com/card/cma/314/forest?utm_source=api"
"Forest","2017-06-09","cma","Commander Anthology","315","https://scryfall.com/card/cma/315/forest?utm_source=api"
"Forest","2017-06-09","cma","Commander Anthology","316","https://scryfall.com/card/cma/316/forest?utm_source=api"
"Forest","2017-06-09","cma","Commander Anthology","317","https://scryfall.com/card/cma/317/forest?utm_source=api"
"Forest","2017-06-09","cma","Commander Anthology","318","https://scryfall.com/card/cma/318/forest?utm_source=api"
"Forest","2017-06-09","cma","Commander Anthology","319","https://scryfall.com/card/cma/319/forest?utm_source=api"
"Forest","2017-06-09","cma","Commander Anthology","320","https://scryfall.com/card/cma/320/forest?utm_source=api"
"Mountain","2017-06-16","e01","Archenemy: Nicol Bolas","100","https://scryfall.com/card/e01/100/mountain?utm_source=api"
"Forest","2017-06-16","e01","Archenemy: Nicol Bolas","101","https://scryfall.com/card/e01/101/forest?utm_source=api"
"Plains","2017-06-16","e01","Archenemy: Nicol Bolas","102","https://scryfall.com/card/e01/102/plains?utm_source=api"
"Island","2017-06-16","e01","Archenemy: Nicol Bolas","103","https://scryfall.com/card/e01/103/island?utm_source=api"
"Swamp","2017-06-16","e01","Archenemy: Nicol Bolas","104","https://scryfall.com/card/e01/104/swamp?utm_source=api"
"Mountain","2017-06-16","e01","Archenemy: Nicol Bolas","105","https://scryfall.com/card/e01/105/mountain?utm_source=api"
"Forest","2017-06-16","e01","Archenemy: Nicol Bolas","106","https://scryfall.com/card/e01/106/forest?utm_source=api"
"Plains","2017-06-16","e01","Archenemy: Nicol Bolas","97","https://scryfall.com/card/e01/97/plains?utm_source=api"
"Island","2017-06-16","e01","Archenemy: Nicol Bolas","98","https://scryfall.com/card/e01/98/island?utm_source=api"
"Swamp","2017-06-16","e01","Archenemy: Nicol Bolas","99","https://scryfall.com/card/e01/99/swamp?utm_source=api"
"Plains","2017-07-14","hou","Hour of Devastation","185","https://scryfall.com/card/hou/185/plains?utm_source=api"
"Island","2017-07-14","hou","Hour of Devastation","186","https://scryfall.com/card/hou/186/island?utm_source=api"
"Swamp","2017-07-14","hou","Hour of Devastation","187","https://scryfall.com/card/hou/187/swamp?utm_source=api"
"Mountain","2017-07-14","hou","Hour of Devastation","188","https://scryfall.com/card/hou/188/mountain?utm_source=api"
"Forest","2017-07-14","hou","Hour of Devastation","189","https://scryfall.com/card/hou/189/forest?utm_source=api"
"Plains","2017-07-14","hou","Hour of Devastation","190","https://scryfall.com/card/hou/190/plains?utm_source=api"
"Plains","2017-07-14","hou","Hour of Devastation","191","https://scryfall.com/card/hou/191/plains?utm_source=api"
"Island","2017-07-14","hou","Hour of Devastation","192","https://scryfall.com/card/hou/192/island?utm_source=api"
"Island","2017-07-14","hou","Hour of Devastation","193","https://scryfall.com/card/hou/193/island?utm_source=api"
"Swamp","2017-07-14","hou","Hour of Devastation","194","https://scryfall.com/card/hou/194/swamp?utm_source=api"
"Swamp","2017-07-14","hou","Hour of Devastation","195","https://scryfall.com/card/hou/195/swamp?utm_source=api"
"Mountain","2017-07-14","hou","Hour of Devastation","196","https://scryfall.com/card/hou/196/mountain?utm_source=api"
"Mountain","2017-07-14","hou","Hour of Devastation","197","https://scryfall.com/card/hou/197/mountain?utm_source=api"
"Forest","2017-07-14","hou","Hour of Devastation","198","https://scryfall.com/card/hou/198/forest?utm_source=api"
"Forest","2017-07-14","hou","Hour of Devastation","199","https://scryfall.com/card/hou/199/forest?utm_source=api"
"Plains","2017-08-25","c17","Commander 2017","295","https://scryfall.com/card/c17/295/plains?utm_source=api"
"Plains","2017-08-25","c17","Commander 2017","296","https://scryfall.com/card/c17/296/plains?utm_source=api"
"Plains","2017-08-25","c17","Commander 2017","297","https://scryfall.com/card/c17/297/plains?utm_source=api"
"Island","2017-08-25","c17","Commander 2017","298","https://scryfall.com/card/c17/298/island?utm_source=api"
"Island","2017-08-25","c17","Commander 2017","299","https://scryfall.com/card/c17/299/island?utm_source=api"
"Island","2017-08-25","c17","Commander 2017","300","https://scryfall.com/card/c17/300/island?utm_source=api"
"Swamp","2017-08-25","c17","Commander 2017","301","https://scryfall.com/card/c17/301/swamp?utm_source=api"
"Swamp","2017-08-25","c17","Commander 2017","302","https://scryfall.com/card/c17/302/swamp?utm_source=api"
"Swamp","2017-08-25","c17","Commander 2017","303","https://scryfall.com/card/c17/303/swamp?utm_source=api"
"Mountain","2017-08-25","c17","Commander 2017","304","https://scryfall.com/card/c17/304/mountain?utm_source=api"
"Mountain","2017-08-25","c17","Commander 2017","305","https://scryfall.com/card/c17/305/mountain?utm_source=api"
"Mountain","2017-08-25","c17","Commander 2017","306","https://scryfall.com/card/c17/306/mountain?utm_source=api"
"Forest","2017-08-25","c17","Commander 2017","307","https://scryfall.com/card/c17/307/forest?utm_source=api"
"Forest","2017-08-25","c17","Commander 2017","308","https://scryfall.com/card/c17/308/forest?utm_source=api"
"Forest","2017-08-25","c17","Commander 2017","309","https://scryfall.com/card/c17/309/forest?utm_source=api"
"Plains","2017-09-29","pss2","XLN Standard Showdown","1","https://scryfall.com/card/pss2/1/plains?utm_source=api"
"Island","2017-09-29","pss2","XLN Standard Showdown","2","https://scryfall.com/card/pss2/2/island?utm_source=api"
"Swamp","2017-09-29","pss2","XLN Standard Showdown","3","https://scryfall.com/card/pss2/3/swamp?utm_source=api"
"Mountain","2017-09-29","pss2","XLN Standard Showdown","4","https://scryfall.com/card/pss2/4/mountain?utm_source=api"
"Forest","2017-09-29","pss2","XLN Standard Showdown","5","https://scryfall.com/card/pss2/5/forest?utm_source=api"
"Plains","2017-09-29","xln","Ixalan","260","https://scryfall.com/card/xln/260/plains?utm_source=api"
"Plains","2017-09-29","xln","Ixalan","261","https://scryfall.com/card/xln/261/plains?utm_source=api"
"Plains","2017-09-29","xln","Ixalan","262","https://scryfall.com/card/xln/262/plains?utm_source=api"
"Plains","2017-09-29","xln","Ixalan","263","https://scryfall.com/card/xln/263/plains?utm_source=api"
"Island","2017-09-29","xln","Ixalan","264","https://scryfall.com/card/xln/264/island?utm_source=api"
"Island","2017-09-29","xln","Ixalan","265","https://scryfall.com/card/xln/265/island?utm_source=api"
"Island","2017-09-29","xln","Ixalan","266","https://scryfall.com/card/xln/266/island?utm_source=api"
"Island","2017-09-29","xln","Ixalan","267","https://scryfall.com/card/xln/267/island?utm_source=api"
"Swamp","2017-09-29","xln","Ixalan","268","https://scryfall.com/card/xln/268/swamp?utm_source=api"
"Swamp","2017-09-29","xln","Ixalan","269","https://scryfall.com/card/xln/269/swamp?utm_source=api"
"Swamp","2017-09-29","xln","Ixalan","270","https://scryfall.com/card/xln/270/swamp?utm_source=api"
"Swamp","2017-09-29","xln","Ixalan","271","https://scryfall.com/card/xln/271/swamp?utm_source=api"
"Mountain","2017-09-29","xln","Ixalan","272","https://scryfall.com/card/xln/272/mountain?utm_source=api"
"Mountain","2017-09-29","xln","Ixalan","273","https://scryfall.com/card/xln/273/mountain?utm_source=api"
"Mountain","2017-09-29","xln","Ixalan","274","https://scryfall.com/card/xln/274/mountain?utm_source=api"
"Mountain","2017-09-29","xln","Ixalan","275","https://scryfall.com/card/xln/275/mountain?utm_source=api"
"Forest","2017-09-29","xln","Ixalan","276","https://scryfall.com/card/xln/276/forest?utm_source=api"
"Forest","2017-09-29","xln","Ixalan","277","https://scryfall.com/card/xln/277/forest?utm_source=api"
"Forest","2017-09-29","xln","Ixalan","278","https://scryfall.com/card/xln/278/forest?utm_source=api"
"Forest","2017-09-29","xln","Ixalan","279","https://scryfall.com/card/xln/279/forest?utm_source=api"
"Plains","2017-10-20","g17","2017 Gift Pack","1","https://scryfall.com/card/g17/1/plains?utm_source=api"
"Island","2017-10-20","g17","2017 Gift Pack","2","https://scryfall.com/card/g17/2/island?utm_source=api"
"Swamp","2017-10-20","g17","2017 Gift Pack","3","https://scryfall.com/card/g17/3/swamp?utm_source=api"
"Mountain","2017-10-20","g17","2017 Gift Pack","4","https://scryfall.com/card/g17/4/mountain?utm_source=api"
"Forest","2017-10-20","g17","2017 Gift Pack","5","https://scryfall.com/card/g17/5/forest?utm_source=api"
"Island","2017-10-24","ddt","Duel Decks: Merfolk vs. Goblins","28","https://scryfall.com/card/ddt/28/island?utm_source=api"
"Island","2017-10-24","ddt","Duel Decks: Merfolk vs. Goblins","29","https://scryfall.com/card/ddt/29/island?utm_source=api"
"Island","2017-10-24","ddt","Duel Decks: Merfolk vs. Goblins","30","https://scryfall.com/card/ddt/30/island?utm_source=api"
"Island","2017-10-24","ddt","Duel Decks: Merfolk vs. Goblins","31","https://scryfall.com/card/ddt/31/island?utm_source=api"
"Mountain","2017-10-24","ddt","Duel Decks: Merfolk vs. Goblins","60","https://scryfall.com/card/ddt/60/mountain?utm_source=api"
"Mountain","2017-10-24","ddt","Duel Decks: Merfolk vs. Goblins","61","https://scryfall.com/card/ddt/61/mountain?utm_source=api"
"Mountain","2017-10-24","ddt","Duel Decks: Merfolk vs. Goblins","62","https://scryfall.com/card/ddt/62/mountain?utm_source=api"
"Mountain","2017-10-24","ddt","Duel Decks: Merfolk vs. Goblins","63","https://scryfall.com/card/ddt/63/mountain?utm_source=api"
"Plains","2017-12-08","ust","Unstable","212","https://scryfall.com/card/ust/212/plains?utm_source=api"
"Island","2017-12-08","ust","Unstable","213","https://scryfall.com/card/ust/213/island?utm_source=api"
"Swamp","2017-12-08","ust","Unstable","214","https://scryfall.com/card/ust/214/swamp?utm_source=api"
"Mountain","2017-12-08","ust","Unstable","215","https://scryfall.com/card/ust/215/mountain?utm_source=api"
"Forest","2017-12-08","ust","Unstable","216","https://scryfall.com/card/ust/216/forest?utm_source=api"
"Plains","2018-01-19","rix","Rivals of Ixalan","192","https://scryfall.com/card/rix/192/plains?utm_source=api"
"Island","2018-01-19","rix","Rivals of Ixalan","193","https://scryfall.com/card/rix/193/island?utm_source=api"
"Swamp","2018-01-19","rix","Rivals of Ixalan","194","https://scryfall.com/card/rix/194/swamp?utm_source=api"
"Mountain","2018-01-19","rix","Rivals of Ixalan","195","https://scryfall.com/card/rix/195/mountain?utm_source=api"
"Forest","2018-01-19","rix","Rivals of Ixalan","196","https://scryfall.com/card/rix/196/forest?utm_source=api"
"Forest","2018-04-06","ddu","Duel Decks: Elves vs. Inventors","31","https://scryfall.com/card/ddu/31/forest?utm_source=api"
"Forest","2018-04-06","ddu","Duel Decks: Elves vs. Inventors","32","https://scryfall.com/card/ddu/32/forest?utm_source=api"
"Forest","2018-04-06","ddu","Duel Decks: Elves vs. Inventors","33","https://scryfall.com/card/ddu/33/forest?utm_source=api"
"Forest","2018-04-06","ddu","Duel Decks: Elves vs. Inventors","34","https://scryfall.com/card/ddu/34/forest?utm_source=api"
"Island","2018-04-06","ddu","Duel Decks: Elves vs. Inventors","73","https://scryfall.com/card/ddu/73/island?utm_source=api"
"Island","2018-04-06","ddu","Duel Decks: Elves vs. Inventors","74","https://scryfall.com/card/ddu/74/island?utm_source=api"
"Mountain","2018-04-06","ddu","Duel Decks: Elves vs. Inventors","75","https://scryfall.com/card/ddu/75/mountain?utm_source=api"
"Mountain","2018-04-06","ddu","Duel Decks: Elves vs. Inventors","76","https://scryfall.com/card/ddu/76/mountain?utm_source=api"
"Plains","2018-04-27","dom","Dominaria","250","https://scryfall.com/card/dom/250/plains?utm_source=api"
"Plains","2018-04-27","dom","Dominaria","251","https://scryfall.com/card/dom/251/plains?utm_source=api"
"Plains","2018-04-27","dom","Dominaria","252","https://scryfall.com/card/dom/252/plains?utm_source=api"
"Plains","2018-04-27","dom","Dominaria","253","https://scryfall.com/card/dom/253/plains?utm_source=api"
"Island","2018-04-27","dom","Dominaria","254","https://scryfall.com/card/dom/254/island?utm_source=api"
"Island","2018-04-27","dom","Dominaria","255","https://scryfall.com/card/dom/255/island?utm_source=api"
"Island","2018-04-27","dom","Dominaria","256","https://scryfall.com/card/dom/256/island?utm_source=api"
"Island","2018-04-27","dom","Dominaria","257","https://scryfall.com/card/dom/257/island?utm_source=api"
"Swamp","2018-04-27","dom","Dominaria","258","https://scryfall.com/card/dom/258/swamp?utm_source=api"
"Swamp","2018-04-27","dom","Dominaria","259","https://scryfall.com/card/dom/259/swamp?utm_source=api"
"Swamp","2018-04-27","dom","Dominaria","260","https://scryfall.com/card/dom/260/swamp?utm_source=api"
"Swamp","2018-04-27","dom","Dominaria","261","https://scryfall.com/card/dom/261/swamp?utm_source=api"
"Mountain","2018-04-27","dom","Dominaria","262","https://scryfall.com/card/dom/262/mountain?utm_source=api"
"Mountain","2018-04-27","dom","Dominaria","263","https://scryfall.com/card/dom/263/mountain?utm_source=api"
"Mountain","2018-04-27","dom","Dominaria","264","https://scryfall.com/card/dom/264/mountain?utm_source=api"
"Mountain","2018-04-27","dom","Dominaria","265","https://scryfall.com/card/dom/265/mountain?utm_source=api"
"Forest","2018-04-27","dom","Dominaria","266","https://scryfall.com/card/dom/266/forest?utm_source=api"
"Forest","2018-04-27","dom","Dominaria","267","https://scryfall.com/card/dom/267/forest?utm_source=api"
"Forest","2018-04-27","dom","Dominaria","268","https://scryfall.com/card/dom/268/forest?utm_source=api"
"Forest","2018-04-27","dom","Dominaria","269","https://scryfall.com/card/dom/269/forest?utm_source=api"
"Plains","2018-06-08","bbd","Battlebond","250","https://scryfall.com/card/bbd/250/plains?utm_source=api"
"Island","2018-06-08","bbd","Battlebond","251","https://scryfall.com/card/bbd/251/island?utm_source=api"
"Swamp","2018-06-08","bbd","Battlebond","252","https://scryfall.com/card/bbd/252/swamp?utm_source=api"
"Mountain","2018-06-08","bbd","Battlebond","253","https://scryfall.com/card/bbd/253/mountain?utm_source=api"
"Forest","2018-06-08","bbd","Battlebond","254","https://scryfall.com/card/bbd/254/forest?utm_source=api"
"Plains","2018-06-08","cm2","Commander Anthology Volume II","279","https://scryfall.com/card/cm2/279/plains?utm_source=api"
"Plains","2018-06-08","cm2","Commander Anthology Volume II","280","https://scryfall.com/card/cm2/280/plains?utm_source=api"
"Plains","2018-06-08","cm2","Commander Anthology Volume II","281","https://scryfall.com/card/cm2/281/plains?utm_source=api"
"Plains","2018-06-08","cm2","Commander Anthology Volume II","282","https://scryfall.com/card/cm2/282/plains?utm_source=api"
"Plains","2018-06-08","cm2","Commander Anthology Volume II","283","https://scryfall.com/card/cm2/283/plains?utm_source=api"
"Plains","2018-06-08","cm2","Commander Anthology Volume II","284","https://scryfall.com/card/cm2/284/plains?utm_source=api"
"Plains","2018-06-08","cm2","Commander Anthology Volume II","285","https://scryfall.com/card/cm2/285/plains?utm_source=api"
"Island","2018-06-08","cm2","Commander Anthology Volume II","286","https://scryfall.com/card/cm2/286/island?utm_source=api"
"Island","2018-06-08","cm2","Commander Anthology Volume II","287","https://scryfall.com/card/cm2/287/island?utm_source=api"
"Island","2018-06-08","cm2","Commander Anthology Volume II","288","https://scryfall.com/card/cm2/288/island?utm_source=api"
"Island","2018-06-08","cm2","Commander Anthology Volume II","289","https://scryfall.com/card/cm2/289/island?utm_source=api"
"Island","2018-06-08","cm2","Commander Anthology Volume II","290","https://scryfall.com/card/cm2/290/island?utm_source=api"
"Island","2018-06-08","cm2","Commander Anthology Volume II","291","https://scryfall.com/card/cm2/291/island?utm_source=api"
"Island","2018-06-08","cm2","Commander Anthology Volume II","292","https://scryfall.com/card/cm2/292/island?utm_source=api"
"Swamp","2018-06-08","cm2","Commander Anthology Volume II","293","https://scryfall.com/card/cm2/293/swamp?utm_source=api"
"Swamp","2018-06-08","cm2","Commander Anthology Volume II","294","https://scryfall.com/card/cm2/294/swamp?utm_source=api"
"Swamp","2018-06-08","cm2","Commander Anthology Volume II","295","https://scryfall.com/card/cm2/295/swamp?utm_source=api"
"Swamp","2018-06-08","cm2","Commander Anthology Volume II","296","https://scryfall.com/card/cm2/296/swamp?utm_source=api"
"Swamp","2018-06-08","cm2","Commander Anthology Volume II","297","https://scryfall.com/card/cm2/297/swamp?utm_source=api"
"Swamp","2018-06-08","cm2","Commander Anthology Volume II","298","https://scryfall.com/card/cm2/298/swamp?utm_source=api"
"Swamp","2018-06-08","cm2","Commander Anthology Volume II","299","https://scryfall.com/card/cm2/299/swamp?utm_source=api"
"Mountain","2018-06-08","cm2","Commander Anthology Volume II","300","https://scryfall.com/card/cm2/300/mountain?utm_source=api"
"Mountain","2018-06-08","cm2","Commander Anthology Volume II","301","https://scryfall.com/card/cm2/301/mountain?utm_source=api"
"Mountain","2018-06-08","cm2","Commander Anthology Volume II","302","https://scryfall.com/card/cm2/302/mountain?utm_source=api"
"Mountain","2018-06-08","cm2","Commander Anthology Volume II","303","https://scryfall.com/card/cm2/303/mountain?utm_source=api"
"Mountain","2018-06-08","cm2","Commander Anthology Volume II","304","https://scryfall.com/card/cm2/304/mountain?utm_source=api"
"Mountain","2018-06-08","cm2","Commander Anthology Volume II","305","https://scryfall.com/card/cm2/305/mountain?utm_source=api"
"Forest","2018-06-08","cm2","Commander Anthology Volume II","306","https://scryfall.com/card/cm2/306/forest?utm_source=api"
"Forest","2018-06-08","cm2","Commander Anthology Volume II","307","https://scryfall.com/card/cm2/307/forest?utm_source=api"
"Forest","2018-06-08","cm2","Commander Anthology Volume II","308","https://scryfall.com/card/cm2/308/forest?utm_source=api"
"Forest","2018-06-08","cm2","Commander Anthology Volume II","309","https://scryfall.com/card/cm2/309/forest?utm_source=api"
"Forest","2018-06-08","cm2","Commander Anthology Volume II","310","https://scryfall.com/card/cm2/310/forest?utm_source=api"
"Forest","2018-06-08","cm2","Commander Anthology Volume II","311","https://scryfall.com/card/cm2/311/forest?utm_source=api"
"Forest","2018-06-08","cm2","Commander Anthology Volume II","312","https://scryfall.com/card/cm2/312/forest?utm_source=api"
"Plains","2018-06-14","pgpx","Grand Prix Promos","2018a","https://scryfall.com/card/pgpx/2018a/plains?utm_source=api"
"Island","2018-06-14","pgpx","Grand Prix Promos","2018b","https://scryfall.com/card/pgpx/2018b/island?utm_source=api"
"Swamp","2018-06-14","pgpx","Grand Prix Promos","2018c","https://scryfall.com/card/pgpx/2018c/swamp?utm_source=api"
"Mountain","2018-06-14","pgpx","Grand Prix Promos","2018d","https://scryfall.com/card/pgpx/2018d/mountain?utm_source=api"
"Forest","2018-06-14","pgpx","Grand Prix Promos","2018f","https://scryfall.com/card/pgpx/2018f/forest?utm_source=api"
"Plains","2018-06-22","gs1","Global Series Jiang Yanggu & Mu Yanling","20","https://scryfall.com/card/gs1/20/plains?utm_source=api"
"Island","2018-06-22","gs1","Global Series Jiang Yanggu & Mu Yanling","21","https://scryfall.com/card/gs1/21/island?utm_source=api"
"Mountain","2018-06-22","gs1","Global Series Jiang Yanggu & Mu Yanling","39","https://scryfall.com/card/gs1/39/mountain?utm_source=api"
"Forest","2018-06-22","gs1","Global Series Jiang Yanggu & Mu Yanling","40","https://scryfall.com/card/gs1/40/forest?utm_source=api"
"Plains","2018-07-13","m19","Core Set 2019","261","https://scryfall.com/card/m19/261/plains?utm_source=api"
"Plains","2018-07-13","m19","Core Set 2019","262","https://scryfall.com/card/m19/262/plains?utm_source=api"
"Plains","2018-07-13","m19","Core Set 2019","263","https://scryfall.com/card/m19/263/plains?utm_source=api"
"Plains","2018-07-13","m19","Core Set 2019","264","https://scryfall.com/card/m19/264/plains?utm_source=api"
"Island","2018-07-13","m19","Core Set 2019","265","https://scryfall.com/card/m19/265/island?utm_source=api"
"Island","2018-07-13","m19","Core Set 2019","266","https://scryfall.com/card/m19/266/island?utm_source=api"
"Island","2018-07-13","m19","Core Set 2019","267","https://scryfall.com/card/m19/267/island?utm_source=api"
"Island","2018-07-13","m19","Core Set 2019","268","https://scryfall.com/card/m19/268/island?utm_source=api"
"Swamp","2018-07-13","m19","Core Set 2019","269","https://scryfall.com/card/m19/269/swamp?utm_source=api"
"Swamp","2018-07-13","m19","Core Set 2019","270","https://scryfall.com/card/m19/270/swamp?utm_source=api"
"Swamp","2018-07-13","m19","Core Set 2019","271","https://scryfall.com/card/m19/271/swamp?utm_source=api"
"Swamp","2018-07-13","m19","Core Set 2019","272","https://scryfall.com/card/m19/272/swamp?utm_source=api"
"Mountain","2018-07-13","m19","Core Set 2019","273","https://scryfall.com/card/m19/273/mountain?utm_source=api"
"Mountain","2018-07-13","m19","Core Set 2019","274","https://scryfall.com/card/m19/274/mountain?utm_source=api"
"Mountain","2018-07-13","m19","Core Set 2019","275","https://scryfall.com/card/m19/275/mountain?utm_source=api"
"Mountain","2018-07-13","m19","Core Set 2019","276","https://scryfall.com/card/m19/276/mountain?utm_source=api"
"Forest","2018-07-13","m19","Core Set 2019","277","https://scryfall.com/card/m19/277/forest?utm_source=api"
"Forest","2018-07-13","m19","Core Set 2019","278","https://scryfall.com/card/m19/278/forest?utm_source=api"
"Forest","2018-07-13","m19","Core Set 2019","279","https://scryfall.com/card/m19/279/forest?utm_source=api"
"Forest","2018-07-13","m19","Core Set 2019","280","https://scryfall.com/card/m19/280/forest?utm_source=api"
"Plains","2018-07-13","pss3","M19 Standard Showdown","1","https://scryfall.com/card/pss3/1/plains?utm_source=api"
"Island","2018-07-13","pss3","M19 Standard Showdown","2","https://scryfall.com/card/pss3/2/island?utm_source=api"
"Swamp","2018-07-13","pss3","M19 Standard Showdown","3","https://scryfall.com/card/pss3/3/swamp?utm_source=api"
"Mountain","2018-07-13","pss3","M19 Standard Showdown","4","https://scryfall.com/card/pss3/4/mountain?utm_source=api"
"Forest","2018-07-13","pss3","M19 Standard Showdown","5","https://scryfall.com/card/pss3/5/forest?utm_source=api"
"Plains","2018-08-10","c18","Commander 2018","293","https://scryfall.com/card/c18/293/plains?utm_source=api"
"Plains","2018-08-10","c18","Commander 2018","294","https://scryfall.com/card/c18/294/plains?utm_source=api"
"Plains","2018-08-10","c18","Commander 2018","295","https://scryfall.com/card/c18/295/plains?utm_source=api"
"Island","2018-08-10","c18","Commander 2018","296","https://scryfall.com/card/c18/296/island?utm_source=api"
"Island","2018-08-10","c18","Commander 2018","297","https://scryfall.com/card/c18/297/island?utm_source=api"
"Island","2018-08-10","c18","Commander 2018","298","https://scryfall.com/card/c18/298/island?utm_source=api"
"Swamp","2018-08-10","c18","Commander 2018","299","https://scryfall.com/card/c18/299/swamp?utm_source=api"
"Swamp","2018-08-10","c18","Commander 2018","300","https://scryfall.com/card/c18/300/swamp?utm_source=api"
"Swamp","2018-08-10","c18","Commander 2018","301","https://scryfall.com/card/c18/301/swamp?utm_source=api"
"Mountain","2018-08-10","c18","Commander 2018","302","https://scryfall.com/card/c18/302/mountain?utm_source=api"
"Mountain","2018-08-10","c18","Commander 2018","303","https://scryfall.com/card/c18/303/mountain?utm_source=api"
"Mountain","2018-08-10","c18","Commander 2018","304","https://scryfall.com/card/c18/304/mountain?utm_source=api"
"Forest","2018-08-10","c18","Commander 2018","305","https://scryfall.com/card/c18/305/forest?utm_source=api"
"Forest","2018-08-10","c18","Commander 2018","306","https://scryfall.com/card/c18/306/forest?utm_source=api"
"Forest","2018-08-10","c18","Commander 2018","307","https://scryfall.com/card/c18/307/forest?utm_source=api"
"Plains","2018-10-05","grn","Guilds of Ravnica","260","https://scryfall.com/card/grn/260/plains?utm_source=api"
"Island","2018-10-05","grn","Guilds of Ravnica","261","https://scryfall.com/card/grn/261/island?utm_source=api"
"Swamp","2018-10-05","grn","Guilds of Ravnica","262","https://scryfall.com/card/grn/262/swamp?utm_source=api"
"Mountain","2018-10-05","grn","Guilds of Ravnica","263","https://scryfall.com/card/grn/263/mountain?utm_source=api"
"Forest","2018-10-05","grn","Guilds of Ravnica","264","https://scryfall.com/card/grn/264/forest?utm_source=api"
"Plains","2018-11-02","gk1","GRN Guild Kit","100","https://scryfall.com/card/gk1/100/plains?utm_source=api"
"Mountain","2018-11-02","gk1","GRN Guild Kit","101","https://scryfall.com/card/gk1/101/mountain?utm_source=api"
"Plains","2018-11-02","gk1","GRN Guild Kit","126","https://scryfall.com/card/gk1/126/plains?utm_source=api"
"Forest","2018-11-02","gk1","GRN Guild Kit","127","https://scryfall.com/card/gk1/127/forest?utm_source=api"
"Island","2018-11-02","gk1","GRN Guild Kit","24","https://scryfall.com/card/gk1/24/island?utm_source=api"
"Swamp","2018-11-02","gk1","GRN Guild Kit","25","https://scryfall.com/card/gk1/25/swamp?utm_source=api"
"Island","2018-11-02","gk1","GRN Guild Kit","48","https://scryfall.com/card/gk1/48/island?utm_source=api"
"Mountain","2018-11-02","gk1","GRN Guild Kit","49","https://scryfall.com/card/gk1/49/mountain?utm_source=api"
"Swamp","2018-11-02","gk1","GRN Guild Kit","75","https://scryfall.com/card/gk1/75/swamp?utm_source=api"
"Forest","2018-11-02","gk1","GRN Guild Kit","76","https://scryfall.com/card/gk1/76/forest?utm_source=api"
"Island","2018-11-09","prwk","GRN Ravnica Weekend","A01","https://scryfall.com/card/prwk/A01/island?utm_source=api"
"Swamp","2018-11-09","prwk","GRN Ravnica Weekend","A02","https://scryfall.com/card/prwk/A02/swamp?utm_source=api"
"Island","2018-11-09","prwk","GRN Ravnica Weekend","A03","https://scryfall.com/card/prwk/A03/island?utm_source=api"
"Mountain","2018-11-09","prwk","GRN Ravnica Weekend","A04","https://scryfall.com/card/prwk/A04/mountain?utm_source=api"
"Swamp","2018-11-09","prwk","GRN Ravnica Weekend","A05","https://scryfall.com/card/prwk/A05/swamp?utm_source=api"
"Forest","2018-11-09","prwk","GRN Ravnica Weekend","A06","https://scryfall.com/card/prwk/A06/forest?utm_source=api"
"Mountain","2018-11-09","prwk","GRN Ravnica Weekend","A07","https://scryfall.com/card/prwk/A07/mountain?utm_source=api"
"Plains","2018-11-09","prwk","GRN Ravnica Weekend","A08","https://scryfall.com/card/prwk/A08/plains?utm_source=api"
"Forest","2018-11-09","prwk","GRN Ravnica Weekend","A09","https://scryfall.com/card/prwk/A09/forest?utm_source=api"
"Plains","2018-11-09","prwk","GRN Ravnica Weekend","A10","https://scryfall.com/card/prwk/A10/plains?utm_source=api"
"Plains","2018-11-16","gnt","Game Night","59","https://scryfall.com/card/gnt/59/plains?utm_source=api"
"Plains","2018-11-16","gnt","Game Night","60","https://scryfall.com/card/gnt/60/plains?utm_source=api"
"Island","2018-11-16","gnt","Game Night","61","https://scryfall.com/card/gnt/61/island?utm_source=api"
"Island","2018-11-16","gnt","Game Night","62","https://scryfall.com/card/gnt/62/island?utm_source=api"
"Swamp","2018-11-16","gnt","Game Night","63","https://scryfall.com/card/gnt/63/swamp?utm_source=api"
"Swamp","2018-11-16","gnt","Game Night","64","https://scryfall.com/card/gnt/64/swamp?utm_source=api"
"Mountain","2018-11-16","gnt","Game Night","65","https://scryfall.com/card/gnt/65/mountain?utm_source=api"
"Mountain","2018-11-16","gnt","Game Night","66","https://scryfall.com/card/gnt/66/mountain?utm_source=api"
"Forest","2018-11-16","gnt","Game Night","67","https://scryfall.com/card/gnt/67/forest?utm_source=api"
"Forest","2018-11-16","gnt","Game Night","68","https://scryfall.com/card/gnt/68/forest?utm_source=api"
"Plains","2019-01-01","pf19","MagicFest 2019","2","https://scryfall.com/card/pf19/2/plains?utm_source=api"
"Island","2019-01-01","pf19","MagicFest 2019","3","https://scryfall.com/card/pf19/3/island?utm_source=api"
"Swamp","2019-01-01","pf19","MagicFest 2019","4","https://scryfall.com/card/pf19/4/swamp?utm_source=api"
"Mountain","2019-01-01","pf19","MagicFest 2019","5","https://scryfall.com/card/pf19/5/mountain?utm_source=api"
"Forest","2019-01-01","pf19","MagicFest 2019","6","https://scryfall.com/card/pf19/6/forest?utm_source=api"
"Plains","2019-01-25","rna","Ravnica Allegiance","260","https://scryfall.com/card/rna/260/plains?utm_source=api"
"Island","2019-01-25","rna","Ravnica Allegiance","261","https://scryfall.com/card/rna/261/island?utm_source=api"
"Swamp","2019-01-25","rna","Ravnica Allegiance","262","https://scryfall.com/card/rna/262/swamp?utm_source=api"
"Mountain","2019-01-25","rna","Ravnica Allegiance","263","https://scryfall.com/card/rna/263/mountain?utm_source=api"
"Forest","2019-01-25","rna","Ravnica Allegiance","264","https://scryfall.com/card/rna/264/forest?utm_source=api"
"Mountain","2019-02-15","gk2","RNA Guild Kit","105","https://scryfall.com/card/gk2/105/mountain?utm_source=api"
"Forest","2019-02-15","gk2","RNA Guild Kit","106","https://scryfall.com/card/gk2/106/forest?utm_source=api"
"Island","2019-02-15","gk2","RNA Guild Kit","132","https://scryfall.com/card/gk2/132/island?utm_source=api"
"Forest","2019-02-15","gk2","RNA Guild Kit","133","https://scryfall.com/card/gk2/133/forest?utm_source=api"
"Plains","2019-02-15","gk2","RNA Guild Kit","26","https://scryfall.com/card/gk2/26/plains?utm_source=api"
"Island","2019-02-15","gk2","RNA Guild Kit","27","https://scryfall.com/card/gk2/27/island?utm_source=api"
"Plains","2019-02-15","gk2","RNA Guild Kit","50","https://scryfall.com/card/gk2/50/plains?utm_source=api"
"Swamp","2019-02-15","gk2","RNA Guild Kit","51","https://scryfall.com/card/gk2/51/swamp?utm_source=api"
"Swamp","2019-02-15","gk2","RNA Guild Kit","78","https://scryfall.com/card/gk2/78/swamp?utm_source=api"
"Mountain","2019-02-15","gk2","RNA Guild Kit","79","https://scryfall.com/card/gk2/79/mountain?utm_source=api"
"Plains","2019-02-16","prw2","RNA Ravnica Weekend","B01","https://scryfall.com/card/prw2/B01/plains?utm_source=api"
"Island","2019-02-16","prw2","RNA Ravnica Weekend","B02","https://scryfall.com/card/prw2/B02/island?utm_source=api"
"Plains","2019-02-16","prw2","RNA Ravnica Weekend","B03","https://scryfall.com/card/prw2/B03/plains?utm_source=api"
"Swamp","2019-02-16","prw2","RNA Ravnica Weekend","B04","https://scryfall.com/card/prw2/B04/swamp?utm_source=api"
"Swamp","2019-02-16","prw2","RNA Ravnica Weekend","B05","https://scryfall.com/card/prw2/B05/swamp?utm_source=api"
"Mountain","2019-02-16","prw2","RNA Ravnica Weekend","B06","https://scryfall.com/card/prw2/B06/mountain?utm_source=api"
"Mountain","2019-02-16","prw2","RNA Ravnica Weekend","B07","https://scryfall.com/card/prw2/B07/mountain?utm_source=api"
"Forest","2019-02-16","prw2","RNA Ravnica Weekend","B08","https://scryfall.com/card/prw2/B08/forest?utm_source=api"
"Forest","2019-02-16","prw2","RNA Ravnica Weekend","B09","https://scryfall.com/card/prw2/B09/forest?utm_source=api"
"Island","2019-02-16","prw2","RNA Ravnica Weekend","B10","https://scryfall.com/card/prw2/B10/island?utm_source=api"
"Plains","2019-05-03","war","War of the Spark","250","https://scryfall.com/card/war/250/plains?utm_source=api"
"Plains","2019-05-03","war","War of the Spark","251","https://scryfall.com/card/war/251/plains?utm_source=api"
"Plains","2019-05-03","war","War of the Spark","252","https://scryfall.com/card/war/252/plains?utm_source=api"
"Island","2019-05-03","war","War of the Spark","253","https://scryfall.com/card/war/253/island?utm_source=api"
"Island","2019-05-03","war","War of the Spark","254","https://scryfall.com/card/war/254/island?utm_source=api"
"Island","2019-05-03","war","War of the Spark","255","https://scryfall.com/card/war/255/island?utm_source=api"
"Swamp","2019-05-03","war","War of the Spark","256","https://scryfall.com/card/war/256/swamp?utm_source=api"
"Swamp","2019-05-03","war","War of the Spark","257","https://scryfall.com/card/war/257/swamp?utm_source=api"
"Swamp","2019-05-03","war","War of the Spark","258","https://scryfall.com/card/war/258/swamp?utm_source=api"
"Mountain","2019-05-03","war","War of the Spark","259","https://scryfall.com/card/war/259/mountain?utm_source=api"
"Mountain","2019-05-03","war","War of the Spark","260","https://scryfall.com/card/war/260/mountain?utm_source=api"
"Mountain","2019-05-03","war","War of the Spark","261","https://scryfall.com/card/war/261/mountain?utm_source=api"
"Forest","2019-05-03","war","War of the Spark","262","https://scryfall.com/card/war/262/forest?utm_source=api"
"Forest","2019-05-03","war","War of the Spark","263","https://scryfall.com/card/war/263/forest?utm_source=api"
"Forest","2019-05-03","war","War of the Spark","264","https://scryfall.com/card/war/264/forest?utm_source=api"
"Snow-Covered Plains","2019-06-14","mh1","Modern Horizons","250","https://scryfall.com/card/mh1/250/snow-covered-plains?utm_source=api"
"Snow-Covered Island","2019-06-14","mh1","Modern Horizons","251","https://scryfall.com/card/mh1/251/snow-covered-island?utm_source=api"
"Snow-Covered Swamp","2019-06-14","mh1","Modern Horizons","252","https://scryfall.com/card/mh1/252/snow-covered-swamp?utm_source=api"
"Snow-Covered Mountain","2019-06-14","mh1","Modern Horizons","253","https://scryfall.com/card/mh1/253/snow-covered-mountain?utm_source=api"
"Snow-Covered Forest","2019-06-14","mh1","Modern Horizons","254","https://scryfall.com/card/mh1/254/snow-covered-forest?utm_source=api"
"Plains","2019-07-12","m20","Core Set 2020","261","https://scryfall.com/card/m20/261/plains?utm_source=api"
"Plains","2019-07-12","m20","Core Set 2020","262","https://scryfall.com/card/m20/262/plains?utm_source=api"
"Plains","2019-07-12","m20","Core Set 2020","263","https://scryfall.com/card/m20/263/plains?utm_source=api"
"Plains","2019-07-12","m20","Core Set 2020","264","https://scryfall.com/card/m20/264/plains?utm_source=api"
"Island","2019-07-12","m20","Core Set 2020","265","https://scryfall.com/card/m20/265/island?utm_source=api"
"Island","2019-07-12","m20","Core Set 2020","266","https://scryfall.com/card/m20/266/island?utm_source=api"
"Island","2019-07-12","m20","Core Set 2020","267","https://scryfall.com/card/m20/267/island?utm_source=api"
"Island","2019-07-12","m20","Core Set 2020","268","https://scryfall.com/card/m20/268/island?utm_source=api"
"Swamp","2019-07-12","m20","Core Set 2020","269","https://scryfall.com/card/m20/269/swamp?utm_source=api"
"Swamp","2019-07-12","m20","Core Set 2020","270","https://scryfall.com/card/m20/270/swamp?utm_source=api"
"Swamp","2019-07-12","m20","Core Set 2020","271","https://scryfall.com/card/m20/271/swamp?utm_source=api"
"Swamp","2019-07-12","m20","Core Set 2020","272","https://scryfall.com/card/m20/272/swamp?utm_source=api"
"Mountain","2019-07-12","m20","Core Set 2020","273","https://scryfall.com/card/m20/273/mountain?utm_source=api"
"Mountain","2019-07-12","m20","Core Set 2020","274","https://scryfall.com/card/m20/274/mountain?utm_source=api"
"Mountain","2019-07-12","m20","Core Set 2020","275","https://scryfall.com/card/m20/275/mountain?utm_source=api"
"Mountain","2019-07-12","m20","Core Set 2020","276","https://scryfall.com/card/m20/276/mountain?utm_source=api"
"Forest","2019-07-12","m20","Core Set 2020","277","https://scryfall.com/card/m20/277/forest?utm_source=api"
"Forest","2019-07-12","m20","Core Set 2020","278","https://scryfall.com/card/m20/278/forest?utm_source=api"
"Forest","2019-07-12","m20","Core Set 2020","279","https://scryfall.com/card/m20/279/forest?utm_source=api"
"Forest","2019-07-12","m20","Core Set 2020","280","https://scryfall.com/card/m20/280/forest?utm_source=api"
"Plains","2019-07-12","ppp1","M20 Promo Packs","1","https://scryfall.com/card/ppp1/1/plains?utm_source=api"
"Island","2019-07-12","ppp1","M20 Promo Packs","2","https://scryfall.com/card/ppp1/2/island?utm_source=api"
"Swamp","2019-07-12","ppp1","M20 Promo Packs","3","https://scryfall.com/card/ppp1/3/swamp?utm_source=api"
"Mountain","2019-07-12","ppp1","M20 Promo Packs","4","https://scryfall.com/card/ppp1/4/mountain?utm_source=api"
"Forest","2019-07-12","ppp1","M20 Promo Packs","5","https://scryfall.com/card/ppp1/5/forest?utm_source=api"
"Plains","2019-08-23","c19","Commander 2019","288","https://scryfall.com/card/c19/288/plains?utm_source=api"
"Plains","2019-08-23","c19","Commander 2019","289","https://scryfall.com/card/c19/289/plains?utm_source=api"
"Plains","2019-08-23","c19","Commander 2019","290","https://scryfall.com/card/c19/290/plains?utm_source=api"
"Island","2019-08-23","c19","Commander 2019","291","https://scryfall.com/card/c19/291/island?utm_source=api"
"Island","2019-08-23","c19","Commander 2019","292","https://scryfall.com/card/c19/292/island?utm_source=api"
"Island","2019-08-23","c19","Commander 2019","293","https://scryfall.com/card/c19/293/island?utm_source=api"
"Swamp","2019-08-23","c19","Commander 2019","294","https://scryfall.com/card/c19/294/swamp?utm_source=api"
"Swamp","2019-08-23","c19","Commander 2019","295","https://scryfall.com/card/c19/295/swamp?utm_source=api"
"Swamp","2019-08-23","c19","Commander 2019","296","https://scryfall.com/card/c19/296/swamp?utm_source=api"
"Mountain","2019-08-23","c19","Commander 2019","297","https://scryfall.com/card/c19/297/mountain?utm_source=api"
"Mountain","2019-08-23","c19","Commander 2019","298","https://scryfall.com/card/c19/298/mountain?utm_source=api"
"Mountain","2019-08-23","c19","Commander 2019","299","https://scryfall.com/card/c19/299/mountain?utm_source=api"
"Forest","2019-08-23","c19","Commander 2019","300","https://scryfall.com/card/c19/300/forest?utm_source=api"
"Forest","2019-08-23","c19","Commander 2019","301","https://scryfall.com/card/c19/301/forest?utm_source=api"
"Forest","2019-08-23","c19","Commander 2019","302","https://scryfall.com/card/c19/302/forest?utm_source=api"
"Plains","2019-10-04","eld","Throne of Eldraine","250","https://scryfall.com/card/eld/250/plains?utm_source=api"
"Plains","2019-10-04","eld","Throne of Eldraine","251","https://scryfall.com/card/eld/251/plains?utm_source=api"
"Plains","2019-10-04","eld","Throne of Eldraine","252","https://scryfall.com/card/eld/252/plains?utm_source=api"
"Plains","2019-10-04","eld","Throne of Eldraine","253","https://scryfall.com/card/eld/253/plains?utm_source=api"
"Island","2019-10-04","eld","Throne of Eldraine","254","https://scryfall.com/card/eld/254/island?utm_source=api"
"Island","2019-10-04","eld","Throne of Eldraine","255","https://scryfall.com/card/eld/255/island?utm_source=api"
"Island","2019-10-04","eld","Throne of Eldraine","256","https://scryfall.com/card/eld/256/island?utm_source=api"
"Island","2019-10-04","eld","Throne of Eldraine","257","https://scryfall.com/card/eld/257/island?utm_source=api"
"Swamp","2019-10-04","eld","Throne of Eldraine","258","https://scryfall.com/card/eld/258/swamp?utm_source=api"
"Swamp","2019-10-04","eld","Throne of Eldraine","259","https://scryfall.com/card/eld/259/swamp?utm_source=api"
"Swamp","2019-10-04","eld","Throne of Eldraine","260","https://scryfall.com/card/eld/260/swamp?utm_source=api"
"Swamp","2019-10-04","eld","Throne of Eldraine","261","https://scryfall.com/card/eld/261/swamp?utm_source=api"
"Mountain","2019-10-04","eld","Throne of Eldraine","262","https://scryfall.com/card/eld/262/mountain?utm_source=api"
"Mountain","2019-10-04","eld","Throne of Eldraine","263","https://scryfall.com/card/eld/263/mountain?utm_source=api"
"Mountain","2019-10-04","eld","Throne of Eldraine","264","https://scryfall.com/card/eld/264/mountain?utm_source=api"
"Mountain","2019-10-04","eld","Throne of Eldraine","265","https://scryfall.com/card/eld/265/mountain?utm_source=api"
"Forest","2019-10-04","eld","Throne of Eldraine","266","https://scryfall.com/card/eld/266/forest?utm_source=api"
"Forest","2019-10-04","eld","Throne of Eldraine","267","https://scryfall.com/card/eld/267/forest?utm_source=api"
"Forest","2019-10-04","eld","Throne of Eldraine","268","https://scryfall.com/card/eld/268/forest?utm_source=api"
"Forest","2019-10-04","eld","Throne of Eldraine","269","https://scryfall.com/card/eld/269/forest?utm_source=api"
"Plains","2019-11-15","gn2","Game Night 2019","55","https://scryfall.com/card/gn2/55/plains?utm_source=api"
"Plains","2019-11-15","gn2","Game Night 2019","56","https://scryfall.com/card/gn2/56/plains?utm_source=api"
"Island","2019-11-15","gn2","Game Night 2019","57","https://scryfall.com/card/gn2/57/island?utm_source=api"
"Island","2019-11-15","gn2","Game Night 2019","58","https://scryfall.com/card/gn2/58/island?utm_source=api"
"Swamp","2019-11-15","gn2","Game Night 2019","59","https://scryfall.com/card/gn2/59/swamp?utm_source=api"
"Swamp","2019-11-15","gn2","Game Night 2019","60","https://scryfall.com/card/gn2/60/swamp?utm_source=api"
"Mountain","2019-11-15","gn2","Game Night 2019","61","https://scryfall.com/card/gn2/61/mountain?utm_source=api"
"Mountain","2019-11-15","gn2","Game Night 2019","62","https://scryfall.com/card/gn2/62/mountain?utm_source=api"
"Forest","2019-11-15","gn2","Game Night 2019","63","https://scryfall.com/card/gn2/63/forest?utm_source=api"
"Forest","2019-11-15","gn2","Game Night 2019","64","https://scryfall.com/card/gn2/64/forest?utm_source=api"
"Snow-Covered Plains","2019-12-04","sld","Secret Lair Drop","1","https://scryfall.com/card/sld/1/snow-covered-plains?utm_source=api"
"Snow-Covered Island","2019-12-04","sld","Secret Lair Drop","2","https://scryfall.com/card/sld/2/snow-covered-island?utm_source=api"
"Snow-Covered Swamp","2019-12-04","sld","Secret Lair Drop","3","https://scryfall.com/card/sld/3/snow-covered-swamp?utm_source=api"
"Snow-Covered Mountain","2019-12-04","sld","Secret Lair Drop","4","https://scryfall.com/card/sld/4/snow-covered-mountain?utm_source=api"
"Snow-Covered Forest","2019-12-04","sld","Secret Lair Drop","5","https://scryfall.com/card/sld/5/snow-covered-forest?utm_source=api"
"Plains","2020-01-01","pf20","MagicFest 2020","2","https://scryfall.com/card/pf20/2/plains?utm_source=api"
"Island","2020-01-01","pf20","MagicFest 2020","3","https://scryfall.com/card/pf20/3/island?utm_source=api"
"Swamp","2020-01-01","pf20","MagicFest 2020","4","https://scryfall.com/card/pf20/4/swamp?utm_source=api"
"Mountain","2020-01-01","pf20","MagicFest 2020","5","https://scryfall.com/card/pf20/5/mountain?utm_source=api"
"Forest","2020-01-01","pf20","MagicFest 2020","6","https://scryfall.com/card/pf20/6/forest?utm_source=api"
"Plains","2020-01-24","thb","Theros Beyond Death","250","https://scryfall.com/card/thb/250/plains?utm_source=api"
"Island","2020-01-24","thb","Theros Beyond Death","251","https://scryfall.com/card/thb/251/island?utm_source=api"
"Swamp","2020-01-24","thb","Theros Beyond Death","252","https://scryfall.com/card/thb/252/swamp?utm_source=api"
"Mountain","2020-01-24","thb","Theros Beyond Death","253","https://scryfall.com/card/thb/253/mountain?utm_source=api"
"Forest","2020-01-24","thb","Theros Beyond Death","254","https://scryfall.com/card/thb/254/forest?utm_source=api"
"Plains","2020-01-24","thb","Theros Beyond Death","278","https://scryfall.com/card/thb/278/plains?utm_source=api"
"Plains","2020-01-24","thb","Theros Beyond Death","279","https://scryfall.com/card/thb/279/plains?utm_source=api"
"Island","2020-01-24","thb","Theros Beyond Death","280","https://scryfall.com/card/thb/280/island?utm_source=api"
"Island","2020-01-24","thb","Theros Beyond Death","281","https://scryfall.com/card/thb/281/island?utm_source=api"
"Swamp","2020-01-24","thb","Theros Beyond Death","282","https://scryfall.com/card/thb/282/swamp?utm_source=api"
"Swamp","2020-01-24","thb","Theros Beyond Death","283","https://scryfall.com/card/thb/283/swamp?utm_source=api"
"Mountain","2020-01-24","thb","Theros Beyond Death","284","https://scryfall.com/card/thb/284/mountain?utm_source=api"
"Mountain","2020-01-24","thb","Theros Beyond Death","285","https://scryfall.com/card/thb/285/mountain?utm_source=api"
"Forest","2020-01-24","thb","Theros Beyond Death","286","https://scryfall.com/card/thb/286/forest?utm_source=api"
"Forest","2020-01-24","thb","Theros Beyond Death","287","https://scryfall.com/card/thb/287/forest?utm_source=api"
"Plains","2020-02-29","und","Unsanctioned","87","https://scryfall.com/card/und/87/plains?utm_source=api"
"Plains","2020-02-29","und","Unsanctioned","88","https://scryfall.com/card/und/88/plains?utm_source=api"
"Island","2020-02-29","und","Unsanctioned","89","https://scryfall.com/card/und/89/island?utm_source=api"
"Island","2020-02-29","und","Unsanctioned","90","https://scryfall.com/card/und/90/island?utm_source=api"
"Swamp","2020-02-29","und","Unsanctioned","91","https://scryfall.com/card/und/91/swamp?utm_source=api"
"Swamp","2020-02-29","und","Unsanctioned","92","https://scryfall.com/card/und/92/swamp?utm_source=api"
"Mountain","2020-02-29","und","Unsanctioned","93","https://scryfall.com/card/und/93/mountain?utm_source=api"
"Mountain","2020-02-29","und","Unsanctioned","94","https://scryfall.com/card/und/94/mountain?utm_source=api"
"Forest","2020-02-29","und","Unsanctioned","95","https://scryfall.com/card/und/95/forest?utm_source=api"
"Forest","2020-02-29","und","Unsanctioned","96","https://scryfall.com/card/und/96/forest?utm_source=api"
"Plains","2020-04-24","iko","Ikoria: Lair of Behemoths","260","https://scryfall.com/card/iko/260/plains?utm_source=api"
"Plains","2020-04-24","iko","Ikoria: Lair of Behemoths","261","https://scryfall.com/card/iko/261/plains?utm_source=api"
"Plains","2020-04-24","iko","Ikoria: Lair of Behemoths","262","https://scryfall.com/card/iko/262/plains?utm_source=api"
"Island","2020-04-24","iko","Ikoria: Lair of Behemoths","263","https://scryfall.com/card/iko/263/island?utm_source=api"
"Island","2020-04-24","iko","Ikoria: Lair of Behemoths","264","https://scryfall.com/card/iko/264/island?utm_source=api"
"Island","2020-04-24","iko","Ikoria: Lair of Behemoths","265","https://scryfall.com/card/iko/265/island?utm_source=api"
"Swamp","2020-04-24","iko","Ikoria: Lair of Behemoths","266","https://scryfall.com/card/iko/266/swamp?utm_source=api"
"Swamp","2020-04-24","iko","Ikoria: Lair of Behemoths","267","https://scryfall.com/card/iko/267/swamp?utm_source=api"
"Swamp","2020-04-24","iko","Ikoria: Lair of Behemoths","268","https://scryfall.com/card/iko/268/swamp?utm_source=api"
"Mountain","2020-04-24","iko","Ikoria: Lair of Behemoths","269","https://scryfall.com/card/iko/269/mountain?utm_source=api"
"Mountain","2020-04-24","iko","Ikoria: Lair of Behemoths","270","https://scryfall.com/card/iko/270/mountain?utm_source=api"
"Mountain","2020-04-24","iko","Ikoria: Lair of Behemoths","271","https://scryfall.com/card/iko/271/mountain?utm_source=api"
"Forest","2020-04-24","iko","Ikoria: Lair of Behemoths","272","https://scryfall.com/card/iko/272/forest?utm_source=api"
"Forest","2020-04-24","iko","Ikoria: Lair of Behemoths","273","https://scryfall.com/card/iko/273/forest?utm_source=api"
"Forest","2020-04-24","iko","Ikoria: Lair of Behemoths","274","https://scryfall.com/card/iko/274/forest?utm_source=api"
"Plains","2020-07-03","m21","Core Set 2021","260","https://scryfall.com/card/m21/260/plains?utm_source=api"
"Plains","2020-07-03","m21","Core Set 2021","261","https://scryfall.com/card/m21/261/plains?utm_source=api"
"Plains","2020-07-03","m21","Core Set 2021","262","https://scryfall.com/card/m21/262/plains?utm_source=api"
"Island","2020-07-03","m21","Core Set 2021","263","https://scryfall.com/card/m21/263/island?utm_source=api"
"Island","2020-07-03","m21","Core Set 2021","264","https://scryfall.com/card/m21/264/island?utm_source=api"
"Island","2020-07-03","m21","Core Set 2021","265","https://scryfall.com/card/m21/265/island?utm_source=api"
"Swamp","2020-07-03","m21","Core Set 2021","266","https://scryfall.com/card/m21/266/swamp?utm_source=api"
"Swamp","2020-07-03","m21","Core Set 2021","267","https://scryfall.com/card/m21/267/swamp?utm_source=api"
"Swamp","2020-07-03","m21","Core Set 2021","268","https://scryfall.com/card/m21/268/swamp?utm_source=api"
"Mountain","2020-07-03","m21","Core Set 2021","269","https://scryfall.com/card/m21/269/mountain?utm_source=api"
"Mountain","2020-07-03","m21","Core Set 2021","270","https://scryfall.com/card/m21/270/mountain?utm_source=api"
"Mountain","2020-07-03","m21","Core Set 2021","271","https://scryfall.com/card/m21/271/mountain?utm_source=api"
"Forest","2020-07-03","m21","Core Set 2021","272","https://scryfall.com/card/m21/272/forest?utm_source=api"
"Forest","2020-07-03","m21","Core Set 2021","273","https://scryfall.com/card/m21/273/forest?utm_source=api"
"Forest","2020-07-03","m21","Core Set 2021","274","https://scryfall.com/card/m21/274/forest?utm_source=api"
"Plains","2020-07-03","m21","Core Set 2021","309","https://scryfall.com/card/m21/309/plains?utm_source=api"
"Island","2020-07-03","m21","Core Set 2021","310","https://scryfall.com/card/m21/310/island?utm_source=api"
"Swamp","2020-07-03","m21","Core Set 2021","311","https://scryfall.com/card/m21/311/swamp?utm_source=api"
"Mountain","2020-07-03","m21","Core Set 2021","312","https://scryfall.com/card/m21/312/mountain?utm_source=api"
"Forest","2020-07-03","m21","Core Set 2021","313","https://scryfall.com/card/m21/313/forest?utm_source=api"
"Plains","2020-07-17","jmp","Jumpstart","38","https://scryfall.com/card/jmp/38/plains?utm_source=api"
"Plains","2020-07-17","jmp","Jumpstart","39","https://scryfall.com/card/jmp/39/plains?utm_source=api"
"Plains","2020-07-17","jmp","Jumpstart","40","https://scryfall.com/card/jmp/40/plains?utm_source=api"
"Plains","2020-07-17","jmp","Jumpstart","41","https://scryfall.com/card/jmp/41/plains?utm_source=api"
"Plains","2020-07-17","jmp","Jumpstart","42","https://scryfall.com/card/jmp/42/plains?utm_source=api"
"Plains","2020-07-17","jmp","Jumpstart","43","https://scryfall.com/card/jmp/43/plains?utm_source=api"
"Plains","2020-07-17","jmp","Jumpstart","44","https://scryfall.com/card/jmp/44/plains?utm_source=api"
"Plains","2020-07-17","jmp","Jumpstart","45","https://scryfall.com/card/jmp/45/plains?utm_source=api"
"Island","2020-07-17","jmp","Jumpstart","46","https://scryfall.com/card/jmp/46/island?utm_source=api"
"Island","2020-07-17","jmp","Jumpstart","47","https://scryfall.com/card/jmp/47/island?utm_source=api"
"Island","2020-07-17","jmp","Jumpstart","48","https://scryfall.com/card/jmp/48/island?utm_source=api"
"Island","2020-07-17","jmp","Jumpstart","49","https://scryfall.com/card/jmp/49/island?utm_source=api"
"Island","2020-07-17","jmp","Jumpstart","50","https://scryfall.com/card/jmp/50/island?utm_source=api"
"Island","2020-07-17","jmp","Jumpstart","51","https://scryfall.com/card/jmp/51/island?utm_source=api"
"Island","2020-07-17","jmp","Jumpstart","52","https://scryfall.com/card/jmp/52/island?utm_source=api"
"Island","2020-07-17","jmp","Jumpstart","53","https://scryfall.com/card/jmp/53/island?utm_source=api"
"Swamp","2020-07-17","jmp","Jumpstart","54","https://scryfall.com/card/jmp/54/swamp?utm_source=api"
"Swamp","2020-07-17","jmp","Jumpstart","55","https://scryfall.com/card/jmp/55/swamp?utm_source=api"
"Swamp","2020-07-17","jmp","Jumpstart","56","https://scryfall.com/card/jmp/56/swamp?utm_source=api"
"Swamp","2020-07-17","jmp","Jumpstart","57","https://scryfall.com/card/jmp/57/swamp?utm_source=api"
"Swamp","2020-07-17","jmp","Jumpstart","58","https://scryfall.com/card/jmp/58/swamp?utm_source=api"
"Swamp","2020-07-17","jmp","Jumpstart","59","https://scryfall.com/card/jmp/59/swamp?utm_source=api"
"Swamp","2020-07-17","jmp","Jumpstart","60","https://scryfall.com/card/jmp/60/swamp?utm_source=api"
"Swamp","2020-07-17","jmp","Jumpstart","61","https://scryfall.com/card/jmp/61/swamp?utm_source=api"
"Mountain","2020-07-17","jmp","Jumpstart","62","https://scryfall.com/card/jmp/62/mountain?utm_source=api"
"Mountain","2020-07-17","jmp","Jumpstart","63","https://scryfall.com/card/jmp/63/mountain?utm_source=api"
"Mountain","2020-07-17","jmp","Jumpstart","64","https://scryfall.com/card/jmp/64/mountain?utm_source=api"
"Mountain","2020-07-17","jmp","Jumpstart","65","https://scryfall.com/card/jmp/65/mountain?utm_source=api"
"Mountain","2020-07-17","jmp","Jumpstart","66","https://scryfall.com/card/jmp/66/mountain?utm_source=api"
"Mountain","2020-07-17","jmp","Jumpstart","67","https://scryfall.com/card/jmp/67/mountain?utm_source=api"
"Mountain","2020-07-17","jmp","Jumpstart","68","https://scryfall.com/card/jmp/68/mountain?utm_source=api"
"Mountain","2020-07-17","jmp","Jumpstart","69","https://scryfall.com/card/jmp/69/mountain?utm_source=api"
"Forest","2020-07-17","jmp","Jumpstart","70","https://scryfall.com/card/jmp/70/forest?utm_source=api"
"Forest","2020-07-17","jmp","Jumpstart","71","https://scryfall.com/card/jmp/71/forest?utm_source=api"
"Forest","2020-07-17","jmp","Jumpstart","72","https://scryfall.com/card/jmp/72/forest?utm_source=api"
"Forest","2020-07-17","jmp","Jumpstart","73","https://scryfall.com/card/jmp/73/forest?utm_source=api"
"Forest","2020-07-17","jmp","Jumpstart","74","https://scryfall.com/card/jmp/74/forest?utm_source=api"
"Forest","2020-07-17","jmp","Jumpstart","75","https://scryfall.com/card/jmp/75/forest?utm_source=api"
"Forest","2020-07-17","jmp","Jumpstart","76","https://scryfall.com/card/jmp/76/forest?utm_source=api"
"Forest","2020-07-17","jmp","Jumpstart","77","https://scryfall.com/card/jmp/77/forest?utm_source=api"
"Plains","2020-07-31","sld","Secret Lair Drop","63","https://scryfall.com/card/sld/63/ja/%E5%B9%B3%E5%9C%B0-(plains)?utm_source=api"
"Island","2020-07-31","sld","Secret Lair Drop","64","https://scryfall.com/card/sld/64/ja/%E5%B3%B6-(island)?utm_source=api"
"Swamp","2020-07-31","sld","Secret Lair Drop","65","https://scryfall.com/card/sld/65/ja/%E6%B2%BC-(swamp)?utm_source=api"
"Mountain","2020-07-31","sld","Secret Lair Drop","66","https://scryfall.com/card/sld/66/ja/%E5%B1%B1-(mountain)?utm_source=api"
"Forest","2020-07-31","sld","Secret Lair Drop","67","https://scryfall.com/card/sld/67/ja/%E6%A3%AE-(forest)?utm_source=api"
"Plains","2020-08-07","2xm","Double Masters","373","https://scryfall.com/card/2xm/373/plains?utm_source=api"
"Plains","2020-08-07","2xm","Double Masters","374","https://scryfall.com/card/2xm/374/plains?utm_source=api"
"Island","2020-08-07","2xm","Double Masters","375","https://scryfall.com/card/2xm/375/island?utm_source=api"
"Island","2020-08-07","2xm","Double Masters","376","https://scryfall.com/card/2xm/376/island?utm_source=api"
"Swamp","2020-08-07","2xm","Double Masters","377","https://scryfall.com/card/2xm/377/swamp?utm_source=api"
"Swamp","2020-08-07","2xm","Double Masters","378","https://scryfall.com/card/2xm/378/swamp?utm_source=api"
"Mountain","2020-08-07","2xm","Double Masters","379","https://scryfall.com/card/2xm/379/mountain?utm_source=api"
"Mountain","2020-08-07","2xm","Double Masters","380","https://scryfall.com/card/2xm/380/mountain?utm_source=api"
"Forest","2020-08-07","2xm","Double Masters","381","https://scryfall.com/card/2xm/381/forest?utm_source=api"
"Forest","2020-08-07","2xm","Double Masters","382","https://scryfall.com/card/2xm/382/forest?utm_source=api"
"Wastes","2020-09-01","plst","The List","OGW-183","https://scryfall.com/card/plst/OGW-183/wastes?utm_source=api"
"Plains","2020-09-01","plst","The List","UGL-84","https://scryfall.com/card/plst/UGL-84/plains?utm_source=api"
"Plains","2020-09-25","znr","Zendikar Rising","266","https://scryfall.com/card/znr/266/plains?utm_source=api"
"Plains","2020-09-25","znr","Zendikar Rising","267","https://scryfall.com/card/znr/267/plains?utm_source=api"
"Plains","2020-09-25","znr","Zendikar Rising","268","https://scryfall.com/card/znr/268/plains?utm_source=api"
"Island","2020-09-25","znr","Zendikar Rising","269","https://scryfall.com/card/znr/269/island?utm_source=api"
"Island","2020-09-25","znr","Zendikar Rising","270","https://scryfall.com/card/znr/270/island?utm_source=api"
"Island","2020-09-25","znr","Zendikar Rising","271","https://scryfall.com/card/znr/271/island?utm_source=api"
"Swamp","2020-09-25","znr","Zendikar Rising","272","https://scryfall.com/card/znr/272/swamp?utm_source=api"
"Swamp","2020-09-25","znr","Zendikar Rising","273","https://scryfall.com/card/znr/273/swamp?utm_source=api"
"Swamp","2020-09-25","znr","Zendikar Rising","274","https://scryfall.com/card/znr/274/swamp?utm_source=api"
"Mountain","2020-09-25","znr","Zendikar Rising","275","https://scryfall.com/card/znr/275/mountain?utm_source=api"
"Mountain","2020-09-25","znr","Zendikar Rising","276","https://scryfall.com/card/znr/276/mountain?utm_source=api"
"Mountain","2020-09-25","znr","Zendikar Rising","277","https://scryfall.com/card/znr/277/mountain?utm_source=api"
"Forest","2020-09-25","znr","Zendikar Rising","278","https://scryfall.com/card/znr/278/forest?utm_source=api"
"Forest","2020-09-25","znr","Zendikar Rising","279","https://scryfall.com/card/znr/279/forest?utm_source=api"
"Forest","2020-09-25","znr","Zendikar Rising","280","https://scryfall.com/card/znr/280/forest?utm_source=api"
"Plains","2020-09-25","znr","Zendikar Rising","380","https://scryfall.com/card/znr/380/plains?utm_source=api"
"Island","2020-09-25","znr","Zendikar Rising","381","https://scryfall.com/card/znr/381/island?utm_source=api"
"Swamp","2020-09-25","znr","Zendikar Rising","382","https://scryfall.com/card/znr/382/swamp?utm_source=api"
"Mountain","2020-09-25","znr","Zendikar Rising","383","https://scryfall.com/card/znr/383/mountain?utm_source=api"
"Forest","2020-09-25","znr","Zendikar Rising","384","https://scryfall.com/card/znr/384/forest?utm_source=api"
"Plains","2020-11-20","cmr","Commander Legends","504","https://scryfall.com/card/cmr/504/plains?utm_source=api"
"Plains","2020-11-20","cmr","Commander Legends","505","https://scryfall.com/card/cmr/505/plains?utm_source=api"
"Island","2020-11-20","cmr","Commander Legends","506","https://scryfall.com/card/cmr/506/island?utm_source=api"
"Island","2020-11-20","cmr","Commander Legends","507","https://scryfall.com/card/cmr/507/island?utm_source=api"
"Mountain","2020-11-20","cmr","Commander Legends","508","https://scryfall.com/card/cmr/508/mountain?utm_source=api"
"Mountain","2020-11-20","cmr","Commander Legends","509","https://scryfall.com/card/cmr/509/mountain?utm_source=api"
"Forest","2020-11-20","cmr","Commander Legends","510","https://scryfall.com/card/cmr/510/forest?utm_source=api"
"Forest","2020-11-20","cmr","Commander Legends","511","https://scryfall.com/card/cmr/511/forest?utm_source=api"
"Plains","2020-11-30","sld","Secret Lair Drop","100","https://scryfall.com/card/sld/100/plains?utm_source=api"
"Plains","2020-11-30","sld","Secret Lair Drop","101","https://scryfall.com/card/sld/101/plains?utm_source=api"
"Island","2020-11-30","sld","Secret Lair Drop","102","https://scryfall.com/card/sld/102/island?utm_source=api"
"Island","2020-11-30","sld","Secret Lair Drop","103","https://scryfall.com/card/sld/103/island?utm_source=api"
"Swamp","2020-11-30","sld","Secret Lair Drop","104","https://scryfall.com/card/sld/104/swamp?utm_source=api"
"Swamp","2020-11-30","sld","Secret Lair Drop","105","https://scryfall.com/card/sld/105/swamp?utm_source=api"
"Mountain","2020-11-30","sld","Secret Lair Drop","106","https://scryfall.com/card/sld/106/mountain?utm_source=api"
"Mountain","2020-11-30","sld","Secret Lair Drop","107","https://scryfall.com/card/sld/107/mountain?utm_source=api"
"Forest","2020-11-30","sld","Secret Lair Drop","108","https://scryfall.com/card/sld/108/forest?utm_source=api"
"Forest","2020-11-30","sld","Secret Lair Drop","109","https://scryfall.com/card/sld/109/forest?utm_source=api"
"Swamp","2020-11-30","sld","Secret Lair Drop","119","https://scryfall.com/card/sld/119/swamp?utm_source=api"
"Swamp","2020-11-30","sld","Secret Lair Drop","539","https://scryfall.com/card/sld/539/swamp?utm_source=api"
"Snow-Covered Plains","2021-02-05","khm","Kaldheim","276","https://scryfall.com/card/khm/276/snow-covered-plains?utm_source=api"
"Snow-Covered Plains","2021-02-05","khm","Kaldheim","277","https://scryfall.com/card/khm/277/snow-covered-plains?utm_source=api"
"Snow-Covered Island","2021-02-05","khm","Kaldheim","278","https://scryfall.com/card/khm/278/snow-covered-island?utm_source=api"
"Snow-Covered Island","2021-02-05","khm","Kaldheim","279","https://scryfall.com/card/khm/279/snow-covered-island?utm_source=api"
"Snow-Covered Swamp","2021-02-05","khm","Kaldheim","280","https://scryfall.com/card/khm/280/snow-covered-swamp?utm_source=api"
"Snow-Covered Swamp","2021-02-05","khm","Kaldheim","281","https://scryfall.com/card/khm/281/snow-covered-swamp?utm_source=api"
"Snow-Covered Mountain","2021-02-05","khm","Kaldheim","282","https://scryfall.com/card/khm/282/snow-covered-mountain?utm_source=api"
"Snow-Covered Mountain","2021-02-05","khm","Kaldheim","283","https://scryfall.com/card/khm/283/snow-covered-mountain?utm_source=api"
"Snow-Covered Forest","2021-02-05","khm","Kaldheim","284","https://scryfall.com/card/khm/284/snow-covered-forest?utm_source=api"
"Snow-Covered Forest","2021-02-05","khm","Kaldheim","285","https://scryfall.com/card/khm/285/snow-covered-forest?utm_source=api"
"Plains","2021-02-05","khm","Kaldheim","394","https://scryfall.com/card/khm/394/plains?utm_source=api"
"Island","2021-02-05","khm","Kaldheim","395","https://scryfall.com/card/khm/395/island?utm_source=api"
"Swamp","2021-02-05","khm","Kaldheim","396","https://scryfall.com/card/khm/396/swamp?utm_source=api"
"Mountain","2021-02-05","khm","Kaldheim","397","https://scryfall.com/card/khm/397/mountain?utm_source=api"
"Forest","2021-02-05","khm","Kaldheim","398","https://scryfall.com/card/khm/398/forest?utm_source=api"
"Plains","2021-02-12","sld","Secret Lair Drop","239","https://scryfall.com/card/sld/239/plains?utm_source=api"
"Island","2021-02-12","sld","Secret Lair Drop","240","https://scryfall.com/card/sld/240/island?utm_source=api"
"Swamp","2021-02-12","sld","Secret Lair Drop","241","https://scryfall.com/card/sld/241/swamp?utm_source=api"
"Mountain","2021-02-12","sld","Secret Lair Drop","242","https://scryfall.com/card/sld/242/mountain?utm_source=api"
"Forest","2021-02-12","sld","Secret Lair Drop","243","https://scryfall.com/card/sld/243/forest?utm_source=api"
"Wastes","2021-03-19","tsr","Time Spiral Remastered","410","https://scryfall.com/card/tsr/410/wastes?utm_source=api"
"Swamp","2021-04-23","sld","Secret Lair Drop","558","https://scryfall.com/card/sld/558/swamp?utm_source=api"
"Plains","2021-04-23","stx","Strixhaven: School of Mages","366","https://scryfall.com/card/stx/366/plains?utm_source=api"
"Plains","2021-04-23","stx","Strixhaven: School of Mages","367","https://scryfall.com/card/stx/367/plains?utm_source=api"
"Island","2021-04-23","stx","Strixhaven: School of Mages","368","https://scryfall.com/card/stx/368/island?utm_source=api"
"Island","2021-04-23","stx","Strixhaven: School of Mages","369","https://scryfall.com/card/stx/369/island?utm_source=api"
"Swamp","2021-04-23","stx","Strixhaven: School of Mages","370","https://scryfall.com/card/stx/370/swamp?utm_source=api"
"Swamp","2021-04-23","stx","Strixhaven: School of Mages","371","https://scryfall.com/card/stx/371/swamp?utm_source=api"
"Mountain","2021-04-23","stx","Strixhaven: School of Mages","372","https://scryfall.com/card/stx/372/mountain?utm_source=api"
"Mountain","2021-04-23","stx","Strixhaven: School of Mages","373","https://scryfall.com/card/stx/373/mountain?utm_source=api"
"Forest","2021-04-23","stx","Strixhaven: School of Mages","374","https://scryfall.com/card/stx/374/forest?utm_source=api"
"Forest","2021-04-23","stx","Strixhaven: School of Mages","375","https://scryfall.com/card/stx/375/forest?utm_source=api"
"Island","2021-04-24","plst","The List","JMP-50","https://scryfall.com/card/plst/JMP-50/island?utm_source=api"
"Plains","2021-04-26","sld","Secret Lair Drop","254","https://scryfall.com/card/sld/254/plains?utm_source=api"
"Island","2021-04-26","sld","Secret Lair Drop","255","https://scryfall.com/card/sld/255/island?utm_source=api"
"Swamp","2021-04-26","sld","Secret Lair Drop","256","https://scryfall.com/card/sld/256/swamp?utm_source=api"
"Mountain","2021-04-26","sld","Secret Lair Drop","257","https://scryfall.com/card/sld/257/mountain?utm_source=api"
"Forest","2021-04-26","sld","Secret Lair Drop","258","https://scryfall.com/card/sld/258/forest?utm_source=api"
"Island","2021-04-26","sld","Secret Lair Drop","555","https://scryfall.com/card/sld/555/island?utm_source=api"
"Swamp","2021-04-26","sld","Secret Lair Drop","557","https://scryfall.com/card/sld/557/swamp?utm_source=api"
"Swamp","2021-04-26","sld","Secret Lair Drop","561","https://scryfall.com/card/sld/561/swamp?utm_source=api"
"Swamp","2021-04-26","sld","Secret Lair Drop","563","https://scryfall.com/card/sld/563/swamp?utm_source=api"
"Mountain","2021-04-26","sld","Secret Lair Drop","566","https://scryfall.com/card/sld/566/mountain?utm_source=api"
"Forest","2021-04-26","sld","Secret Lair Drop","572","https://scryfall.com/card/sld/572/forest?utm_source=api"
"Forest","2021-04-26","sld","Secret Lair Drop","573","https://scryfall.com/card/sld/573/forest?utm_source=api"
"Plains","2021-06-18","mh2","Modern Horizons 2","481","https://scryfall.com/card/mh2/481/plains?utm_source=api"
"Plains","2021-06-18","mh2","Modern Horizons 2","482","https://scryfall.com/card/mh2/482/plains?utm_source=api"
"Island","2021-06-18","mh2","Modern Horizons 2","483","https://scryfall.com/card/mh2/483/island?utm_source=api"
"Island","2021-06-18","mh2","Modern Horizons 2","484","https://scryfall.com/card/mh2/484/island?utm_source=api"
"Swamp","2021-06-18","mh2","Modern Horizons 2","485","https://scryfall.com/card/mh2/485/swamp?utm_source=api"
"Swamp","2021-06-18","mh2","Modern Horizons 2","486","https://scryfall.com/card/mh2/486/swamp?utm_source=api"
"Mountain","2021-06-18","mh2","Modern Horizons 2","487","https://scryfall.com/card/mh2/487/mountain?utm_source=api"
"Mountain","2021-06-18","mh2","Modern Horizons 2","488","https://scryfall.com/card/mh2/488/mountain?utm_source=api"
"Forest","2021-06-18","mh2","Modern Horizons 2","489","https://scryfall.com/card/mh2/489/forest?utm_source=api"
"Forest","2021-06-18","mh2","Modern Horizons 2","490","https://scryfall.com/card/mh2/490/forest?utm_source=api"
"Mountain","2021-06-19","plst","The List","UNH-139","https://scryfall.com/card/plst/UNH-139/mountain?utm_source=api"
"Island","2021-06-21","sld","Secret Lair Drop","551","https://scryfall.com/card/sld/551/island?utm_source=api"
"Island","2021-06-21","sld","Secret Lair Drop","552","https://scryfall.com/card/sld/552/island?utm_source=api"
"Swamp","2021-07-12","sld","Secret Lair Drop","560","https://scryfall.com/card/sld/560/swamp?utm_source=api"
"Plains","2021-07-23","afr","Adventures in the Forgotten Realms","262","https://scryfall.com/card/afr/262/plains?utm_source=api"
"Plains","2021-07-23","afr","Adventures in the Forgotten Realms","263","https://scryfall.com/card/afr/263/plains?utm_source=api"
"Plains","2021-07-23","afr","Adventures in the Forgotten Realms","264","https://scryfall.com/card/afr/264/plains?utm_source=api"
"Plains","2021-07-23","afr","Adventures in the Forgotten Realms","265","https://scryfall.com/card/afr/265/plains?utm_source=api"
"Island","2021-07-23","afr","Adventures in the Forgotten Realms","266","https://scryfall.com/card/afr/266/island?utm_source=api"
"Island","2021-07-23","afr","Adventures in the Forgotten Realms","267","https://scryfall.com/card/afr/267/island?utm_source=api"
"Island","2021-07-23","afr","Adventures in the Forgotten Realms","268","https://scryfall.com/card/afr/268/island?utm_source=api"
"Island","2021-07-23","afr","Adventures in the Forgotten Realms","269","https://scryfall.com/card/afr/269/island?utm_source=api"
"Swamp","2021-07-23","afr","Adventures in the Forgotten Realms","270","https://scryfall.com/card/afr/270/swamp?utm_source=api"
"Swamp","2021-07-23","afr","Adventures in the Forgotten Realms","271","https://scryfall.com/card/afr/271/swamp?utm_source=api"
"Swamp","2021-07-23","afr","Adventures in the Forgotten Realms","272","https://scryfall.com/card/afr/272/swamp?utm_source=api"
"Swamp","2021-07-23","afr","Adventures in the Forgotten Realms","273","https://scryfall.com/card/afr/273/swamp?utm_source=api"
"Mountain","2021-07-23","afr","Adventures in the Forgotten Realms","274","https://scryfall.com/card/afr/274/mountain?utm_source=api"
"Mountain","2021-07-23","afr","Adventures in the Forgotten Realms","275","https://scryfall.com/card/afr/275/mountain?utm_source=api"
"Mountain","2021-07-23","afr","Adventures in the Forgotten Realms","276","https://scryfall.com/card/afr/276/mountain?utm_source=api"
"Mountain","2021-07-23","afr","Adventures in the Forgotten Realms","277","https://scryfall.com/card/afr/277/mountain?utm_source=api"
"Forest","2021-07-23","afr","Adventures in the Forgotten Realms","278","https://scryfall.com/card/afr/278/forest?utm_source=api"
"Forest","2021-07-23","afr","Adventures in the Forgotten Realms","279","https://scryfall.com/card/afr/279/forest?utm_source=api"
"Forest","2021-07-23","afr","Adventures in the Forgotten Realms","280","https://scryfall.com/card/afr/280/forest?utm_source=api"
"Forest","2021-07-23","afr","Adventures in the Forgotten Realms","281","https://scryfall.com/card/afr/281/forest?utm_source=api"
"Mountain","2021-08-24","sld","Secret Lair Drop","568","https://scryfall.com/card/sld/568/mountain?utm_source=api"
"Island","2021-08-25","sld","Secret Lair Drop","549","https://scryfall.com/card/sld/549/island?utm_source=api"
"Plains","2021-09-24","mid","Innistrad: Midnight Hunt","268","https://scryfall.com/card/mid/268/plains?utm_source=api"
"Plains","2021-09-24","mid","Innistrad: Midnight Hunt","269","https://scryfall.com/card/mid/269/plains?utm_source=api"
"Island","2021-09-24","mid","Innistrad: Midnight Hunt","270","https://scryfall.com/card/mid/270/island?utm_source=api"
"Island","2021-09-24","mid","Innistrad: Midnight Hunt","271","https://scryfall.com/card/mid/271/island?utm_source=api"
"Swamp","2021-09-24","mid","Innistrad: Midnight Hunt","272","https://scryfall.com/card/mid/272/swamp?utm_source=api"
"Swamp","2021-09-24","mid","Innistrad: Midnight Hunt","273","https://scryfall.com/card/mid/273/swamp?utm_source=api"
"Mountain","2021-09-24","mid","Innistrad: Midnight Hunt","274","https://scryfall.com/card/mid/274/mountain?utm_source=api"
"Mountain","2021-09-24","mid","Innistrad: Midnight Hunt","275","https://scryfall.com/card/mid/275/mountain?utm_source=api"
"Forest","2021-09-24","mid","Innistrad: Midnight Hunt","276","https://scryfall.com/card/mid/276/forest?utm_source=api"
"Forest","2021-09-24","mid","Innistrad: Midnight Hunt","277","https://scryfall.com/card/mid/277/forest?utm_source=api"
"Plains","2021-09-24","mid","Innistrad: Midnight Hunt","380","https://scryfall.com/card/mid/380/plains?utm_source=api"
"Island","2021-09-24","mid","Innistrad: Midnight Hunt","381","https://scryfall.com/card/mid/381/island?utm_source=api"
"Swamp","2021-09-24","mid","Innistrad: Midnight Hunt","382","https://scryfall.com/card/mid/382/swamp?utm_source=api"
"Mountain","2021-09-24","mid","Innistrad: Midnight Hunt","383","https://scryfall.com/card/mid/383/mountain?utm_source=api"
"Forest","2021-09-24","mid","Innistrad: Midnight Hunt","384","https://scryfall.com/card/mid/384/forest?utm_source=api"
"Plains","2021-10-15","sld","Secret Lair Drop","544","https://scryfall.com/card/sld/544/plains?utm_source=api"
"Mountain","2021-10-15","sld","Secret Lair Drop","569","https://scryfall.com/card/sld/569/mountain?utm_source=api"
"Mountain","2021-10-15","sld","Secret Lair Drop","571","https://scryfall.com/card/sld/571/mountain?utm_source=api"
"Plains","2021-11-19","vow","Innistrad: Crimson Vow","268","https://scryfall.com/card/vow/268/plains?utm_source=api"
"Plains","2021-11-19","vow","Innistrad: Crimson Vow","269","https://scryfall.com/card/vow/269/plains?utm_source=api"
"Island","2021-11-19","vow","Innistrad: Crimson Vow","270","https://scryfall.com/card/vow/270/island?utm_source=api"
"Island","2021-11-19","vow","Innistrad: Crimson Vow","271","https://scryfall.com/card/vow/271/island?utm_source=api"
"Swamp","2021-11-19","vow","Innistrad: Crimson Vow","272","https://scryfall.com/card/vow/272/swamp?utm_source=api"
"Swamp","2021-11-19","vow","Innistrad: Crimson Vow","273","https://scryfall.com/card/vow/273/swamp?utm_source=api"
"Mountain","2021-11-19","vow","Innistrad: Crimson Vow","274","https://scryfall.com/card/vow/274/mountain?utm_source=api"
"Mountain","2021-11-19","vow","Innistrad: Crimson Vow","275","https://scryfall.com/card/vow/275/mountain?utm_source=api"
"Forest","2021-11-19","vow","Innistrad: Crimson Vow","276","https://scryfall.com/card/vow/276/forest?utm_source=api"
"Forest","2021-11-19","vow","Innistrad: Crimson Vow","277","https://scryfall.com/card/vow/277/forest?utm_source=api"
"Plains","2021-11-19","vow","Innistrad: Crimson Vow","398","https://scryfall.com/card/vow/398/plains?utm_source=api"
"Island","2021-11-19","vow","Innistrad: Crimson Vow","399","https://scryfall.com/card/vow/399/island?utm_source=api"
"Swamp","2021-11-19","vow","Innistrad: Crimson Vow","400","https://scryfall.com/card/vow/400/swamp?utm_source=api"
"Mountain","2021-11-19","vow","Innistrad: Crimson Vow","401","https://scryfall.com/card/vow/401/mountain?utm_source=api"
"Forest","2021-11-19","vow","Innistrad: Crimson Vow","402","https://scryfall.com/card/vow/402/forest?utm_source=api"
"Plains","2021-11-19","vow","Innistrad: Crimson Vow","408","https://scryfall.com/card/vow/408/plains?utm_source=api"
"Island","2021-11-19","vow","Innistrad: Crimson Vow","409","https://scryfall.com/card/vow/409/island?utm_source=api"
"Swamp","2021-11-19","vow","Innistrad: Crimson Vow","410","https://scryfall.com/card/vow/410/swamp?utm_source=api"
"Mountain","2021-11-19","vow","Innistrad: Crimson Vow","411","https://scryfall.com/card/vow/411/mountain?utm_source=api"
"Forest","2021-11-19","vow","Innistrad: Crimson Vow","412","https://scryfall.com/card/vow/412/forest?utm_source=api"
"Plains","2021-11-20","sld","Secret Lair Drop","670","https://scryfall.com/card/sld/670/plains?utm_source=api"
"Plains","2021-11-28","sld","Secret Lair Drop","540","https://scryfall.com/card/sld/540/plains?utm_source=api"
"Plains","2021-11-28","sld","Secret Lair Drop","542","https://scryfall.com/card/sld/542/plains?utm_source=api"
"Plains","2021-11-28","sld","Secret Lair Drop","543","https://scryfall.com/card/sld/543/plains?utm_source=api"
"Plains","2021-11-28","sld","Secret Lair Drop","545","https://scryfall.com/card/sld/545/plains?utm_source=api"
"Island","2021-11-28","sld","Secret Lair Drop","554","https://scryfall.com/card/sld/554/island?utm_source=api"
"Swamp","2021-11-28","sld","Secret Lair Drop","562","https://scryfall.com/card/sld/562/swamp?utm_source=api"
"Mountain","2021-11-28","sld","Secret Lair Drop","565","https://scryfall.com/card/sld/565/mountain?utm_source=api"
"Mountain","2021-11-28","sld","Secret Lair Drop","567","https://scryfall.com/card/sld/567/mountain?utm_source=api"
"Forest","2021-11-28","sld","Secret Lair Drop","574","https://scryfall.com/card/sld/574/forest?utm_source=api"
"Forest","2021-11-28","sld","Secret Lair Drop","575","https://scryfall.com/card/sld/575/forest?utm_source=api"
"Forest","2021-11-28","sld","Secret Lair Drop","577","https://scryfall.com/card/sld/577/forest?utm_source=api"
"Island","2021-11-29","plst","The List","BBD-251","https://scryfall.com/card/plst/BBD-251/island?utm_source=api"
"Mountain","2021-11-29","plst","The List","BBD-253","https://scryfall.com/card/plst/BBD-253/mountain?utm_source=api"
"Snow-Covered Plains","2021-11-29","sld","Secret Lair Drop","325","https://scryfall.com/card/sld/325/snow-covered-plains?utm_source=api"
"Snow-Covered Island","2021-11-29","sld","Secret Lair Drop","326","https://scryfall.com/card/sld/326/snow-covered-island?utm_source=api"
"Snow-Covered Swamp","2021-11-29","sld","Secret Lair Drop","327","https://scryfall.com/card/sld/327/snow-covered-swamp?utm_source=api"
"Snow-Covered Mountain","2021-11-29","sld","Secret Lair Drop","328","https://scryfall.com/card/sld/328/snow-covered-mountain?utm_source=api"
"Snow-Covered Forest","2021-11-29","sld","Secret Lair Drop","329","https://scryfall.com/card/sld/329/snow-covered-forest?utm_source=api"
"Plains","2021-11-29","sld","Secret Lair Drop","359","https://scryfall.com/card/sld/359/plains?utm_source=api"
"Island","2021-11-29","sld","Secret Lair Drop","360","https://scryfall.com/card/sld/360/island?utm_source=api"
"Swamp","2021-11-29","sld","Secret Lair Drop","361","https://scryfall.com/card/sld/361/swamp?utm_source=api"
"Mountain","2021-11-29","sld","Secret Lair Drop","362","https://scryfall.com/card/sld/362/mountain?utm_source=api"
"Forest","2021-11-29","sld","Secret Lair Drop","363","https://scryfall.com/card/sld/363/forest?utm_source=api"
"Plains","2021-11-29","sld","Secret Lair Drop","484","https://scryfall.com/card/sld/484/plains?utm_source=api"
"Island","2021-11-29","sld","Secret Lair Drop","485","https://scryfall.com/card/sld/485/island?utm_source=api"
"Swamp","2021-11-29","sld","Secret Lair Drop","486","https://scryfall.com/card/sld/486/swamp?utm_source=api"
"Mountain","2021-11-29","sld","Secret Lair Drop","487","https://scryfall.com/card/sld/487/mountain?utm_source=api"
"Forest","2021-11-29","sld","Secret Lair Drop","488","https://scryfall.com/card/sld/488/forest?utm_source=api"
"Island","2021-11-29","sld","Secret Lair Drop","553","https://scryfall.com/card/sld/553/island?utm_source=api"
"Swamp","2021-11-29","sld","Secret Lair Drop","556","https://scryfall.com/card/sld/556/swamp?utm_source=api"
"Swamp","2021-11-30","sld","Secret Lair Drop","559","https://scryfall.com/card/sld/559/swamp?utm_source=api"
"Mountain","2021-11-30","sld","Secret Lair Drop","570","https://scryfall.com/card/sld/570/mountain?utm_source=api"
"Forest","2021-11-30","sld","Secret Lair Drop","576","https://scryfall.com/card/sld/576/forest?utm_source=api"
"Forest","2021-11-30","sld","Secret Lair Drop","578","https://scryfall.com/card/sld/578/forest?utm_source=api"
"Swamp","2022-01-04","sld","Secret Lair Drop","384","https://scryfall.com/card/sld/384/swamp?utm_source=api"
"Island","2022-02-01","sld","Secret Lair Drop","385","https://scryfall.com/card/sld/385/island?utm_source=api"
"Plains","2022-02-18","neo","Kamigawa: Neon Dynasty","283","https://scryfall.com/card/neo/283/plains?utm_source=api"
"Plains","2022-02-18","neo","Kamigawa: Neon Dynasty","284","https://scryfall.com/card/neo/284/plains?utm_source=api"
"Island","2022-02-18","neo","Kamigawa: Neon Dynasty","285","https://scryfall.com/card/neo/285/island?utm_source=api"
"Island","2022-02-18","neo","Kamigawa: Neon Dynasty","286","https://scryfall.com/card/neo/286/island?utm_source=api"
"Swamp","2022-02-18","neo","Kamigawa: Neon Dynasty","287","https://scryfall.com/card/neo/287/swamp?utm_source=api"
"Swamp","2022-02-18","neo","Kamigawa: Neon Dynasty","288","https://scryfall.com/card/neo/288/swamp?utm_source=api"
"Mountain","2022-02-18","neo","Kamigawa: Neon Dynasty","289","https://scryfall.com/card/neo/289/mountain?utm_source=api"
"Mountain","2022-02-18","neo","Kamigawa: Neon Dynasty","290","https://scryfall.com/card/neo/290/mountain?utm_source=api"
"Forest","2022-02-18","neo","Kamigawa: Neon Dynasty","291","https://scryfall.com/card/neo/291/forest?utm_source=api"
"Forest","2022-02-18","neo","Kamigawa: Neon Dynasty","292","https://scryfall.com/card/neo/292/forest?utm_source=api"
"Plains","2022-02-18","neo","Kamigawa: Neon Dynasty","293","https://scryfall.com/card/neo/293/ja/plains?utm_source=api"
"Plains","2022-02-18","neo","Kamigawa: Neon Dynasty","294","https://scryfall.com/card/neo/294/ja/plains?utm_source=api"
"Island","2022-02-18","neo","Kamigawa: Neon Dynasty","295","https://scryfall.com/card/neo/295/ja/island?utm_source=api"
"Island","2022-02-18","neo","Kamigawa: Neon Dynasty","296","https://scryfall.com/card/neo/296/ja/island?utm_source=api"
"Swamp","2022-02-18","neo","Kamigawa: Neon Dynasty","297","https://scryfall.com/card/neo/297/ja/swamp?utm_source=api"
"Swamp","2022-02-18","neo","Kamigawa: Neon Dynasty","298","https://scryfall.com/card/neo/298/ja/swamp?utm_source=api"
"Mountain","2022-02-18","neo","Kamigawa: Neon Dynasty","299","https://scryfall.com/card/neo/299/ja/mountain?utm_source=api"
"Mountain","2022-02-18","neo","Kamigawa: Neon Dynasty","300","https://scryfall.com/card/neo/300/ja/mountain?utm_source=api"
"Forest","2022-02-18","neo","Kamigawa: Neon Dynasty","301","https://scryfall.com/card/neo/301/ja/forest?utm_source=api"
"Forest","2022-02-18","neo","Kamigawa: Neon Dynasty","302","https://scryfall.com/card/neo/302/ja/forest?utm_source=api"
"Plains","2022-02-18","sld","Secret Lair Drop","415","https://scryfall.com/card/sld/415/plains?utm_source=api"
"Island","2022-02-18","sld","Secret Lair Drop","416","https://scryfall.com/card/sld/416/island?utm_source=api"
"Swamp","2022-02-18","sld","Secret Lair Drop","417","https://scryfall.com/card/sld/417/swamp?utm_source=api"
"Mountain","2022-02-18","sld","Secret Lair Drop","418","https://scryfall.com/card/sld/418/mountain?utm_source=api"
"Forest","2022-02-18","sld","Secret Lair Drop","419","https://scryfall.com/card/sld/419/forest?utm_source=api"
"Plains","2022-02-18","sld","Secret Lair Drop","541","https://scryfall.com/card/sld/541/plains?utm_source=api"
"Plains","2022-02-18","sld","Secret Lair Drop","546","https://scryfall.com/card/sld/546/plains?utm_source=api"
"Plains","2022-02-18","sld","Secret Lair Drop","547","https://scryfall.com/card/sld/547/plains?utm_source=api"
"Island","2022-02-18","sld","Secret Lair Drop","548","https://scryfall.com/card/sld/548/island?utm_source=api"
"Island","2022-02-18","sld","Secret Lair Drop","550","https://scryfall.com/card/sld/550/island?utm_source=api"
"Mountain","2022-02-18","sld","Secret Lair Drop","564","https://scryfall.com/card/sld/564/mountain?utm_source=api"
"Forest","2022-02-18","sld","Secret Lair Drop","579","https://scryfall.com/card/sld/579/forest?utm_source=api"
"Island","2022-03-01","sld","Secret Lair Drop","386","https://scryfall.com/card/sld/386/island?utm_source=api"
"Mountain","2022-04-05","sld","Secret Lair Drop","387","https://scryfall.com/card/sld/387/mountain?utm_source=api"
"Island","2022-04-11","sld","Secret Lair Drop","466","https://scryfall.com/card/sld/466/island?utm_source=api"
"Forest","2022-04-11","sld","Secret Lair Drop","476","https://scryfall.com/card/sld/476/forest?utm_source=api"
"Forest","2022-04-11","sld","Secret Lair Drop","690","https://scryfall.com/card/sld/690/forest?utm_source=api"
"Island","2022-04-22","sld","Secret Lair Drop","673","https://scryfall.com/card/sld/673/island?utm_source=api"
"Mountain","2022-04-22","sld","Secret Lair Drop","674","https://scryfall.com/card/sld/674/mountain?utm_source=api"
"Plains","2022-04-29","snc","Streets of New Capenna","262","https://scryfall.com/card/snc/262/plains?utm_source=api"
"Plains","2022-04-29","snc","Streets of New Capenna","263","https://scryfall.com/card/snc/263/plains?utm_source=api"
"Island","2022-04-29","snc","Streets of New Capenna","264","https://scryfall.com/card/snc/264/island?utm_source=api"
"Island","2022-04-29","snc","Streets of New Capenna","265","https://scryfall.com/card/snc/265/island?utm_source=api"
"Swamp","2022-04-29","snc","Streets of New Capenna","266","https://scryfall.com/card/snc/266/swamp?utm_source=api"
"Swamp","2022-04-29","snc","Streets of New Capenna","267","https://scryfall.com/card/snc/267/swamp?utm_source=api"
"Mountain","2022-04-29","snc","Streets of New Capenna","268","https://scryfall.com/card/snc/268/mountain?utm_source=api"
"Mountain","2022-04-29","snc","Streets of New Capenna","269","https://scryfall.com/card/snc/269/mountain?utm_source=api"
"Forest","2022-04-29","snc","Streets of New Capenna","270","https://scryfall.com/card/snc/270/forest?utm_source=api"
"Forest","2022-04-29","snc","Streets of New Capenna","271","https://scryfall.com/card/snc/271/forest?utm_source=api"
"Plains","2022-04-29","snc","Streets of New Capenna","272","https://scryfall.com/card/snc/272/plains?utm_source=api"
"Plains","2022-04-29","snc","Streets of New Capenna","273","https://scryfall.com/card/snc/273/plains?utm_source=api"
"Island","2022-04-29","snc","Streets of New Capenna","274","https://scryfall.com/card/snc/274/island?utm_source=api"
"Island","2022-04-29","snc","Streets of New Capenna","275","https://scryfall.com/card/snc/275/island?utm_source=api"
"Swamp","2022-04-29","snc","Streets of New Capenna","276","https://scryfall.com/card/snc/276/swamp?utm_source=api"
"Swamp","2022-04-29","snc","Streets of New Capenna","277","https://scryfall.com/card/snc/277/swamp?utm_source=api"
"Mountain","2022-04-29","snc","Streets of New Capenna","278","https://scryfall.com/card/snc/278/mountain?utm_source=api"
"Mountain","2022-04-29","snc","Streets of New Capenna","279","https://scryfall.com/card/snc/279/mountain?utm_source=api"
"Forest","2022-04-29","snc","Streets of New Capenna","280","https://scryfall.com/card/snc/280/forest?utm_source=api"
"Forest","2022-04-29","snc","Streets of New Capenna","281","https://scryfall.com/card/snc/281/forest?utm_source=api"
"Forest","2022-05-03","sld","Secret Lair Drop","388","https://scryfall.com/card/sld/388/forest?utm_source=api"
"Mountain","2022-06-07","sld","Secret Lair Drop","389","https://scryfall.com/card/sld/389/mountain?utm_source=api"
"Plains","2022-06-10","clb","Commander Legends: Battle for Baldur's Gate","451","https://scryfall.com/card/clb/451/plains?utm_source=api"
"Plains","2022-06-10","clb","Commander Legends: Battle for Baldur's Gate","452","https://scryfall.com/card/clb/452/plains?utm_source=api"
"Plains","2022-06-10","clb","Commander Legends: Battle for Baldur's Gate","453","https://scryfall.com/card/clb/453/plains?utm_source=api"
"Plains","2022-06-10","clb","Commander Legends: Battle for Baldur's Gate","454","https://scryfall.com/card/clb/454/plains?utm_source=api"
"Island","2022-06-10","clb","Commander Legends: Battle for Baldur's Gate","455","https://scryfall.com/card/clb/455/island?utm_source=api"
"Island","2022-06-10","clb","Commander Legends: Battle for Baldur's Gate","456","https://scryfall.com/card/clb/456/island?utm_source=api"
"Island","2022-06-10","clb","Commander Legends: Battle for Baldur's Gate","457","https://scryfall.com/card/clb/457/island?utm_source=api"
"Island","2022-06-10","clb","Commander Legends: Battle for Baldur's Gate","458","https://scryfall.com/card/clb/458/island?utm_source=api"
"Swamp","2022-06-10","clb","Commander Legends: Battle for Baldur's Gate","459","https://scryfall.com/card/clb/459/swamp?utm_source=api"
"Swamp","2022-06-10","clb","Commander Legends: Battle for Baldur's Gate","460","https://scryfall.com/card/clb/460/swamp?utm_source=api"
"Swamp","2022-06-10","clb","Commander Legends: Battle for Baldur's Gate","461","https://scryfall.com/card/clb/461/swamp?utm_source=api"
"Swamp","2022-06-10","clb","Commander Legends: Battle for Baldur's Gate","462","https://scryfall.com/card/clb/462/swamp?utm_source=api"
"Mountain","2022-06-10","clb","Commander Legends: Battle for Baldur's Gate","463","https://scryfall.com/card/clb/463/mountain?utm_source=api"
"Mountain","2022-06-10","clb","Commander Legends: Battle for Baldur's Gate","464","https://scryfall.com/card/clb/464/mountain?utm_source=api"
"Mountain","2022-06-10","clb","Commander Legends: Battle for Baldur's Gate","465","https://scryfall.com/card/clb/465/mountain?utm_source=api"
"Mountain","2022-06-10","clb","Commander Legends: Battle for Baldur's Gate","466","https://scryfall.com/card/clb/466/mountain?utm_source=api"
"Forest","2022-06-10","clb","Commander Legends: Battle for Baldur's Gate","467","https://scryfall.com/card/clb/467/forest?utm_source=api"
"Forest","2022-06-10","clb","Commander Legends: Battle for Baldur's Gate","468","https://scryfall.com/card/clb/468/forest?utm_source=api"
"Forest","2022-06-10","clb","Commander Legends: Battle for Baldur's Gate","469","https://scryfall.com/card/clb/469/forest?utm_source=api"
"Forest","2022-06-10","clb","Commander Legends: Battle for Baldur's Gate","470","https://scryfall.com/card/clb/470/forest?utm_source=api"
"Plains","2022-06-13","sld","Secret Lair Drop","46","https://scryfall.com/card/sld/46/ja/plains?utm_source=api"
"Island","2022-06-13","sld","Secret Lair Drop","47","https://scryfall.com/card/sld/47/ja/island?utm_source=api"
"Swamp","2022-06-13","sld","Secret Lair Drop","48","https://scryfall.com/card/sld/48/ja/swamp?utm_source=api"
"Mountain","2022-06-13","sld","Secret Lair Drop","49","https://scryfall.com/card/sld/49/ja/mountain?utm_source=api"
"Forest","2022-06-13","sld","Secret Lair Drop","50","https://scryfall.com/card/sld/50/ja/forest?utm_source=api"
"Plains","2022-07-07","sld","Secret Lair Drop","448","https://scryfall.com/card/sld/448/plains?utm_source=api"
"Island","2022-07-07","sld","Secret Lair Drop","449","https://scryfall.com/card/sld/449/island?utm_source=api"
"Swamp","2022-07-07","sld","Secret Lair Drop","450","https://scryfall.com/card/sld/450/swamp?utm_source=api"
"Mountain","2022-07-07","sld","Secret Lair Drop","451","https://scryfall.com/card/sld/451/mountain?utm_source=api"
"Forest","2022-07-07","sld","Secret Lair Drop","452","https://scryfall.com/card/sld/452/forest?utm_source=api"
"Plains","2022-08-01","sld","Secret Lair Drop","391","https://scryfall.com/card/sld/391/plains?utm_source=api"
"Plains","2022-09-09","dmu","Dominaria United","262","https://scryfall.com/card/dmu/262/plains?utm_source=api"
"Plains","2022-09-09","dmu","Dominaria United","263","https://scryfall.com/card/dmu/263/plains?utm_source=api"
"Plains","2022-09-09","dmu","Dominaria United","264","https://scryfall.com/card/dmu/264/plains?utm_source=api"
"Island","2022-09-09","dmu","Dominaria United","265","https://scryfall.com/card/dmu/265/island?utm_source=api"
"Island","2022-09-09","dmu","Dominaria United","266","https://scryfall.com/card/dmu/266/island?utm_source=api"
"Island","2022-09-09","dmu","Dominaria United","267","https://scryfall.com/card/dmu/267/island?utm_source=api"
"Swamp","2022-09-09","dmu","Dominaria United","268","https://scryfall.com/card/dmu/268/swamp?utm_source=api"
"Swamp","2022-09-09","dmu","Dominaria United","269","https://scryfall.com/card/dmu/269/swamp?utm_source=api"
"Swamp","2022-09-09","dmu","Dominaria United","270","https://scryfall.com/card/dmu/270/swamp?utm_source=api"
"Mountain","2022-09-09","dmu","Dominaria United","271","https://scryfall.com/card/dmu/271/mountain?utm_source=api"
"Mountain","2022-09-09","dmu","Dominaria United","272","https://scryfall.com/card/dmu/272/mountain?utm_source=api"
"Mountain","2022-09-09","dmu","Dominaria United","273","https://scryfall.com/card/dmu/273/mountain?utm_source=api"
"Forest","2022-09-09","dmu","Dominaria United","274","https://scryfall.com/card/dmu/274/forest?utm_source=api"
"Forest","2022-09-09","dmu","Dominaria United","275","https://scryfall.com/card/dmu/275/forest?utm_source=api"
"Forest","2022-09-09","dmu","Dominaria United","276","https://scryfall.com/card/dmu/276/forest?utm_source=api"
"Plains","2022-09-09","dmu","Dominaria United","277","https://scryfall.com/card/dmu/277/plains?utm_source=api"
"Island","2022-09-09","dmu","Dominaria United","278","https://scryfall.com/card/dmu/278/island?utm_source=api"
"Swamp","2022-09-09","dmu","Dominaria United","279","https://scryfall.com/card/dmu/279/swamp?utm_source=api"
"Mountain","2022-09-09","dmu","Dominaria United","280","https://scryfall.com/card/dmu/280/mountain?utm_source=api"
"Forest","2022-09-09","dmu","Dominaria United","281","https://scryfall.com/card/dmu/281/forest?utm_source=api"
"Plains","2022-10-07","40k","Warhammer 40,000 Commander","306","https://scryfall.com/card/40k/306/plains?utm_source=api"
"Plains","2022-10-07","40k","Warhammer 40,000 Commander","306★","https://scryfall.com/card/40k/306%E2%98%85/plains?utm_source=api"
"Island","2022-10-07","40k","Warhammer 40,000 Commander","307","https://scryfall.com/card/40k/307/island?utm_source=api"
"Island","2022-10-07","40k","Warhammer 40,000 Commander","307★","https://scryfall.com/card/40k/307%E2%98%85/island?utm_source=api"
"Island","2022-10-07","40k","Warhammer 40,000 Commander","308","https://scryfall.com/card/40k/308/island?utm_source=api"
"Island","2022-10-07","40k","Warhammer 40,000 Commander","308★","https://scryfall.com/card/40k/308%E2%98%85/island?utm_source=api"
"Island","2022-10-07","40k","Warhammer 40,000 Commander","309","https://scryfall.com/card/40k/309/island?utm_source=api"
"Island","2022-10-07","40k","Warhammer 40,000 Commander","309★","https://scryfall.com/card/40k/309%E2%98%85/island?utm_source=api"
"Swamp","2022-10-07","40k","Warhammer 40,000 Commander","310","https://scryfall.com/card/40k/310/swamp?utm_source=api"
"Swamp","2022-10-07","40k","Warhammer 40,000 Commander","310★","https://scryfall.com/card/40k/310%E2%98%85/swamp?utm_source=api"
"Swamp","2022-10-07","40k","Warhammer 40,000 Commander","311","https://scryfall.com/card/40k/311/swamp?utm_source=api"
"Swamp","2022-10-07","40k","Warhammer 40,000 Commander","311★","https://scryfall.com/card/40k/311%E2%98%85/swamp?utm_source=api"
"Swamp","2022-10-07","40k","Warhammer 40,000 Commander","312","https://scryfall.com/card/40k/312/swamp?utm_source=api"
"Swamp","2022-10-07","40k","Warhammer 40,000 Commander","312★","https://scryfall.com/card/40k/312%E2%98%85/swamp?utm_source=api"
"Swamp","2022-10-07","40k","Warhammer 40,000 Commander","313","https://scryfall.com/card/40k/313/swamp?utm_source=api"
"Swamp","2022-10-07","40k","Warhammer 40,000 Commander","313★","https://scryfall.com/card/40k/313%E2%98%85/swamp?utm_source=api"
"Swamp","2022-10-07","40k","Warhammer 40,000 Commander","314","https://scryfall.com/card/40k/314/swamp?utm_source=api"
"Swamp","2022-10-07","40k","Warhammer 40,000 Commander","314★","https://scryfall.com/card/40k/314%E2%98%85/swamp?utm_source=api"
"Mountain","2022-10-07","40k","Warhammer 40,000 Commander","315","https://scryfall.com/card/40k/315/mountain?utm_source=api"
"Mountain","2022-10-07","40k","Warhammer 40,000 Commander","315★","https://scryfall.com/card/40k/315%E2%98%85/mountain?utm_source=api"
"Mountain","2022-10-07","40k","Warhammer 40,000 Commander","316","https://scryfall.com/card/40k/316/mountain?utm_source=api"
"Mountain","2022-10-07","40k","Warhammer 40,000 Commander","316★","https://scryfall.com/card/40k/316%E2%98%85/mountain?utm_source=api"
"Forest","2022-10-07","40k","Warhammer 40,000 Commander","317","https://scryfall.com/card/40k/317/forest?utm_source=api"
"Forest","2022-10-07","40k","Warhammer 40,000 Commander","317★","https://scryfall.com/card/40k/317%E2%98%85/forest?utm_source=api"
"Plains","2022-10-07","unf","Unfinity","235","https://scryfall.com/card/unf/235/plains?utm_source=api"
"Island","2022-10-07","unf","Unfinity","236","https://scryfall.com/card/unf/236/island?utm_source=api"
"Swamp","2022-10-07","unf","Unfinity","237","https://scryfall.com/card/unf/237/swamp?utm_source=api"
"Mountain","2022-10-07","unf","Unfinity","238","https://scryfall.com/card/unf/238/mountain?utm_source=api"
"Forest","2022-10-07","unf","Unfinity","239","https://scryfall.com/card/unf/239/forest?utm_source=api"
"Plains","2022-10-07","unf","Unfinity","240","https://scryfall.com/card/unf/240/plains?utm_source=api"
"Island","2022-10-07","unf","Unfinity","241","https://scryfall.com/card/unf/241/island?utm_source=api"
"Swamp","2022-10-07","unf","Unfinity","242","https://scryfall.com/card/unf/242/swamp?utm_source=api"
"Mountain","2022-10-07","unf","Unfinity","243","https://scryfall.com/card/unf/243/mountain?utm_source=api"
"Forest","2022-10-07","unf","Unfinity","244","https://scryfall.com/card/unf/244/forest?utm_source=api"
"Plains","2022-10-07","unf","Unfinity","486","https://scryfall.com/card/unf/486/plains?utm_source=api"
"Island","2022-10-07","unf","Unfinity","487","https://scryfall.com/card/unf/487/island?utm_source=api"
"Swamp","2022-10-07","unf","Unfinity","488","https://scryfall.com/card/unf/488/swamp?utm_source=api"
"Mountain","2022-10-07","unf","Unfinity","489","https://scryfall.com/card/unf/489/mountain?utm_source=api"
"Forest","2022-10-07","unf","Unfinity","490","https://scryfall.com/card/unf/490/forest?utm_source=api"
"Plains","2022-10-07","unf","Unfinity","491","https://scryfall.com/card/unf/491/plains?utm_source=api"
"Island","2022-10-07","unf","Unfinity","492","https://scryfall.com/card/unf/492/island?utm_source=api"
"Swamp","2022-10-07","unf","Unfinity","493","https://scryfall.com/card/unf/493/swamp?utm_source=api"
"Mountain","2022-10-07","unf","Unfinity","494","https://scryfall.com/card/unf/494/mountain?utm_source=api"
"Forest","2022-10-07","unf","Unfinity","495","https://scryfall.com/card/unf/495/forest?utm_source=api"
"Plains","2022-10-14","gn3","Game Night: Free-for-All","122","https://scryfall.com/card/gn3/122/plains?utm_source=api"
"Plains","2022-10-14","gn3","Game Night: Free-for-All","123","https://scryfall.com/card/gn3/123/plains?utm_source=api"
"Plains","2022-10-14","gn3","Game Night: Free-for-All","124","https://scryfall.com/card/gn3/124/plains?utm_source=api"
"Island","2022-10-14","gn3","Game Night: Free-for-All","125","https://scryfall.com/card/gn3/125/island?utm_source=api"
"Island","2022-10-14","gn3","Game Night: Free-for-All","126","https://scryfall.com/card/gn3/126/island?utm_source=api"
"Island","2022-10-14","gn3","Game Night: Free-for-All","127","https://scryfall.com/card/gn3/127/island?utm_source=api"
"Swamp","2022-10-14","gn3","Game Night: Free-for-All","128","https://scryfall.com/card/gn3/128/swamp?utm_source=api"
"Swamp","2022-10-14","gn3","Game Night: Free-for-All","129","https://scryfall.com/card/gn3/129/swamp?utm_source=api"
"Swamp","2022-10-14","gn3","Game Night: Free-for-All","130","https://scryfall.com/card/gn3/130/swamp?utm_source=api"
"Mountain","2022-10-14","gn3","Game Night: Free-for-All","131","https://scryfall.com/card/gn3/131/mountain?utm_source=api"
"Mountain","2022-10-14","gn3","Game Night: Free-for-All","132","https://scryfall.com/card/gn3/132/mountain?utm_source=api"
"Mountain","2022-10-14","gn3","Game Night: Free-for-All","133","https://scryfall.com/card/gn3/133/mountain?utm_source=api"
"Forest","2022-10-14","gn3","Game Night: Free-for-All","134","https://scryfall.com/card/gn3/134/forest?utm_source=api"
"Forest","2022-10-14","gn3","Game Night: Free-for-All","135","https://scryfall.com/card/gn3/135/forest?utm_source=api"
"Forest","2022-10-14","gn3","Game Night: Free-for-All","136","https://scryfall.com/card/gn3/136/forest?utm_source=api"
"Plains","2022-10-21","sld","Secret Lair Drop","390","https://scryfall.com/card/sld/390/plains?utm_source=api"
"Plains","2022-10-25","sld","Secret Lair Drop","393","https://scryfall.com/card/sld/393/plains?utm_source=api"
"Island","2022-10-31","sld","Secret Lair Drop","392","https://scryfall.com/card/sld/392/island?utm_source=api"
"Swamp","2022-11-01","sld","Secret Lair Drop","394","https://scryfall.com/card/sld/394/swamp?utm_source=api"
"Plains","2022-11-18","brc","The Brothers' War Commander","29","https://scryfall.com/card/brc/29/plains?utm_source=api"
"Plains","2022-11-18","brc","The Brothers' War Commander","30","https://scryfall.com/card/brc/30/plains?utm_source=api"
"Island","2022-11-18","brc","The Brothers' War Commander","31","https://scryfall.com/card/brc/31/island?utm_source=api"
"Island","2022-11-18","brc","The Brothers' War Commander","32","https://scryfall.com/card/brc/32/island?utm_source=api"
"Swamp","2022-11-18","brc","The Brothers' War Commander","33","https://scryfall.com/card/brc/33/swamp?utm_source=api"
"Swamp","2022-11-18","brc","The Brothers' War Commander","34","https://scryfall.com/card/brc/34/swamp?utm_source=api"
"Mountain","2022-11-18","brc","The Brothers' War Commander","35","https://scryfall.com/card/brc/35/mountain?utm_source=api"
"Mountain","2022-11-18","brc","The Brothers' War Commander","36","https://scryfall.com/card/brc/36/mountain?utm_source=api"
"Plains","2022-11-18","bro","The Brothers' War","268","https://scryfall.com/card/bro/268/plains?utm_source=api"
"Plains","2022-11-18","bro","The Brothers' War","269","https://scryfall.com/card/bro/269/plains?utm_source=api"
"Island","2022-11-18","bro","The Brothers' War","270","https://scryfall.com/card/bro/270/island?utm_source=api"
"Island","2022-11-18","bro","The Brothers' War","271","https://scryfall.com/card/bro/271/island?utm_source=api"
"Swamp","2022-11-18","bro","The Brothers' War","272","https://scryfall.com/card/bro/272/swamp?utm_source=api"
"Swamp","2022-11-18","bro","The Brothers' War","273","https://scryfall.com/card/bro/273/swamp?utm_source=api"
"Mountain","2022-11-18","bro","The Brothers' War","274","https://scryfall.com/card/bro/274/mountain?utm_source=api"
"Mountain","2022-11-18","bro","The Brothers' War","275","https://scryfall.com/card/bro/275/mountain?utm_source=api"
"Forest","2022-11-18","bro","The Brothers' War","276","https://scryfall.com/card/bro/276/forest?utm_source=api"
"Forest","2022-11-18","bro","The Brothers' War","277","https://scryfall.com/card/bro/277/forest?utm_source=api"
"Plains","2022-11-18","bro","The Brothers' War","278","https://scryfall.com/card/bro/278/plains?utm_source=api"
"Plains","2022-11-18","bro","The Brothers' War","279","https://scryfall.com/card/bro/279/plains?utm_source=api"
"Island","2022-11-18","bro","The Brothers' War","280","https://scryfall.com/card/bro/280/island?utm_source=api"
"Island","2022-11-18","bro","The Brothers' War","281","https://scryfall.com/card/bro/281/island?utm_source=api"
"Swamp","2022-11-18","bro","The Brothers' War","282","https://scryfall.com/card/bro/282/swamp?utm_source=api"
"Swamp","2022-11-18","bro","The Brothers' War","283","https://scryfall.com/card/bro/283/swamp?utm_source=api"
"Mountain","2022-11-18","bro","The Brothers' War","284","https://scryfall.com/card/bro/284/mountain?utm_source=api"
"Mountain","2022-11-18","bro","The Brothers' War","285","https://scryfall.com/card/bro/285/mountain?utm_source=api"
"Forest","2022-11-18","bro","The Brothers' War","286","https://scryfall.com/card/bro/286/forest?utm_source=api"
"Forest","2022-11-18","bro","The Brothers' War","287","https://scryfall.com/card/bro/287/forest?utm_source=api"
"Plains","2022-11-28","sld","Secret Lair Drop","1190","https://scryfall.com/card/sld/1190/plains?utm_source=api"
"Island","2022-11-28","sld","Secret Lair Drop","1191","https://scryfall.com/card/sld/1191/island?utm_source=api"
"Swamp","2022-11-28","sld","Secret Lair Drop","1192","https://scryfall.com/card/sld/1192/swamp?utm_source=api"
"Mountain","2022-11-28","sld","Secret Lair Drop","1193","https://scryfall.com/card/sld/1193/mountain?utm_source=api"
"Forest","2022-11-28","sld","Secret Lair Drop","1194","https://scryfall.com/card/sld/1194/forest?utm_source=api"
"Wastes","2022-11-28","sld","Secret Lair Drop","704","https://scryfall.com/card/sld/704/wastes?utm_source=api"
"Wastes","2022-11-28","sld","Secret Lair Drop","705","https://scryfall.com/card/sld/705/wastes?utm_source=api"
"Wastes","2022-11-28","sld","Secret Lair Drop","706","https://scryfall.com/card/sld/706/wastes?utm_source=api"
"Plains","2022-12-02","j22","Jumpstart 2022","100","https://scryfall.com/card/j22/100/plains?utm_source=api"
"Island","2022-12-02","j22","Jumpstart 2022","101","https://scryfall.com/card/j22/101/island?utm_source=api"
"Island","2022-12-02","j22","Jumpstart 2022","102","https://scryfall.com/card/j22/102/island?utm_source=api"
"Island","2022-12-02","j22","Jumpstart 2022","103","https://scryfall.com/card/j22/103/island?utm_source=api"
"Swamp","2022-12-02","j22","Jumpstart 2022","104","https://scryfall.com/card/j22/104/swamp?utm_source=api"
"Swamp","2022-12-02","j22","Jumpstart 2022","105","https://scryfall.com/card/j22/105/swamp?utm_source=api"
"Swamp","2022-12-02","j22","Jumpstart 2022","106","https://scryfall.com/card/j22/106/swamp?utm_source=api"
"Mountain","2022-12-02","j22","Jumpstart 2022","107","https://scryfall.com/card/j22/107/mountain?utm_source=api"
"Mountain","2022-12-02","j22","Jumpstart 2022","108","https://scryfall.com/card/j22/108/mountain?utm_source=api"
"Mountain","2022-12-02","j22","Jumpstart 2022","109","https://scryfall.com/card/j22/109/mountain?utm_source=api"
"Forest","2022-12-02","j22","Jumpstart 2022","110","https://scryfall.com/card/j22/110/forest?utm_source=api"
"Forest","2022-12-02","j22","Jumpstart 2022","111","https://scryfall.com/card/j22/111/forest?utm_source=api"
"Forest","2022-12-02","j22","Jumpstart 2022","112","https://scryfall.com/card/j22/112/forest?utm_source=api"
"Snow-Covered Island","2022-12-02","j22","Jumpstart 2022","833","https://scryfall.com/card/j22/833/snow-covered-island?utm_source=api"
"Wastes","2022-12-02","j22","Jumpstart 2022","834","https://scryfall.com/card/j22/834/wastes?utm_source=api"
"Plains","2022-12-02","j22","Jumpstart 2022","98","https://scryfall.com/card/j22/98/plains?utm_source=api"
"Plains","2022-12-02","j22","Jumpstart 2022","99","https://scryfall.com/card/j22/99/plains?utm_source=api"
"Plains","2022-12-02","scd","Starter Commander Decks","333","https://scryfall.com/card/scd/333/plains?utm_source=api"
"Plains","2022-12-02","scd","Starter Commander Decks","334","https://scryfall.com/card/scd/334/plains?utm_source=api"
"Plains","2022-12-02","scd","Starter Commander Decks","335","https://scryfall.com/card/scd/335/plains?utm_source=api"
"Plains","2022-12-02","scd","Starter Commander Decks","336","https://scryfall.com/card/scd/336/plains?utm_source=api"
"Island","2022-12-02","scd","Starter Commander Decks","337","https://scryfall.com/card/scd/337/island?utm_source=api"
"Island","2022-12-02","scd","Starter Commander Decks","338","https://scryfall.com/card/scd/338/island?utm_source=api"
"Island","2022-12-02","scd","Starter Commander Decks","339","https://scryfall.com/card/scd/339/island?utm_source=api"
"Island","2022-12-02","scd","Starter Commander Decks","340","https://scryfall.com/card/scd/340/island?utm_source=api"
"Swamp","2022-12-02","scd","Starter Commander Decks","341","https://scryfall.com/card/scd/341/swamp?utm_source=api"
"Swamp","2022-12-02","scd","Starter Commander Decks","342","https://scryfall.com/card/scd/342/swamp?utm_source=api"
"Swamp","2022-12-02","scd","Starter Commander Decks","343","https://scryfall.com/card/scd/343/swamp?utm_source=api"
"Swamp","2022-12-02","scd","Starter Commander Decks","344","https://scryfall.com/card/scd/344/swamp?utm_source=api"
"Mountain","2022-12-02","scd","Starter Commander Decks","345","https://scryfall.com/card/scd/345/mountain?utm_source=api"
"Mountain","2022-12-02","scd","Starter Commander Decks","346","https://scryfall.com/card/scd/346/mountain?utm_source=api"
"Mountain","2022-12-02","scd","Starter Commander Decks","347","https://scryfall.com/card/scd/347/mountain?utm_source=api"
"Mountain","2022-12-02","scd","Starter Commander Decks","348","https://scryfall.com/card/scd/348/mountain?utm_source=api"
"Forest","2022-12-02","scd","Starter Commander Decks","349","https://scryfall.com/card/scd/349/forest?utm_source=api"
"Forest","2022-12-02","scd","Starter Commander Decks","350","https://scryfall.com/card/scd/350/forest?utm_source=api"
"Forest","2022-12-02","scd","Starter Commander Decks","351","https://scryfall.com/card/scd/351/forest?utm_source=api"
"Forest","2022-12-02","scd","Starter Commander Decks","352","https://scryfall.com/card/scd/352/forest?utm_source=api"
"Plains","2022-12-02","sld","Secret Lair Drop","1088","https://scryfall.com/card/sld/1088/plains?utm_source=api"
"Island","2022-12-02","sld","Secret Lair Drop","1089","https://scryfall.com/card/sld/1089/island?utm_source=api"
"Swamp","2022-12-02","sld","Secret Lair Drop","1090","https://scryfall.com/card/sld/1090/swamp?utm_source=api"
"Mountain","2022-12-02","sld","Secret Lair Drop","1091","https://scryfall.com/card/sld/1091/mountain?utm_source=api"
"Forest","2022-12-02","sld","Secret Lair Drop","1092","https://scryfall.com/card/sld/1092/forest?utm_source=api"
"Plains","2022-12-02","sld","Secret Lair Drop","1130","https://scryfall.com/card/sld/1130/plains?utm_source=api"
"Island","2022-12-02","sld","Secret Lair Drop","1131","https://scryfall.com/card/sld/1131/island?utm_source=api"
"Swamp","2022-12-02","sld","Secret Lair Drop","1132","https://scryfall.com/card/sld/1132/swamp?utm_source=api"
"Mountain","2022-12-02","sld","Secret Lair Drop","1133","https://scryfall.com/card/sld/1133/mountain?utm_source=api"
"Forest","2022-12-02","sld","Secret Lair Drop","1134","https://scryfall.com/card/sld/1134/forest?utm_source=api"
"Forest","2022-12-27","sld","Secret Lair Drop","395","https://scryfall.com/card/sld/395/forest?utm_source=api"
"Forest","2023-01-01","p23","Judge Gift Cards 2023","10","https://scryfall.com/card/p23/10/forest?utm_source=api"
"Plains","2023-01-01","p23","Judge Gift Cards 2023","6","https://scryfall.com/card/p23/6/plains?utm_source=api"
"Island","2023-01-01","p23","Judge Gift Cards 2023","7","https://scryfall.com/card/p23/7/island?utm_source=api"
"Swamp","2023-01-01","p23","Judge Gift Cards 2023","8","https://scryfall.com/card/p23/8/swamp?utm_source=api"
"Mountain","2023-01-01","p23","Judge Gift Cards 2023","9","https://scryfall.com/card/p23/9/mountain?utm_source=api"
"Plains","2023-01-13","dmr","Dominaria Remastered","402","https://scryfall.com/card/dmr/402/plains?utm_source=api"
"Plains","2023-01-13","dmr","Dominaria Remastered","403","https://scryfall.com/card/dmr/403/plains?utm_source=api"
"Island","2023-01-13","dmr","Dominaria Remastered","404","https://scryfall.com/card/dmr/404/island?utm_source=api"
"Island","2023-01-13","dmr","Dominaria Remastered","405","https://scryfall.com/card/dmr/405/island?utm_source=api"
"Swamp","2023-01-13","dmr","Dominaria Remastered","406","https://scryfall.com/card/dmr/406/swamp?utm_source=api"
"Swamp","2023-01-13","dmr","Dominaria Remastered","407","https://scryfall.com/card/dmr/407/swamp?utm_source=api"
"Mountain","2023-01-13","dmr","Dominaria Remastered","408","https://scryfall.com/card/dmr/408/mountain?utm_source=api"
"Mountain","2023-01-13","dmr","Dominaria Remastered","409","https://scryfall.com/card/dmr/409/mountain?utm_source=api"
"Forest","2023-01-13","dmr","Dominaria Remastered","410","https://scryfall.com/card/dmr/410/forest?utm_source=api"
"Forest","2023-01-13","dmr","Dominaria Remastered","411","https://scryfall.com/card/dmr/411/forest?utm_source=api"
"Plains","2023-02-10","one","Phyrexia: All Will Be One","262","https://scryfall.com/card/one/262/plains?utm_source=api"
"Island","2023-02-10","one","Phyrexia: All Will Be One","263","https://scryfall.com/card/one/263/island?utm_source=api"
"Swamp","2023-02-10","one","Phyrexia: All Will Be One","264","https://scryfall.com/card/one/264/swamp?utm_source=api"
"Mountain","2023-02-10","one","Phyrexia: All Will Be One","265","https://scryfall.com/card/one/265/mountain?utm_source=api"
"Forest","2023-02-10","one","Phyrexia: All Will Be One","266","https://scryfall.com/card/one/266/forest?utm_source=api"
"Plains","2023-02-10","one","Phyrexia: All Will Be One","267","https://scryfall.com/card/one/267/plains?utm_source=api"
"Island","2023-02-10","one","Phyrexia: All Will Be One","268","https://scryfall.com/card/one/268/island?utm_source=api"
"Swamp","2023-02-10","one","Phyrexia: All Will Be One","269","https://scryfall.com/card/one/269/swamp?utm_source=api"
"Mountain","2023-02-10","one","Phyrexia: All Will Be One","270","https://scryfall.com/card/one/270/mountain?utm_source=api"
"Forest","2023-02-10","one","Phyrexia: All Will Be One","271","https://scryfall.com/card/one/271/forest?utm_source=api"
"Plains","2023-02-10","one","Phyrexia: All Will Be One","272","https://scryfall.com/card/one/272/plains?utm_source=api"
"Island","2023-02-10","one","Phyrexia: All Will Be One","273","https://scryfall.com/card/one/273/island?utm_source=api"
"Swamp","2023-02-10","one","Phyrexia: All Will Be One","274","https://scryfall.com/card/one/274/swamp?utm_source=api"
"Mountain","2023-02-10","one","Phyrexia: All Will Be One","275","https://scryfall.com/card/one/275/mountain?utm_source=api"
"Forest","2023-02-10","one","Phyrexia: All Will Be One","276","https://scryfall.com/card/one/276/forest?utm_source=api"
"Plains","2023-02-10","one","Phyrexia: All Will Be One","365","https://scryfall.com/card/one/365/plains?utm_source=api"
"Island","2023-02-10","one","Phyrexia: All Will Be One","366","https://scryfall.com/card/one/366/island?utm_source=api"
"Swamp","2023-02-10","one","Phyrexia: All Will Be One","367","https://scryfall.com/card/one/367/swamp?utm_source=api"
"Mountain","2023-02-10","one","Phyrexia: All Will Be One","368","https://scryfall.com/card/one/368/mountain?utm_source=api"
"Forest","2023-02-10","one","Phyrexia: All Will Be One","369","https://scryfall.com/card/one/369/forest?utm_source=api"
"Plains","2023-04-21","mom","March of the Machine","277","https://scryfall.com/card/mom/277/plains?utm_source=api"
"Island","2023-04-21","mom","March of the Machine","278","https://scryfall.com/card/mom/278/island?utm_source=api"
"Swamp","2023-04-21","mom","March of the Machine","279","https://scryfall.com/card/mom/279/swamp?utm_source=api"
"Mountain","2023-04-21","mom","March of the Machine","280","https://scryfall.com/card/mom/280/mountain?utm_source=api"
"Forest","2023-04-21","mom","March of the Machine","281","https://scryfall.com/card/mom/281/forest?utm_source=api"
"Plains","2023-04-21","mom","March of the Machine","282","https://scryfall.com/card/mom/282/plains?utm_source=api"
"Plains","2023-04-21","mom","March of the Machine","283","https://scryfall.com/card/mom/283/plains?utm_source=api"
"Island","2023-04-21","mom","March of the Machine","284","https://scryfall.com/card/mom/284/island?utm_source=api"
"Island","2023-04-21","mom","March of the Machine","285","https://scryfall.com/card/mom/285/island?utm_source=api"
"Swamp","2023-04-21","mom","March of the Machine","286","https://scryfall.com/card/mom/286/swamp?utm_source=api"
"Swamp","2023-04-21","mom","March of the Machine","287","https://scryfall.com/card/mom/287/swamp?utm_source=api"
"Mountain","2023-04-21","mom","March of the Machine","288","https://scryfall.com/card/mom/288/mountain?utm_source=api"
"Mountain","2023-04-21","mom","March of the Machine","289","https://scryfall.com/card/mom/289/mountain?utm_source=api"
"Forest","2023-04-21","mom","March of the Machine","290","https://scryfall.com/card/mom/290/forest?utm_source=api"
"Forest","2023-04-21","mom","March of the Machine","291","https://scryfall.com/card/mom/291/forest?utm_source=api"
"Plains","2023-05-08","plst","The List","AKH-256","https://scryfall.com/card/plst/AKH-256/plains?utm_source=api"
"Island","2023-05-08","plst","The List","AKH-258","https://scryfall.com/card/plst/AKH-258/island?utm_source=api"
"Mountain","2023-05-08","plst","The List","AKH-264","https://scryfall.com/card/plst/AKH-264/mountain?utm_source=api"
"Forest","2023-05-08","plst","The List","AKH-268","https://scryfall.com/card/plst/AKH-268/forest?utm_source=api"
"Swamp","2023-05-08","plst","The List","HOU-195","https://scryfall.com/card/plst/HOU-195/swamp?utm_source=api"
"Forest","2023-05-08","plst","The List","HOU-198","https://scryfall.com/card/plst/HOU-198/forest?utm_source=api"
"Forest","2023-05-08","plst","The List","HOU-199","https://scryfall.com/card/plst/HOU-199/forest?utm_source=api"
"Plains","2023-06-23","ltr","The Lord of the Rings: Tales of Middle-earth","262","https://scryfall.com/card/ltr/262/plains?utm_source=api"
"Plains","2023-06-23","ltr","The Lord of the Rings: Tales of Middle-earth","263","https://scryfall.com/card/ltr/263/plains?utm_source=api"
"Island","2023-06-23","ltr","The Lord of the Rings: Tales of Middle-earth","264","https://scryfall.com/card/ltr/264/island?utm_source=api"
"Island","2023-06-23","ltr","The Lord of the Rings: Tales of Middle-earth","265","https://scryfall.com/card/ltr/265/island?utm_source=api"
"Swamp","2023-06-23","ltr","The Lord of the Rings: Tales of Middle-earth","266","https://scryfall.com/card/ltr/266/swamp?utm_source=api"
"Swamp","2023-06-23","ltr","The Lord of the Rings: Tales of Middle-earth","267","https://scryfall.com/card/ltr/267/swamp?utm_source=api"
"Mountain","2023-06-23","ltr","The Lord of the Rings: Tales of Middle-earth","268","https://scryfall.com/card/ltr/268/mountain?utm_source=api"
"Mountain","2023-06-23","ltr","The Lord of the Rings: Tales of Middle-earth","269","https://scryfall.com/card/ltr/269/mountain?utm_source=api"
"Forest","2023-06-23","ltr","The Lord of the Rings: Tales of Middle-earth","270","https://scryfall.com/card/ltr/270/forest?utm_source=api"
"Forest","2023-06-23","ltr","The Lord of the Rings: Tales of Middle-earth","271","https://scryfall.com/card/ltr/271/forest?utm_source=api"
"Plains","2023-06-23","ltr","The Lord of the Rings: Tales of Middle-earth","272","https://scryfall.com/card/ltr/272/plains?utm_source=api"
"Plains","2023-06-23","ltr","The Lord of the Rings: Tales of Middle-earth","273","https://scryfall.com/card/ltr/273/plains?utm_source=api"
"Island","2023-06-23","ltr","The Lord of the Rings: Tales of Middle-earth","274","https://scryfall.com/card/ltr/274/island?utm_source=api"
"Island","2023-06-23","ltr","The Lord of the Rings: Tales of Middle-earth","275","https://scryfall.com/card/ltr/275/island?utm_source=api"
"Swamp","2023-06-23","ltr","The Lord of the Rings: Tales of Middle-earth","276","https://scryfall.com/card/ltr/276/swamp?utm_source=api"
"Swamp","2023-06-23","ltr","The Lord of the Rings: Tales of Middle-earth","277","https://scryfall.com/card/ltr/277/swamp?utm_source=api"
"Mountain","2023-06-23","ltr","The Lord of the Rings: Tales of Middle-earth","278","https://scryfall.com/card/ltr/278/mountain?utm_source=api"
"Mountain","2023-06-23","ltr","The Lord of the Rings: Tales of Middle-earth","279","https://scryfall.com/card/ltr/279/mountain?utm_source=api"
"Forest","2023-06-23","ltr","The Lord of the Rings: Tales of Middle-earth","280","https://scryfall.com/card/ltr/280/forest?utm_source=api"
"Forest","2023-06-23","ltr","The Lord of the Rings: Tales of Middle-earth","281","https://scryfall.com/card/ltr/281/forest?utm_source=api"
"Wastes","2023-08-04","cmm","Commander Masters","1055","https://scryfall.com/card/cmm/1055/wastes?utm_source=api"
"Wastes","2023-08-04","cmm","Commander Masters","1056","https://scryfall.com/card/cmm/1056/wastes?utm_source=api"
"Plains","2023-08-04","cmm","Commander Masters","437","https://scryfall.com/card/cmm/437/plains?utm_source=api"
"Plains","2023-08-04","cmm","Commander Masters","438","https://scryfall.com/card/cmm/438/plains?utm_source=api"
"Plains","2023-08-04","cmm","Commander Masters","439","https://scryfall.com/card/cmm/439/plains?utm_source=api"
"Island","2023-08-04","cmm","Commander Masters","440","https://scryfall.com/card/cmm/440/island?utm_source=api"
"Island","2023-08-04","cmm","Commander Masters","441","https://scryfall.com/card/cmm/441/island?utm_source=api"
"Island","2023-08-04","cmm","Commander Masters","442","https://scryfall.com/card/cmm/442/island?utm_source=api"
"Swamp","2023-08-04","cmm","Commander Masters","443","https://scryfall.com/card/cmm/443/swamp?utm_source=api"
"Swamp","2023-08-04","cmm","Commander Masters","444","https://scryfall.com/card/cmm/444/swamp?utm_source=api"
"Swamp","2023-08-04","cmm","Commander Masters","445","https://scryfall.com/card/cmm/445/swamp?utm_source=api"
"Mountain","2023-08-04","cmm","Commander Masters","446","https://scryfall.com/card/cmm/446/mountain?utm_source=api"
"Mountain","2023-08-04","cmm","Commander Masters","447","https://scryfall.com/card/cmm/447/mountain?utm_source=api"
"Mountain","2023-08-04","cmm","Commander Masters","448","https://scryfall.com/card/cmm/448/mountain?utm_source=api"
"Forest","2023-08-04","cmm","Commander Masters","449","https://scryfall.com/card/cmm/449/forest?utm_source=api"
"Forest","2023-08-04","cmm","Commander Masters","450","https://scryfall.com/card/cmm/450/forest?utm_source=api"
"Forest","2023-08-04","cmm","Commander Masters","451","https://scryfall.com/card/cmm/451/forest?utm_source=api"
"Plains","2023-08-04","cmm","Commander Masters","783","https://scryfall.com/card/cmm/783/plains?utm_source=api"
"Plains","2023-08-04","cmm","Commander Masters","784","https://scryfall.com/card/cmm/784/plains?utm_source=api"
"Plains","2023-08-04","cmm","Commander Masters","785","https://scryfall.com/card/cmm/785/plains?utm_source=api"
"Plains","2023-08-04","cmm","Commander Masters","786","https://scryfall.com/card/cmm/786/plains?utm_source=api"
"Plains","2023-08-04","cmm","Commander Masters","787","https://scryfall.com/card/cmm/787/plains?utm_source=api"
"Island","2023-08-04","cmm","Commander Masters","788","https://scryfall.com/card/cmm/788/island?utm_source=api"
"Island","2023-08-04","cmm","Commander Masters","789","https://scryfall.com/card/cmm/789/island?utm_source=api"
"Island","2023-08-04","cmm","Commander Masters","790","https://scryfall.com/card/cmm/790/island?utm_source=api"
"Swamp","2023-08-04","cmm","Commander Masters","791","https://scryfall.com/card/cmm/791/swamp?utm_source=api"
"Swamp","2023-08-04","cmm","Commander Masters","792","https://scryfall.com/card/cmm/792/swamp?utm_source=api"
"Swamp","2023-08-04","cmm","Commander Masters","793","https://scryfall.com/card/cmm/793/swamp?utm_source=api"
"Mountain","2023-08-04","cmm","Commander Masters","794","https://scryfall.com/card/cmm/794/mountain?utm_source=api"
"Mountain","2023-08-04","cmm","Commander Masters","795","https://scryfall.com/card/cmm/795/mountain?utm_source=api"
"Mountain","2023-08-04","cmm","Commander Masters","796","https://scryfall.com/card/cmm/796/mountain?utm_source=api"
"Forest","2023-08-04","cmm","Commander Masters","797","https://scryfall.com/card/cmm/797/forest?utm_source=api"
"Forest","2023-08-04","cmm","Commander Masters","798","https://scryfall.com/card/cmm/798/forest?utm_source=api"
"Forest","2023-08-04","cmm","Commander Masters","799","https://scryfall.com/card/cmm/799/forest?utm_source=api"
"Plains","2023-08-10","sld","Secret Lair Drop","1348","https://scryfall.com/card/sld/1348/plains?utm_source=api"
"Plains","2023-08-10","sld","Secret Lair Drop","1349","https://scryfall.com/card/sld/1349/plains?utm_source=api"
"Plains","2023-08-10","sld","Secret Lair Drop","1350","https://scryfall.com/card/sld/1350/plains?utm_source=api"
"Plains","2023-08-10","sld","Secret Lair Drop","1351","https://scryfall.com/card/sld/1351/plains?utm_source=api"
"Mountain","2023-08-29","sld","Secret Lair Drop","1358","https://scryfall.com/card/sld/1358/mountain?utm_source=api"
"Mountain","2023-08-29","sld","Secret Lair Drop","1359","https://scryfall.com/card/sld/1359/mountain?utm_source=api"
"Mountain","2023-08-29","sld","Secret Lair Drop","1360","https://scryfall.com/card/sld/1360/mountain?utm_source=api"
"Mountain","2023-08-29","sld","Secret Lair Drop","1361","https://scryfall.com/card/sld/1361/mountain?utm_source=api"
"Mountain","2023-08-29","sld","Secret Lair Drop","1362","https://scryfall.com/card/sld/1362/mountain?utm_source=api"
"Mountain","2023-08-29","sld","Secret Lair Drop","1363","https://scryfall.com/card/sld/1363/mountain?utm_source=api"
"Mountain","2023-08-29","sld","Secret Lair Drop","1364","https://scryfall.com/card/sld/1364/mountain?utm_source=api"
"Mountain","2023-08-29","sld","Secret Lair Drop","1365","https://scryfall.com/card/sld/1365/mountain?utm_source=api"
"Mountain","2023-08-29","sld","Secret Lair Drop","1366","https://scryfall.com/card/sld/1366/mountain?utm_source=api"
"Mountain","2023-08-29","sld","Secret Lair Drop","1367","https://scryfall.com/card/sld/1367/mountain?utm_source=api"
"Plains","2023-09-08","woe","Wilds of Eldraine","262","https://scryfall.com/card/woe/262/plains?utm_source=api"
"Island","2023-09-08","woe","Wilds of Eldraine","263","https://scryfall.com/card/woe/263/island?utm_source=api"
"Swamp","2023-09-08","woe","Wilds of Eldraine","264","https://scryfall.com/card/woe/264/swamp?utm_source=api"
"Mountain","2023-09-08","woe","Wilds of Eldraine","265","https://scryfall.com/card/woe/265/mountain?utm_source=api"
"Forest","2023-09-08","woe","Wilds of Eldraine","266","https://scryfall.com/card/woe/266/forest?utm_source=api"
"Plains","2023-09-08","woe","Wilds of Eldraine","267","https://scryfall.com/card/woe/267/plains?utm_source=api"
"Plains","2023-09-08","woe","Wilds of Eldraine","268","https://scryfall.com/card/woe/268/plains?utm_source=api"
"Island","2023-09-08","woe","Wilds of Eldraine","269","https://scryfall.com/card/woe/269/island?utm_source=api"
"Island","2023-09-08","woe","Wilds of Eldraine","270","https://scryfall.com/card/woe/270/island?utm_source=api"
"Swamp","2023-09-08","woe","Wilds of Eldraine","271","https://scryfall.com/card/woe/271/swamp?utm_source=api"
"Swamp","2023-09-08","woe","Wilds of Eldraine","272","https://scryfall.com/card/woe/272/swamp?utm_source=api"
"Mountain","2023-09-08","woe","Wilds of Eldraine","273","https://scryfall.com/card/woe/273/mountain?utm_source=api"
"Mountain","2023-09-08","woe","Wilds of Eldraine","274","https://scryfall.com/card/woe/274/mountain?utm_source=api"
"Forest","2023-09-08","woe","Wilds of Eldraine","275","https://scryfall.com/card/woe/275/forest?utm_source=api"
"Forest","2023-09-08","woe","Wilds of Eldraine","276","https://scryfall.com/card/woe/276/forest?utm_source=api"
"Plains","2023-09-15","sld","Secret Lair Drop","1382","https://scryfall.com/card/sld/1382/plains?utm_source=api"
"Island","2023-09-15","sld","Secret Lair Drop","1383","https://scryfall.com/card/sld/1383/island?utm_source=api"
"Swamp","2023-09-15","sld","Secret Lair Drop","1384","https://scryfall.com/card/sld/1384/swamp?utm_source=api"
"Mountain","2023-09-15","sld","Secret Lair Drop","1385","https://scryfall.com/card/sld/1385/mountain?utm_source=api"
"Forest","2023-09-15","sld","Secret Lair Drop","1386","https://scryfall.com/card/sld/1386/forest?utm_source=api"
"Plains","2023-10-02","sld","Secret Lair Drop","1399","https://scryfall.com/card/sld/1399/plains?utm_source=api"
"Island","2023-10-02","sld","Secret Lair Drop","1400","https://scryfall.com/card/sld/1400/island?utm_source=api"
"Swamp","2023-10-02","sld","Secret Lair Drop","1401","https://scryfall.com/card/sld/1401/swamp?utm_source=api"
"Mountain","2023-10-02","sld","Secret Lair Drop","1402","https://scryfall.com/card/sld/1402/mountain?utm_source=api"
"Forest","2023-10-02","sld","Secret Lair Drop","1403","https://scryfall.com/card/sld/1403/forest?utm_source=api"
"Plains","2023-10-02","sld","Secret Lair Drop","1468","https://scryfall.com/card/sld/1468/plains?utm_source=api"
"Island","2023-10-02","sld","Secret Lair Drop","1469","https://scryfall.com/card/sld/1469/island?utm_source=api"
"Swamp","2023-10-02","sld","Secret Lair Drop","1470","https://scryfall.com/card/sld/1470/swamp?utm_source=api"
"Mountain","2023-10-02","sld","Secret Lair Drop","1471","https://scryfall.com/card/sld/1471/mountain?utm_source=api"
"Forest","2023-10-02","sld","Secret Lair Drop","1472","https://scryfall.com/card/sld/1472/forest?utm_source=api"
"Plains","2023-10-13","who","Doctor Who","1156","https://scryfall.com/card/who/1156/plains?utm_source=api"
"Plains","2023-10-13","who","Doctor Who","1157","https://scryfall.com/card/who/1157/plains?utm_source=api"
"Island","2023-10-13","who","Doctor Who","1158","https://scryfall.com/card/who/1158/island?utm_source=api"
"Island","2023-10-13","who","Doctor Who","1159","https://scryfall.com/card/who/1159/island?utm_source=api"
"Swamp","2023-10-13","who","Doctor Who","1160","https://scryfall.com/card/who/1160/swamp?utm_source=api"
"Swamp","2023-10-13","who","Doctor Who","1161","https://scryfall.com/card/who/1161/swamp?utm_source=api"
"Mountain","2023-10-13","who","Doctor Who","1162","https://scryfall.com/card/who/1162/mountain?utm_source=api"
"Mountain","2023-10-13","who","Doctor Who","1163","https://scryfall.com/card/who/1163/mountain?utm_source=api"
"Forest","2023-10-13","who","Doctor Who","1164","https://scryfall.com/card/who/1164/forest?utm_source=api"
"Forest","2023-10-13","who","Doctor Who","1165","https://scryfall.com/card/who/1165/forest?utm_source=api"
"Plains","2023-10-13","who","Doctor Who","196","https://scryfall.com/card/who/196/plains?utm_source=api"
"Plains","2023-10-13","who","Doctor Who","197","https://scryfall.com/card/who/197/plains?utm_source=api"
"Island","2023-10-13","who","Doctor Who","198","https://scryfall.com/card/who/198/island?utm_source=api"
"Island","2023-10-13","who","Doctor Who","199","https://scryfall.com/card/who/199/island?utm_source=api"
"Swamp","2023-10-13","who","Doctor Who","200","https://scryfall.com/card/who/200/swamp?utm_source=api"
"Swamp","2023-10-13","who","Doctor Who","201","https://scryfall.com/card/who/201/swamp?utm_source=api"
"Mountain","2023-10-13","who","Doctor Who","202","https://scryfall.com/card/who/202/mountain?utm_source=api"
"Mountain","2023-10-13","who","Doctor Who","203","https://scryfall.com/card/who/203/mountain?utm_source=api"
"Forest","2023-10-13","who","Doctor Who","204","https://scryfall.com/card/who/204/forest?utm_source=api"
"Forest","2023-10-13","who","Doctor Who","205","https://scryfall.com/card/who/205/forest?utm_source=api"
"Plains","2023-11-03","ltr","The Lord of the Rings: Tales of Middle-earth","713","https://scryfall.com/card/ltr/713/plains?utm_source=api"
"Plains","2023-11-03","ltr","The Lord of the Rings: Tales of Middle-earth","714","https://scryfall.com/card/ltr/714/plains?utm_source=api"
"Island","2023-11-03","ltr","The Lord of the Rings: Tales of Middle-earth","715","https://scryfall.com/card/ltr/715/island?utm_source=api"
"Island","2023-11-03","ltr","The Lord of the Rings: Tales of Middle-earth","716","https://scryfall.com/card/ltr/716/island?utm_source=api"
"Swamp","2023-11-03","ltr","The Lord of the Rings: Tales of Middle-earth","717","https://scryfall.com/card/ltr/717/swamp?utm_source=api"
"Swamp","2023-11-03","ltr","The Lord of the Rings: Tales of Middle-earth","718","https://scryfall.com/card/ltr/718/swamp?utm_source=api"
"Mountain","2023-11-03","ltr","The Lord of the Rings: Tales of Middle-earth","719","https://scryfall.com/card/ltr/719/mountain?utm_source=api"
"Mountain","2023-11-03","ltr","The Lord of the Rings: Tales of Middle-earth","720","https://scryfall.com/card/ltr/720/mountain?utm_source=api"
"Forest","2023-11-03","ltr","The Lord of the Rings: Tales of Middle-earth","721","https://scryfall.com/card/ltr/721/forest?utm_source=api"
"Forest","2023-11-03","ltr","The Lord of the Rings: Tales of Middle-earth","722","https://scryfall.com/card/ltr/722/forest?utm_source=api"
"Plains","2023-11-17","lci","The Lost Caverns of Ixalan","287","https://scryfall.com/card/lci/287/plains?utm_source=api"
"Island","2023-11-17","lci","The Lost Caverns of Ixalan","288","https://scryfall.com/card/lci/288/island?utm_source=api"
"Swamp","2023-11-17","lci","The Lost Caverns of Ixalan","289","https://scryfall.com/card/lci/289/swamp?utm_source=api"
"Mountain","2023-11-17","lci","The Lost Caverns of Ixalan","290","https://scryfall.com/card/lci/290/mountain?utm_source=api"
"Forest","2023-11-17","lci","The Lost Caverns of Ixalan","291","https://scryfall.com/card/lci/291/forest?utm_source=api"
"Plains","2023-11-17","lci","The Lost Caverns of Ixalan","393","https://scryfall.com/card/lci/393/plains?utm_source=api"
"Plains","2023-11-17","lci","The Lost Caverns of Ixalan","394","https://scryfall.com/card/lci/394/plains?utm_source=api"
"Island","2023-11-17","lci","The Lost Caverns of Ixalan","395","https://scryfall.com/card/lci/395/island?utm_source=api"
"Island","2023-11-17","lci","The Lost Caverns of Ixalan","396","https://scryfall.com/card/lci/396/island?utm_source=api"
"Swamp","2023-11-17","lci","The Lost Caverns of Ixalan","397","https://scryfall.com/card/lci/397/swamp?utm_source=api"
"Swamp","2023-11-17","lci","The Lost Caverns of Ixalan","398","https://scryfall.com/card/lci/398/swamp?utm_source=api"
"Mountain","2023-11-17","lci","The Lost Caverns of Ixalan","399","https://scryfall.com/card/lci/399/mountain?utm_source=api"
"Mountain","2023-11-17","lci","The Lost Caverns of Ixalan","400","https://scryfall.com/card/lci/400/mountain?utm_source=api"
"Forest","2023-11-17","lci","The Lost Caverns of Ixalan","401","https://scryfall.com/card/lci/401/forest?utm_source=api"
"Forest","2023-11-17","lci","The Lost Caverns of Ixalan","402","https://scryfall.com/card/lci/402/forest?utm_source=api"
"Plains // Plains","2023-11-17","rex","Jurassic World Collection","21","https://scryfall.com/card/rex/21/plains-plains?utm_source=api"
"Island // Island","2023-11-17","rex","Jurassic World Collection","22","https://scryfall.com/card/rex/22/island-island?utm_source=api"
"Swamp // Swamp","2023-11-17","rex","Jurassic World Collection","23","https://scryfall.com/card/rex/23/swamp-swamp?utm_source=api"
"Mountain // Mountain","2023-11-17","rex","Jurassic World Collection","24","https://scryfall.com/card/rex/24/mountain-mountain?utm_source=api"
"Forest // Forest","2023-11-17","rex","Jurassic World Collection","25","https://scryfall.com/card/rex/25/forest-forest?utm_source=api"
"Snow-Covered Plains","2023-12-06","sld","Secret Lair Drop","1473","https://scryfall.com/card/sld/1473/snow-covered-plains?utm_source=api"
"Snow-Covered Plains","2023-12-06","sld","Secret Lair Drop","1473★","https://scryfall.com/card/sld/1473%E2%98%85/snow-covered-plains?utm_source=api"
"Snow-Covered Island","2023-12-06","sld","Secret Lair Drop","1474","https://scryfall.com/card/sld/1474/snow-covered-island?utm_source=api"
"Snow-Covered Island","2023-12-06","sld","Secret Lair Drop","1474★","https://scryfall.com/card/sld/1474%E2%98%85/snow-covered-island?utm_source=api"
"Snow-Covered Swamp","2023-12-06","sld","Secret Lair Drop","1475","https://scryfall.com/card/sld/1475/snow-covered-swamp?utm_source=api"
"Snow-Covered Swamp","2023-12-06","sld","Secret Lair Drop","1475★","https://scryfall.com/card/sld/1475%E2%98%85/snow-covered-swamp?utm_source=api"
"Snow-Covered Mountain","2023-12-06","sld","Secret Lair Drop","1476","https://scryfall.com/card/sld/1476/snow-covered-mountain?utm_source=api"
"Snow-Covered Mountain","2023-12-06","sld","Secret Lair Drop","1476★","https://scryfall.com/card/sld/1476%E2%98%85/snow-covered-mountain?utm_source=api"
"Snow-Covered Forest","2023-12-06","sld","Secret Lair Drop","1477","https://scryfall.com/card/sld/1477/snow-covered-forest?utm_source=api"
"Snow-Covered Forest","2023-12-06","sld","Secret Lair Drop","1477★","https://scryfall.com/card/sld/1477%E2%98%85/snow-covered-forest?utm_source=api"
"Plains","2024-01-22","sld","Secret Lair Drop","1513","https://scryfall.com/card/sld/1513/plains?utm_source=api"
"Mountain","2024-01-22","sld","Secret Lair Drop","1514","https://scryfall.com/card/sld/1514/mountain?utm_source=api"
"Forest","2024-01-22","sld","Secret Lair Drop","1515","https://scryfall.com/card/sld/1515/forest?utm_source=api"
"Mountain","2024-02-08","pl24","Year of the Dragon 2024","5","https://scryfall.com/card/pl24/5/mountain?utm_source=api"
"Plains","2024-02-09","mkm","Murders at Karlov Manor","272","https://scryfall.com/card/mkm/272/plains?utm_source=api"
"Island","2024-02-09","mkm","Murders at Karlov Manor","273","https://scryfall.com/card/mkm/273/island?utm_source=api"
"Swamp","2024-02-09","mkm","Murders at Karlov Manor","274","https://scryfall.com/card/mkm/274/swamp?utm_source=api"
"Mountain","2024-02-09","mkm","Murders at Karlov Manor","275","https://scryfall.com/card/mkm/275/mountain?utm_source=api"
"Forest","2024-02-09","mkm","Murders at Karlov Manor","276","https://scryfall.com/card/mkm/276/forest?utm_source=api"
"Plains","2024-02-09","mkm","Murders at Karlov Manor","277","https://scryfall.com/card/mkm/277/plains?utm_source=api"
"Plains","2024-02-09","mkm","Murders at Karlov Manor","278","https://scryfall.com/card/mkm/278/plains?utm_source=api"
"Island","2024-02-09","mkm","Murders at Karlov Manor","279","https://scryfall.com/card/mkm/279/island?utm_source=api"
"Island","2024-02-09","mkm","Murders at Karlov Manor","280","https://scryfall.com/card/mkm/280/island?utm_source=api"
"Swamp","2024-02-09","mkm","Murders at Karlov Manor","281","https://scryfall.com/card/mkm/281/swamp?utm_source=api"
"Swamp","2024-02-09","mkm","Murders at Karlov Manor","282","https://scryfall.com/card/mkm/282/swamp?utm_source=api"
"Mountain","2024-02-09","mkm","Murders at Karlov Manor","283","https://scryfall.com/card/mkm/283/mountain?utm_source=api"
"Mountain","2024-02-09","mkm","Murders at Karlov Manor","284","https://scryfall.com/card/mkm/284/mountain?utm_source=api"
"Forest","2024-02-09","mkm","Murders at Karlov Manor","285","https://scryfall.com/card/mkm/285/forest?utm_source=api"
"Forest","2024-02-09","mkm","Murders at Karlov Manor","286","https://scryfall.com/card/mkm/286/forest?utm_source=api"
"Plains","2024-02-10","pss4","MKM Standard Showdown","1","https://scryfall.com/card/pss4/1/plains?utm_source=api"
"Island","2024-02-10","pss4","MKM Standard Showdown","2","https://scryfall.com/card/pss4/2/island?utm_source=api"
"Swamp","2024-02-10","pss4","MKM Standard Showdown","3","https://scryfall.com/card/pss4/3/swamp?utm_source=api"
"Mountain","2024-02-10","pss4","MKM Standard Showdown","4","https://scryfall.com/card/pss4/4/mountain?utm_source=api"
"Forest","2024-02-10","pss4","MKM Standard Showdown","5","https://scryfall.com/card/pss4/5/forest?utm_source=api"
"Plains","2024-02-23","clu","Ravnica: Clue Edition","254","https://scryfall.com/card/clu/254/plains?utm_source=api"
"Plains","2024-02-23","clu","Ravnica: Clue Edition","255","https://scryfall.com/card/clu/255/plains?utm_source=api"
"Plains","2024-02-23","clu","Ravnica: Clue Edition","256","https://scryfall.com/card/clu/256/plains?utm_source=api"
"Plains","2024-02-23","clu","Ravnica: Clue Edition","257","https://scryfall.com/card/clu/257/plains?utm_source=api"
"Island","2024-02-23","clu","Ravnica: Clue Edition","258","https://scryfall.com/card/clu/258/island?utm_source=api"
"Island","2024-02-23","clu","Ravnica: Clue Edition","259","https://scryfall.com/card/clu/259/island?utm_source=api"
"Island","2024-02-23","clu","Ravnica: Clue Edition","260","https://scryfall.com/card/clu/260/island?utm_source=api"
"Island","2024-02-23","clu","Ravnica: Clue Edition","261","https://scryfall.com/card/clu/261/island?utm_source=api"
"Swamp","2024-02-23","clu","Ravnica: Clue Edition","262","https://scryfall.com/card/clu/262/swamp?utm_source=api"
"Swamp","2024-02-23","clu","Ravnica: Clue Edition","263","https://scryfall.com/card/clu/263/swamp?utm_source=api"
"Swamp","2024-02-23","clu","Ravnica: Clue Edition","264","https://scryfall.com/card/clu/264/swamp?utm_source=api"
"Swamp","2024-02-23","clu","Ravnica: Clue Edition","265","https://scryfall.com/card/clu/265/swamp?utm_source=api"
"Mountain","2024-02-23","clu","Ravnica: Clue Edition","266","https://scryfall.com/card/clu/266/mountain?utm_source=api"
"Mountain","2024-02-23","clu","Ravnica: Clue Edition","267","https://scryfall.com/card/clu/267/mountain?utm_source=api"
"Mountain","2024-02-23","clu","Ravnica: Clue Edition","268","https://scryfall.com/card/clu/268/mountain?utm_source=api"
"Mountain","2024-02-23","clu","Ravnica: Clue Edition","269","https://scryfall.com/card/clu/269/mountain?utm_source=api"
"Forest","2024-02-23","clu","Ravnica: Clue Edition","270","https://scryfall.com/card/clu/270/forest?utm_source=api"
"Forest","2024-02-23","clu","Ravnica: Clue Edition","271","https://scryfall.com/card/clu/271/forest?utm_source=api"
"Forest","2024-02-23","clu","Ravnica: Clue Edition","272","https://scryfall.com/card/clu/272/forest?utm_source=api"
"Forest","2024-02-23","clu","Ravnica: Clue Edition","273","https://scryfall.com/card/clu/273/forest?utm_source=api"
"Plains","2024-03-08","pip","Fallout","317","https://scryfall.com/card/pip/317/plains?utm_source=api"
"Plains","2024-03-08","pip","Fallout","318","https://scryfall.com/card/pip/318/plains?utm_source=api"
"Island","2024-03-08","pip","Fallout","319","https://scryfall.com/card/pip/319/island?utm_source=api"
"Island","2024-03-08","pip","Fallout","320","https://scryfall.com/card/pip/320/island?utm_source=api"
"Swamp","2024-03-08","pip","Fallout","321","https://scryfall.com/card/pip/321/swamp?utm_source=api"
"Swamp","2024-03-08","pip","Fallout","322","https://scryfall.com/card/pip/322/swamp?utm_source=api"
"Mountain","2024-03-08","pip","Fallout","323","https://scryfall.com/card/pip/323/mountain?utm_source=api"
"Mountain","2024-03-08","pip","Fallout","324","https://scryfall.com/card/pip/324/mountain?utm_source=api"
"Forest","2024-03-08","pip","Fallout","325","https://scryfall.com/card/pip/325/forest?utm_source=api"
"Forest","2024-03-08","pip","Fallout","326","https://scryfall.com/card/pip/326/forest?utm_source=api"
"Plains","2024-03-08","pip","Fallout","845","https://scryfall.com/card/pip/845/plains?utm_source=api"
"Plains","2024-03-08","pip","Fallout","846","https://scryfall.com/card/pip/846/plains?utm_source=api"
"Island","2024-03-08","pip","Fallout","847","https://scryfall.com/card/pip/847/island?utm_source=api"
"Island","2024-03-08","pip","Fallout","848","https://scryfall.com/card/pip/848/island?utm_source=api"
"Swamp","2024-03-08","pip","Fallout","849","https://scryfall.com/card/pip/849/swamp?utm_source=api"
"Swamp","2024-03-08","pip","Fallout","850","https://scryfall.com/card/pip/850/swamp?utm_source=api"
"Mountain","2024-03-08","pip","Fallout","851","https://scryfall.com/card/pip/851/mountain?utm_source=api"
"Mountain","2024-03-08","pip","Fallout","852","https://scryfall.com/card/pip/852/mountain?utm_source=api"
"Forest","2024-03-08","pip","Fallout","853","https://scryfall.com/card/pip/853/forest?utm_source=api"
"Forest","2024-03-08","pip","Fallout","854","https://scryfall.com/card/pip/854/forest?utm_source=api"
"Wastes","2024-04-08","sld","Secret Lair Drop","795★","https://scryfall.com/card/sld/795%E2%98%85/wastes?utm_source=api"
"Plains","2024-04-19","otj","Outlaws of Thunder Junction","272","https://scryfall.com/card/otj/272/plains?utm_source=api"
"Island","2024-04-19","otj","Outlaws of Thunder Junction","273","https://scryfall.com/card/otj/273/island?utm_source=api"
"Swamp","2024-04-19","otj","Outlaws of Thunder Junction","274","https://scryfall.com/card/otj/274/swamp?utm_source=api"
"Mountain","2024-04-19","otj","Outlaws of Thunder Junction","275","https://scryfall.com/card/otj/275/mountain?utm_source=api"
"Forest","2024-04-19","otj","Outlaws of Thunder Junction","276","https://scryfall.com/card/otj/276/forest?utm_source=api"
"Plains","2024-04-19","otj","Outlaws of Thunder Junction","277","https://scryfall.com/card/otj/277/plains?utm_source=api"
"Plains","2024-04-19","otj","Outlaws of Thunder Junction","278","https://scryfall.com/card/otj/278/plains?utm_source=api"
"Island","2024-04-19","otj","Outlaws of Thunder Junction","279","https://scryfall.com/card/otj/279/island?utm_source=api"
"Island","2024-04-19","otj","Outlaws of Thunder Junction","280","https://scryfall.com/card/otj/280/island?utm_source=api"
"Swamp","2024-04-19","otj","Outlaws of Thunder Junction","281","https://scryfall.com/card/otj/281/swamp?utm_source=api"
"Swamp","2024-04-19","otj","Outlaws of Thunder Junction","282","https://scryfall.com/card/otj/282/swamp?utm_source=api"
"Mountain","2024-04-19","otj","Outlaws of Thunder Junction","283","https://scryfall.com/card/otj/283/mountain?utm_source=api"
"Mountain","2024-04-19","otj","Outlaws of Thunder Junction","284","https://scryfall.com/card/otj/284/mountain?utm_source=api"
"Forest","2024-04-19","otj","Outlaws of Thunder Junction","285","https://scryfall.com/card/otj/285/forest?utm_source=api"
"Forest","2024-04-19","otj","Outlaws of Thunder Junction","286","https://scryfall.com/card/otj/286/forest?utm_source=api"
"Wastes","2024-06-14","m3c","Modern Horizons 3 Commander","408","https://scryfall.com/card/m3c/408/wastes?utm_source=api"
"Snow-Covered Wastes","2024-06-14","mh3","Modern Horizons 3","229","https://scryfall.com/card/mh3/229/snow-covered-wastes?utm_source=api"
"Plains","2024-06-14","mh3","Modern Horizons 3","304","https://scryfall.com/card/mh3/304/plains?utm_source=api"
"Island","2024-06-14","mh3","Modern Horizons 3","305","https://scryfall.com/card/mh3/305/island?utm_source=api"
"Swamp","2024-06-14","mh3","Modern Horizons 3","306","https://scryfall.com/card/mh3/306/swamp?utm_source=api"
"Mountain","2024-06-14","mh3","Modern Horizons 3","307","https://scryfall.com/card/mh3/307/mountain?utm_source=api"
"Forest","2024-06-14","mh3","Modern Horizons 3","308","https://scryfall.com/card/mh3/308/forest?utm_source=api"
"Snow-Covered Wastes","2024-06-14","mh3","Modern Horizons 3","309","https://scryfall.com/card/mh3/309/snow-covered-wastes?utm_source=api"
"Plains","2024-06-14","mh3","Modern Horizons 3","310","https://scryfall.com/card/mh3/310/plains?utm_source=api"
"Plains","2024-06-14","mh3","Modern Horizons 3","311","https://scryfall.com/card/mh3/311/plains?utm_source=api"
"Island","2024-06-14","mh3","Modern Horizons 3","312","https://scryfall.com/card/mh3/312/island?utm_source=api"
"Island","2024-06-14","mh3","Modern Horizons 3","313","https://scryfall.com/card/mh3/313/island?utm_source=api"
"Swamp","2024-06-14","mh3","Modern Horizons 3","314","https://scryfall.com/card/mh3/314/swamp?utm_source=api"
"Swamp","2024-06-14","mh3","Modern Horizons 3","315","https://scryfall.com/card/mh3/315/swamp?utm_source=api"
"Mountain","2024-06-14","mh3","Modern Horizons 3","316","https://scryfall.com/card/mh3/316/mountain?utm_source=api"
"Mountain","2024-06-14","mh3","Modern Horizons 3","317","https://scryfall.com/card/mh3/317/mountain?utm_source=api"
"Forest","2024-06-14","mh3","Modern Horizons 3","318","https://scryfall.com/card/mh3/318/forest?utm_source=api"
"Forest","2024-06-14","mh3","Modern Horizons 3","319","https://scryfall.com/card/mh3/319/forest?utm_source=api"
"Snow-Covered Wastes","2024-06-14","mh3","Modern Horizons 3","439","https://scryfall.com/card/mh3/439/snow-covered-wastes?utm_source=api"
"Plains","2024-06-14","mh3","Modern Horizons 3","497","https://scryfall.com/card/mh3/497/plains?utm_source=api"
"Plains","2024-06-14","mh3","Modern Horizons 3","498","https://scryfall.com/card/mh3/498/plains?utm_source=api"
"Island","2024-06-14","mh3","Modern Horizons 3","499","https://scryfall.com/card/mh3/499/island?utm_source=api"
"Island","2024-06-14","mh3","Modern Horizons 3","500","https://scryfall.com/card/mh3/500/island?utm_source=api"
"Swamp","2024-06-14","mh3","Modern Horizons 3","501","https://scryfall.com/card/mh3/501/swamp?utm_source=api"
"Swamp","2024-06-14","mh3","Modern Horizons 3","502","https://scryfall.com/card/mh3/502/swamp?utm_source=api"
"Mountain","2024-06-14","mh3","Modern Horizons 3","503","https://scryfall.com/card/mh3/503/mountain?utm_source=api"
"Mountain","2024-06-14","mh3","Modern Horizons 3","504","https://scryfall.com/card/mh3/504/mountain?utm_source=api"
"Forest","2024-06-14","mh3","Modern Horizons 3","505","https://scryfall.com/card/mh3/505/forest?utm_source=api"
"Forest","2024-06-14","mh3","Modern Horizons 3","506","https://scryfall.com/card/mh3/506/forest?utm_source=api"
"Plains","2024-07-05","acr","Assassin's Creed","101","https://scryfall.com/card/acr/101/plains?utm_source=api"
"Plains","2024-07-05","acr","Assassin's Creed","102","https://scryfall.com/card/acr/102/plains?utm_source=api"
"Island","2024-07-05","acr","Assassin's Creed","103","https://scryfall.com/card/acr/103/island?utm_source=api"
"Island","2024-07-05","acr","Assassin's Creed","104","https://scryfall.com/card/acr/104/island?utm_source=api"
"Swamp","2024-07-05","acr","Assassin's Creed","105","https://scryfall.com/card/acr/105/swamp?utm_source=api"
"Swamp","2024-07-05","acr","Assassin's Creed","106","https://scryfall.com/card/acr/106/swamp?utm_source=api"
"Mountain","2024-07-05","acr","Assassin's Creed","107","https://scryfall.com/card/acr/107/mountain?utm_source=api"
"Mountain","2024-07-05","acr","Assassin's Creed","108","https://scryfall.com/card/acr/108/mountain?utm_source=api"
"Forest","2024-07-05","acr","Assassin's Creed","109","https://scryfall.com/card/acr/109/forest?utm_source=api"
"Forest","2024-07-05","acr","Assassin's Creed","110","https://scryfall.com/card/acr/110/forest?utm_source=api"
"Plains","2024-07-05","acr","Assassin's Creed","302","https://scryfall.com/card/acr/302/plains?utm_source=api"
"Island","2024-07-05","acr","Assassin's Creed","303","https://scryfall.com/card/acr/303/island?utm_source=api"
"Swamp","2024-07-05","acr","Assassin's Creed","304","https://scryfall.com/card/acr/304/swamp?utm_source=api"
"Mountain","2024-07-05","acr","Assassin's Creed","305","https://scryfall.com/card/acr/305/mountain?utm_source=api"
"Plains","2024-07-29","sld","Secret Lair Drop","1647","https://scryfall.com/card/sld/1647/plains?utm_source=api"
"Island","2024-07-29","sld","Secret Lair Drop","1648","https://scryfall.com/card/sld/1648/island?utm_source=api"
"Swamp","2024-07-29","sld","Secret Lair Drop","1649","https://scryfall.com/card/sld/1649/swamp?utm_source=api"
"Mountain","2024-07-29","sld","Secret Lair Drop","1650","https://scryfall.com/card/sld/1650/mountain?utm_source=api"
"Forest","2024-07-29","sld","Secret Lair Drop","1651","https://scryfall.com/card/sld/1651/forest?utm_source=api"
"Plains","2024-07-29","sld","Secret Lair Drop","1652","https://scryfall.com/card/sld/1652/plains?utm_source=api"
"Island","2024-07-29","sld","Secret Lair Drop","1653","https://scryfall.com/card/sld/1653/island?utm_source=api"
"Swamp","2024-07-29","sld","Secret Lair Drop","1654","https://scryfall.com/card/sld/1654/swamp?utm_source=api"
"Mountain","2024-07-29","sld","Secret Lair Drop","1655","https://scryfall.com/card/sld/1655/mountain?utm_source=api"
"Forest","2024-07-29","sld","Secret Lair Drop","1656","https://scryfall.com/card/sld/1656/forest?utm_source=api"
"Plains","2024-08-02","blb","Bloomburrow","262","https://scryfall.com/card/blb/262/plains?utm_source=api"
"Plains","2024-08-02","blb","Bloomburrow","263","https://scryfall.com/card/blb/263/plains?utm_source=api"
"Plains","2024-08-02","blb","Bloomburrow","264","https://scryfall.com/card/blb/264/plains?utm_source=api"
"Plains","2024-08-02","blb","Bloomburrow","265","https://scryfall.com/card/blb/265/plains?utm_source=api"
"Island","2024-08-02","blb","Bloomburrow","266","https://scryfall.com/card/blb/266/island?utm_source=api"
"Island","2024-08-02","blb","Bloomburrow","267","https://scryfall.com/card/blb/267/island?utm_source=api"
"Island","2024-08-02","blb","Bloomburrow","268","https://scryfall.com/card/blb/268/island?utm_source=api"
"Island","2024-08-02","blb","Bloomburrow","269","https://scryfall.com/card/blb/269/island?utm_source=api"
"Swamp","2024-08-02","blb","Bloomburrow","270","https://scryfall.com/card/blb/270/swamp?utm_source=api"
"Swamp","2024-08-02","blb","Bloomburrow","271","https://scryfall.com/card/blb/271/swamp?utm_source=api"
"Swamp","2024-08-02","blb","Bloomburrow","272","https://scryfall.com/card/blb/272/swamp?utm_source=api"
"Swamp","2024-08-02","blb","Bloomburrow","273","https://scryfall.com/card/blb/273/swamp?utm_source=api"
"Mountain","2024-08-02","blb","Bloomburrow","274","https://scryfall.com/card/blb/274/mountain?utm_source=api"
"Mountain","2024-08-02","blb","Bloomburrow","275","https://scryfall.com/card/blb/275/mountain?utm_source=api"
"Mountain","2024-08-02","blb","Bloomburrow","276","https://scryfall.com/card/blb/276/mountain?utm_source=api"
"Mountain","2024-08-02","blb","Bloomburrow","277","https://scryfall.com/card/blb/277/mountain?utm_source=api"
"Forest","2024-08-02","blb","Bloomburrow","278","https://scryfall.com/card/blb/278/forest?utm_source=api"
"Forest","2024-08-02","blb","Bloomburrow","279","https://scryfall.com/card/blb/279/forest?utm_source=api"
"Forest","2024-08-02","blb","Bloomburrow","280","https://scryfall.com/card/blb/280/forest?utm_source=api"
"Forest","2024-08-02","blb","Bloomburrow","281","https://scryfall.com/card/blb/281/forest?utm_source=api"
"Plains","2024-08-02","blb","Bloomburrow","369","https://scryfall.com/card/blb/369/plains?utm_source=api"
"Plains","2024-08-02","blb","Bloomburrow","370","https://scryfall.com/card/blb/370/plains?utm_source=api"
"Island","2024-08-02","blb","Bloomburrow","371","https://scryfall.com/card/blb/371/island?utm_source=api"
"Island","2024-08-02","blb","Bloomburrow","372","https://scryfall.com/card/blb/372/island?utm_source=api"
"Swamp","2024-08-02","blb","Bloomburrow","373","https://scryfall.com/card/blb/373/swamp?utm_source=api"
"Swamp","2024-08-02","blb","Bloomburrow","374","https://scryfall.com/card/blb/374/swamp?utm_source=api"
"Mountain","2024-08-02","blb","Bloomburrow","375","https://scryfall.com/card/blb/375/mountain?utm_source=api"
"Mountain","2024-08-02","blb","Bloomburrow","376","https://scryfall.com/card/blb/376/mountain?utm_source=api"
"Forest","2024-08-02","blb","Bloomburrow","377","https://scryfall.com/card/blb/377/forest?utm_source=api"
"Forest","2024-08-02","blb","Bloomburrow","378","https://scryfall.com/card/blb/378/forest?utm_source=api"
"Snow-Covered Plains","2024-08-02","mb2","Mystery Booster 2","116","https://scryfall.com/card/mb2/116/snow-covered-plains?utm_source=api"
"Snow-Covered Island","2024-08-02","mb2","Mystery Booster 2","117","https://scryfall.com/card/mb2/117/snow-covered-island?utm_source=api"
"Snow-Covered Swamp","2024-08-02","mb2","Mystery Booster 2","118","https://scryfall.com/card/mb2/118/snow-covered-swamp?utm_source=api"
"Snow-Covered Mountain","2024-08-02","mb2","Mystery Booster 2","119","https://scryfall.com/card/mb2/119/snow-covered-mountain?utm_source=api"
"Snow-Covered Forest","2024-08-02","mb2","Mystery Booster 2","120","https://scryfall.com/card/mb2/120/snow-covered-forest?utm_source=api"
"Snow-Covered Wastes","2024-08-02","mb2","Mystery Booster 2","121","https://scryfall.com/card/mb2/121/snow-covered-wastes?utm_source=api"
"Plains","2024-08-09","slp","Secret Lair Promo","31","https://scryfall.com/card/slp/31/plains?utm_source=api"
"Plains","2024-09-27","dsk","Duskmourn: House of Horror","272","https://scryfall.com/card/dsk/272/plains?utm_source=api"
"Island","2024-09-27","dsk","Duskmourn: House of Horror","273","https://scryfall.com/card/dsk/273/island?utm_source=api"
"Swamp","2024-09-27","dsk","Duskmourn: House of Horror","274","https://scryfall.com/card/dsk/274/swamp?utm_source=api"
"Mountain","2024-09-27","dsk","Duskmourn: House of Horror","275","https://scryfall.com/card/dsk/275/mountain?utm_source=api"
"Forest","2024-09-27","dsk","Duskmourn: House of Horror","276","https://scryfall.com/card/dsk/276/forest?utm_source=api"
"Plains","2024-09-27","dsk","Duskmourn: House of Horror","277","https://scryfall.com/card/dsk/277/plains?utm_source=api"
"Plains","2024-09-27","dsk","Duskmourn: House of Horror","278","https://scryfall.com/card/dsk/278/plains?utm_source=api"
"Island","2024-09-27","dsk","Duskmourn: House of Horror","279","https://scryfall.com/card/dsk/279/island?utm_source=api"
"Island","2024-09-27","dsk","Duskmourn: House of Horror","280","https://scryfall.com/card/dsk/280/island?utm_source=api"
"Swamp","2024-09-27","dsk","Duskmourn: House of Horror","281","https://scryfall.com/card/dsk/281/swamp?utm_source=api"
"Swamp","2024-09-27","dsk","Duskmourn: House of Horror","282","https://scryfall.com/card/dsk/282/swamp?utm_source=api"
"Mountain","2024-09-27","dsk","Duskmourn: House of Horror","283","https://scryfall.com/card/dsk/283/mountain?utm_source=api"
"Mountain","2024-09-27","dsk","Duskmourn: House of Horror","284","https://scryfall.com/card/dsk/284/mountain?utm_source=api"
"Forest","2024-09-27","dsk","Duskmourn: House of Horror","285","https://scryfall.com/card/dsk/285/forest?utm_source=api"
"Forest","2024-09-27","dsk","Duskmourn: House of Horror","286","https://scryfall.com/card/dsk/286/forest?utm_source=api"
"Plains","2024-09-30","plst","The List","LCI-394","https://scryfall.com/card/plst/LCI-394/plains?utm_source=api"
"Island","2024-09-30","plst","The List","LCI-396","https://scryfall.com/card/plst/LCI-396/island?utm_source=api"
"Swamp","2024-09-30","plst","The List","LCI-398","https://scryfall.com/card/plst/LCI-398/swamp?utm_source=api"
"Mountain","2024-09-30","plst","The List","LCI-400","https://scryfall.com/card/plst/LCI-400/mountain?utm_source=api"
"Forest","2024-09-30","plst","The List","LCI-401","https://scryfall.com/card/plst/LCI-401/forest?utm_source=api"
"Plains","2024-09-30","plst","The List","MKM-278","https://scryfall.com/card/plst/MKM-278/plains?utm_source=api"
"Island","2024-09-30","plst","The List","MKM-279","https://scryfall.com/card/plst/MKM-279/island?utm_source=api"
"Swamp","2024-09-30","plst","The List","MKM-282","https://scryfall.com/card/plst/MKM-282/swamp?utm_source=api"
"Forest","2024-09-30","plst","The List","MKM-285","https://scryfall.com/card/plst/MKM-285/forest?utm_source=api"
"Plains","2024-09-30","plst","The List","WOE-268","https://scryfall.com/card/plst/WOE-268/plains?utm_source=api"
"Island","2024-09-30","plst","The List","WOE-269","https://scryfall.com/card/plst/WOE-269/island?utm_source=api"
"Swamp","2024-09-30","plst","The List","WOE-271","https://scryfall.com/card/plst/WOE-271/swamp?utm_source=api"
"Mountain","2024-09-30","plst","The List","WOE-273","https://scryfall.com/card/plst/WOE-273/mountain?utm_source=api"
"Mountain","2024-09-30","plst","The List","WOE-274","https://scryfall.com/card/plst/WOE-274/mountain?utm_source=api"
"Forest","2024-09-30","plst","The List","WOE-276","https://scryfall.com/card/plst/WOE-276/forest?utm_source=api"
"Plains","2024-11-15","fdn","Foundations","272","https://scryfall.com/card/fdn/272/plains?utm_source=api"
"Plains","2024-11-15","fdn","Foundations","273","https://scryfall.com/card/fdn/273/plains?utm_source=api"
"Island","2024-11-15","fdn","Foundations","274","https://scryfall.com/card/fdn/274/island?utm_source=api"
"Island","2024-11-15","fdn","Foundations","275","https://scryfall.com/card/fdn/275/island?utm_source=api"
"Swamp","2024-11-15","fdn","Foundations","276","https://scryfall.com/card/fdn/276/swamp?utm_source=api"
"Swamp","2024-11-15","fdn","Foundations","277","https://scryfall.com/card/fdn/277/swamp?utm_source=api"
"Mountain","2024-11-15","fdn","Foundations","278","https://scryfall.com/card/fdn/278/mountain?utm_source=api"
"Mountain","2024-11-15","fdn","Foundations","279","https://scryfall.com/card/fdn/279/mountain?utm_source=api"
"Forest","2024-11-15","fdn","Foundations","280","https://scryfall.com/card/fdn/280/forest?utm_source=api"
"Forest","2024-11-15","fdn","Foundations","281","https://scryfall.com/card/fdn/281/forest?utm_source=api"
"Plains","2024-11-15","fdn","Foundations","282","https://scryfall.com/card/fdn/282/plains?utm_source=api"
"Plains","2024-11-15","fdn","Foundations","283","https://scryfall.com/card/fdn/283/plains?utm_source=api"
"Island","2024-11-15","fdn","Foundations","284","https://scryfall.com/card/fdn/284/island?utm_source=api"
"Island","2024-11-15","fdn","Foundations","285","https://scryfall.com/card/fdn/285/island?utm_source=api"
"Swamp","2024-11-15","fdn","Foundations","286","https://scryfall.com/card/fdn/286/swamp?utm_source=api"
"Swamp","2024-11-15","fdn","Foundations","287","https://scryfall.com/card/fdn/287/swamp?utm_source=api"
"Mountain","2024-11-15","fdn","Foundations","288","https://scryfall.com/card/fdn/288/mountain?utm_source=api"
"Mountain","2024-11-15","fdn","Foundations","289","https://scryfall.com/card/fdn/289/mountain?utm_source=api"
"Forest","2024-11-15","fdn","Foundations","290","https://scryfall.com/card/fdn/290/forest?utm_source=api"
"Forest","2024-11-15","fdn","Foundations","291","https://scryfall.com/card/fdn/291/forest?utm_source=api"
"Plains","2024-11-15","j25","Foundations Jumpstart","81","https://scryfall.com/card/j25/81/plains?utm_source=api"
"Plains","2024-11-15","j25","Foundations Jumpstart","82","https://scryfall.com/card/j25/82/plains?utm_source=api"
"Plains","2024-11-15","j25","Foundations Jumpstart","83","https://scryfall.com/card/j25/83/plains?utm_source=api"
"Island","2024-11-15","j25","Foundations Jumpstart","84","https://scryfall.com/card/j25/84/island?utm_source=api"
"Island","2024-11-15","j25","Foundations Jumpstart","85","https://scryfall.com/card/j25/85/island?utm_source=api"
"Island","2024-11-15","j25","Foundations Jumpstart","86","https://scryfall.com/card/j25/86/island?utm_source=api"
"Swamp","2024-11-15","j25","Foundations Jumpstart","87","https://scryfall.com/card/j25/87/swamp?utm_source=api"
"Swamp","2024-11-15","j25","Foundations Jumpstart","88","https://scryfall.com/card/j25/88/swamp?utm_source=api"
"Swamp","2024-11-15","j25","Foundations Jumpstart","89","https://scryfall.com/card/j25/89/swamp?utm_source=api"
"Mountain","2024-11-15","j25","Foundations Jumpstart","90","https://scryfall.com/card/j25/90/mountain?utm_source=api"
"Mountain","2024-11-15","j25","Foundations Jumpstart","91","https://scryfall.com/card/j25/91/mountain?utm_source=api"
"Mountain","2024-11-15","j25","Foundations Jumpstart","92","https://scryfall.com/card/j25/92/mountain?utm_source=api"
"Forest","2024-11-15","j25","Foundations Jumpstart","93","https://scryfall.com/card/j25/93/forest?utm_source=api"
"Forest","2024-11-15","j25","Foundations Jumpstart","94","https://scryfall.com/card/j25/94/forest?utm_source=api"
"Forest","2024-11-15","j25","Foundations Jumpstart","95","https://scryfall.com/card/j25/95/forest?utm_source=api"
"Plains","2024-12-02","plst","The List","NEO-283","https://scryfall.com/card/plst/NEO-283/plains?utm_source=api"
"Forest","2024-12-02","plst","The List","NEO-292","https://scryfall.com/card/plst/NEO-292/forest?utm_source=api"
"Plains","2025-01-13","sld","Secret Lair Drop","1478","https://scryfall.com/card/sld/1478/plains?utm_source=api"
"Island","2025-01-13","sld","Secret Lair Drop","1479","https://scryfall.com/card/sld/1479/island?utm_source=api"
"Swamp","2025-01-13","sld","Secret Lair Drop","1480","https://scryfall.com/card/sld/1480/swamp?utm_source=api"
"Mountain","2025-01-13","sld","Secret Lair Drop","1481","https://scryfall.com/card/sld/1481/mountain?utm_source=api"
"Forest","2025-01-13","sld","Secret Lair Drop","1482","https://scryfall.com/card/sld/1482/forest?utm_source=api"
"Plains","2025-01-24","inr","Innistrad Remastered","288","https://scryfall.com/card/inr/288/plains?utm_source=api"
"Plains","2025-01-24","inr","Innistrad Remastered","289","https://scryfall.com/card/inr/289/plains?utm_source=api"
"Island","2025-01-24","inr","Innistrad Remastered","290","https://scryfall.com/card/inr/290/island?utm_source=api"
"Island","2025-01-24","inr","Innistrad Remastered","291","https://scryfall.com/card/inr/291/island?utm_source=api"
"Swamp","2025-01-24","inr","Innistrad Remastered","292","https://scryfall.com/card/inr/292/swamp?utm_source=api"
"Swamp","2025-01-24","inr","Innistrad Remastered","293","https://scryfall.com/card/inr/293/swamp?utm_source=api"
"Mountain","2025-01-24","inr","Innistrad Remastered","294","https://scryfall.com/card/inr/294/mountain?utm_source=api"
"Mountain","2025-01-24","inr","Innistrad Remastered","295","https://scryfall.com/card/inr/295/mountain?utm_source=api"
"Forest","2025-01-24","inr","Innistrad Remastered","296","https://scryfall.com/card/inr/296/forest?utm_source=api"
"Forest","2025-01-24","inr","Innistrad Remastered","297","https://scryfall.com/card/inr/297/forest?utm_source=api"
"Plains","2025-02-14","dft","Aetherdrift","272","https://scryfall.com/card/dft/272/plains?utm_source=api"
"Island","2025-02-14","dft","Aetherdrift","273","https://scryfall.com/card/dft/273/island?utm_source=api"
"Swamp","2025-02-14","dft","Aetherdrift","274","https://scryfall.com/card/dft/274/swamp?utm_source=api"
"Mountain","2025-02-14","dft","Aetherdrift","275","https://scryfall.com/card/dft/275/mountain?utm_source=api"
"Forest","2025-02-14","dft","Aetherdrift","276","https://scryfall.com/card/dft/276/forest?utm_source=api"
"Plains","2025-02-14","dft","Aetherdrift","277","https://scryfall.com/card/dft/277/plains?utm_source=api"
"Plains","2025-02-14","dft","Aetherdrift","278","https://scryfall.com/card/dft/278/plains?utm_source=api"
"Plains","2025-02-14","dft","Aetherdrift","279","https://scryfall.com/card/dft/279/plains?utm_source=api"
"Island","2025-02-14","dft","Aetherdrift","280","https://scryfall.com/card/dft/280/island?utm_source=api"
"Island","2025-02-14","dft","Aetherdrift","281","https://scryfall.com/card/dft/281/island?utm_source=api"
"Island","2025-02-14","dft","Aetherdrift","282","https://scryfall.com/card/dft/282/island?utm_source=api"
"Swamp","2025-02-14","dft","Aetherdrift","283","https://scryfall.com/card/dft/283/swamp?utm_source=api"
"Swamp","2025-02-14","dft","Aetherdrift","284","https://scryfall.com/card/dft/284/swamp?utm_source=api"
"Swamp","2025-02-14","dft","Aetherdrift","285","https://scryfall.com/card/dft/285/swamp?utm_source=api"
"Mountain","2025-02-14","dft","Aetherdrift","286","https://scryfall.com/card/dft/286/mountain?utm_source=api"
"Mountain","2025-02-14","dft","Aetherdrift","287","https://scryfall.com/card/dft/287/mountain?utm_source=api"
"Mountain","2025-02-14","dft","Aetherdrift","288","https://scryfall.com/card/dft/288/mountain?utm_source=api"
"Forest","2025-02-14","dft","Aetherdrift","289","https://scryfall.com/card/dft/289/forest?utm_source=api"
"Forest","2025-02-14","dft","Aetherdrift","290","https://scryfall.com/card/dft/290/forest?utm_source=api"
"Forest","2025-02-14","dft","Aetherdrift","291","https://scryfall.com/card/dft/291/forest?utm_source=api"
"Plains","2025-02-14","dft","Aetherdrift","507","https://scryfall.com/card/dft/507/plains?utm_source=api"
"Island","2025-02-14","dft","Aetherdrift","508","https://scryfall.com/card/dft/508/island?utm_source=api"
"Swamp","2025-02-14","dft","Aetherdrift","509","https://scryfall.com/card/dft/509/swamp?utm_source=api"
"Mountain","2025-02-14","dft","Aetherdrift","510","https://scryfall.com/card/dft/510/mountain?utm_source=api"
"Forest","2025-02-14","dft","Aetherdrift","511","https://scryfall.com/card/dft/511/forest?utm_source=api"
"Plains","2025-02-14","dft","Aetherdrift","512","https://scryfall.com/card/dft/512/plains?utm_source=api"
"Island","2025-02-14","dft","Aetherdrift","513","https://scryfall.com/card/dft/513/island?utm_source=api"
"Swamp","2025-02-14","dft","Aetherdrift","514","https://scryfall.com/card/dft/514/swamp?utm_source=api"
"Mountain","2025-02-14","dft","Aetherdrift","515","https://scryfall.com/card/dft/515/mountain?utm_source=api"
"Forest","2025-02-14","dft","Aetherdrift","516","https://scryfall.com/card/dft/516/forest?utm_source=api"
"Forest","2025-02-14","pl25","Year of the Snake 2025","6","https://scryfall.com/card/pl25/6/forest?utm_source=api"
"Island","2025-02-21","slp","Secret Lair Promo","32","https://scryfall.com/card/slp/32/island?utm_source=api"
"Plains","2025-03-24","sld","Secret Lair Drop","1939","https://scryfall.com/card/sld/1939/plains?utm_source=api"
"Island","2025-03-24","sld","Secret Lair Drop","1940","https://scryfall.com/card/sld/1940/island?utm_source=api"
"Swamp","2025-03-24","sld","Secret Lair Drop","1941","https://scryfall.com/card/sld/1941/swamp?utm_source=api"
"Mountain","2025-03-24","sld","Secret Lair Drop","1942","https://scryfall.com/card/sld/1942/mountain?utm_source=api"
"Forest","2025-03-24","sld","Secret Lair Drop","1943","https://scryfall.com/card/sld/1943/forest?utm_source=api"
"Wastes","2025-04-11","plg25","Love Your LGS 2025","2","https://scryfall.com/card/plg25/2/wastes?utm_source=api"
"Plains","2025-04-11","tdm","Tarkir: Dragonstorm","272","https://scryfall.com/card/tdm/272/plains?utm_source=api"
"Island","2025-04-11","tdm","Tarkir: Dragonstorm","273","https://scryfall.com/card/tdm/273/island?utm_source=api"
"Swamp","2025-04-11","tdm","Tarkir: Dragonstorm","274","https://scryfall.com/card/tdm/274/swamp?utm_source=api"
"Mountain","2025-04-11","tdm","Tarkir: Dragonstorm","275","https://scryfall.com/card/tdm/275/mountain?utm_source=api"
"Forest","2025-04-11","tdm","Tarkir: Dragonstorm","276","https://scryfall.com/card/tdm/276/forest?utm_source=api"
"Plains","2025-04-11","tdm","Tarkir: Dragonstorm","277","https://scryfall.com/card/tdm/277/plains?utm_source=api"
"Plains","2025-04-11","tdm","Tarkir: Dragonstorm","278","https://scryfall.com/card/tdm/278/plains?utm_source=api"
"Island","2025-04-11","tdm","Tarkir: Dragonstorm","279","https://scryfall.com/card/tdm/279/island?utm_source=api"
"Island","2025-04-11","tdm","Tarkir: Dragonstorm","280","https://scryfall.com/card/tdm/280/island?utm_source=api"
"Swamp","2025-04-11","tdm","Tarkir: Dragonstorm","281","https://scryfall.com/card/tdm/281/swamp?utm_source=api"
"Swamp","2025-04-11","tdm","Tarkir: Dragonstorm","282","https://scryfall.com/card/tdm/282/swamp?utm_source=api"
"Mountain","2025-04-11","tdm","Tarkir: Dragonstorm","283","https://scryfall.com/card/tdm/283/mountain?utm_source=api"
"Mountain","2025-04-11","tdm","Tarkir: Dragonstorm","284","https://scryfall.com/card/tdm/284/mountain?utm_source=api"
"Forest","2025-04-11","tdm","Tarkir: Dragonstorm","285","https://scryfall.com/card/tdm/285/forest?utm_source=api"
"Forest","2025-04-11","tdm","Tarkir: Dragonstorm","286","https://scryfall.com/card/tdm/286/forest?utm_source=api"
"Plains","2025-04-11","tdm","Tarkir: Dragonstorm","287","https://scryfall.com/card/tdm/287/plains?utm_source=api"
"Island","2025-04-11","tdm","Tarkir: Dragonstorm","288","https://scryfall.com/card/tdm/288/island?utm_source=api"
"Swamp","2025-04-11","tdm","Tarkir: Dragonstorm","289","https://scryfall.com/card/tdm/289/swamp?utm_source=api"
"Mountain","2025-04-11","tdm","Tarkir: Dragonstorm","290","https://scryfall.com/card/tdm/290/mountain?utm_source=api"
"Forest","2025-04-11","tdm","Tarkir: Dragonstorm","291","https://scryfall.com/card/tdm/291/forest?utm_source=api"
"Plains","2025-04-28","sld","Secret Lair Drop","2076","https://scryfall.com/card/sld/2076/plains?utm_source=api"
"Island","2025-04-28","sld","Secret Lair Drop","2077","https://scryfall.com/card/sld/2077/island?utm_source=api"
"Swamp","2025-04-28","sld","Secret Lair Drop","2078","https://scryfall.com/card/sld/2078/swamp?utm_source=api"
"Mountain","2025-04-28","sld","Secret Lair Drop","2079","https://scryfall.com/card/sld/2079/mountain?utm_source=api"
"Forest","2025-04-28","sld","Secret Lair Drop","2080","https://scryfall.com/card/sld/2080/forest?utm_source=api"
"Plains","2025-05-12","plst","The List","JMP-41","https://scryfall.com/card/plst/JMP-41/plains?utm_source=api"
"Plains","2025-05-12","plst","The List","JMP-43","https://scryfall.com/card/plst/JMP-43/plains?utm_source=api"
"Plains","2025-05-12","plst","The List","JMP-45","https://scryfall.com/card/plst/JMP-45/plains?utm_source=api"
"Island","2025-05-12","plst","The List","JMP-46","https://scryfall.com/card/plst/JMP-46/island?utm_source=api"
"Island","2025-05-12","plst","The List","JMP-47","https://scryfall.com/card/plst/JMP-47/island?utm_source=api"
"Island","2025-05-12","plst","The List","JMP-52","https://scryfall.com/card/plst/JMP-52/island?utm_source=api"
"Swamp","2025-05-12","plst","The List","JMP-59","https://scryfall.com/card/plst/JMP-59/swamp?utm_source=api"
"Mountain","2025-05-12","plst","The List","JMP-62","https://scryfall.com/card/plst/JMP-62/mountain?utm_source=api"
"Mountain","2025-05-12","plst","The List","JMP-65","https://scryfall.com/card/plst/JMP-65/mountain?utm_source=api"
"Forest","2025-05-12","plst","The List","JMP-73","https://scryfall.com/card/plst/JMP-73/forest?utm_source=api"
"Forest","2025-05-12","plst","The List","JMP-74","https://scryfall.com/card/plst/JMP-74/forest?utm_source=api"
"Forest","2025-05-12","plst","The List","JMP-76","https://scryfall.com/card/plst/JMP-76/forest?utm_source=api"
"Plains","2025-06-13","fin","Final Fantasy","294","https://scryfall.com/card/fin/294/plains?utm_source=api"
"Plains","2025-06-13","fin","Final Fantasy","295","https://scryfall.com/card/fin/295/plains?utm_source=api"
"Plains","2025-06-13","fin","Final Fantasy","296","https://scryfall.com/card/fin/296/plains?utm_source=api"
"Island","2025-06-13","fin","Final Fantasy","297","https://scryfall.com/card/fin/297/island?utm_source=api"
"Island","2025-06-13","fin","Final Fantasy","298","https://scryfall.com/card/fin/298/island?utm_source=api"
"Island","2025-06-13","fin","Final Fantasy","299","https://scryfall.com/card/fin/299/island?utm_source=api"
"Swamp","2025-06-13","fin","Final Fantasy","300","https://scryfall.com/card/fin/300/swamp?utm_source=api"
"Swamp","2025-06-13","fin","Final Fantasy","301","https://scryfall.com/card/fin/301/swamp?utm_source=api"
"Swamp","2025-06-13","fin","Final Fantasy","302","https://scryfall.com/card/fin/302/swamp?utm_source=api"
"Mountain","2025-06-13","fin","Final Fantasy","303","https://scryfall.com/card/fin/303/mountain?utm_source=api"
"Mountain","2025-06-13","fin","Final Fantasy","304","https://scryfall.com/card/fin/304/mountain?utm_source=api"
"Mountain","2025-06-13","fin","Final Fantasy","305","https://scryfall.com/card/fin/305/mountain?utm_source=api"
"Forest","2025-06-13","fin","Final Fantasy","306","https://scryfall.com/card/fin/306/forest?utm_source=api"
"Forest","2025-06-13","fin","Final Fantasy","307","https://scryfall.com/card/fin/307/forest?utm_source=api"
"Forest","2025-06-13","fin","Final Fantasy","308","https://scryfall.com/card/fin/308/forest?utm_source=api"
"Wastes","2025-06-13","fin","Final Fantasy","309","https://scryfall.com/card/fin/309/wastes?utm_source=api"
"Plains","2025-06-13","fin","Final Fantasy","572","https://scryfall.com/card/fin/572/plains?utm_source=api"
"Island","2025-06-13","fin","Final Fantasy","573","https://scryfall.com/card/fin/573/island?utm_source=api"
"Swamp","2025-06-13","fin","Final Fantasy","574","https://scryfall.com/card/fin/574/swamp?utm_source=api"
"Mountain","2025-06-13","fin","Final Fantasy","575","https://scryfall.com/card/fin/575/mountain?utm_source=api"
"Forest","2025-06-13","fin","Final Fantasy","576","https://scryfall.com/card/fin/576/forest?utm_source=api"
"Swamp","2025-06-20","slp","Secret Lair Promo","33","https://scryfall.com/card/slp/33/swamp?utm_source=api"
"Plains","2025-07-28","sld","Secret Lair Drop","888","https://scryfall.com/card/sld/888/plains?utm_source=api"
"Island","2025-07-28","sld","Secret Lair Drop","889","https://scryfall.com/card/sld/889/island?utm_source=api"
"Swamp","2025-07-28","sld","Secret Lair Drop","890","https://scryfall.com/card/sld/890/swamp?utm_source=api"
"Mountain","2025-07-28","sld","Secret Lair Drop","891","https://scryfall.com/card/sld/891/mountain?utm_source=api"
"Forest","2025-07-28","sld","Secret Lair Drop","892","https://scryfall.com/card/sld/892/forest?utm_source=api"
"Wastes","2025-08-01","eoc","Edge of Eternities Commander","191","https://scryfall.com/card/eoc/191/wastes?utm_source=api"
"Plains","2025-08-01","eoe","Edge of Eternities","262","https://scryfall.com/card/eoe/262/plains?utm_source=api"
"Island","2025-08-01","eoe","Edge of Eternities","263","https://scryfall.com/card/eoe/263/island?utm_source=api"
"Swamp","2025-08-01","eoe","Edge of Eternities","264","https://scryfall.com/card/eoe/264/swamp?utm_source=api"
"Mountain","2025-08-01","eoe","Edge of Eternities","265","https://scryfall.com/card/eoe/265/mountain?utm_source=api"
"Forest","2025-08-01","eoe","Edge of Eternities","266","https://scryfall.com/card/eoe/266/forest?utm_source=api"
"Plains","2025-08-01","eoe","Edge of Eternities","267","https://scryfall.com/card/eoe/267/plains?utm_source=api"
"Plains","2025-08-01","eoe","Edge of Eternities","268","https://scryfall.com/card/eoe/268/plains?utm_source=api"
"Island","2025-08-01","eoe","Edge of Eternities","269","https://scryfall.com/card/eoe/269/island?utm_source=api"
"Island","2025-08-01","eoe","Edge of Eternities","270","https://scryfall.com/card/eoe/270/island?utm_source=api"
"Swamp","2025-08-01","eoe","Edge of Eternities","271","https://scryfall.com/card/eoe/271/swamp?utm_source=api"
"Swamp","2025-08-01","eoe","Edge of Eternities","272","https://scryfall.com/card/eoe/272/swamp?utm_source=api"
"Mountain","2025-08-01","eoe","Edge of Eternities","273","https://scryfall.com/card/eoe/273/mountain?utm_source=api"
"Mountain","2025-08-01","eoe","Edge of Eternities","274","https://scryfall.com/card/eoe/274/mountain?utm_source=api"
"Forest","2025-08-01","eoe","Edge of Eternities","275","https://scryfall.com/card/eoe/275/forest?utm_source=api"
"Forest","2025-08-01","eoe","Edge of Eternities","276","https://scryfall.com/card/eoe/276/forest?utm_source=api"
"Plains","2025-08-01","eoe","Edge of Eternities","367","https://scryfall.com/card/eoe/367/plains?utm_source=api"
"Island","2025-08-01","eoe","Edge of Eternities","368","https://scryfall.com/card/eoe/368/island?utm_source=api"
"Swamp","2025-08-01","eoe","Edge of Eternities","369","https://scryfall.com/card/eoe/369/swamp?utm_source=api"
"Mountain","2025-08-01","eoe","Edge of Eternities","370","https://scryfall.com/card/eoe/370/mountain?utm_source=api"
"Forest","2025-08-01","eoe","Edge of Eternities","371","https://scryfall.com/card/eoe/371/forest?utm_source=api"
"Plains","2025-09-22","sld","Secret Lair Drop","1950","https://scryfall.com/card/sld/1950/plains?utm_source=api"
"Island","2025-09-22","sld","Secret Lair Drop","1951","https://scryfall.com/card/sld/1951/island?utm_source=api"
"Swamp","2025-09-22","sld","Secret Lair Drop","1952","https://scryfall.com/card/sld/1952/swamp?utm_source=api"
"Mountain","2025-09-22","sld","Secret Lair Drop","1953","https://scryfall.com/card/sld/1953/mountain?utm_source=api"
"Forest","2025-09-22","sld","Secret Lair Drop","1954","https://scryfall.com/card/sld/1954/forest?utm_source=api"
"Plains","2025-09-25","sld","Secret Lair Drop","1945","https://scryfall.com/card/sld/1945/plains?utm_source=api"
"Island","2025-09-25","sld","Secret Lair Drop","1946","https://scryfall.com/card/sld/1946/island?utm_source=api"
"Swamp","2025-09-25","sld","Secret Lair Drop","1947","https://scryfall.com/card/sld/1947/swamp?utm_source=api"
"Mountain","2025-09-25","sld","Secret Lair Drop","1948","https://scryfall.com/card/sld/1948/mountain?utm_source=api"
"Forest","2025-09-25","sld","Secret Lair Drop","1949","https://scryfall.com/card/sld/1949/forest?utm_source=api"
"Mountain","2025-09-26","slp","Secret Lair Promo","34","https://scryfall.com/card/slp/34/mountain?utm_source=api"
"Plains","2025-09-26","spm","Marvel's Spider-Man","189","https://scryfall.com/card/spm/189/plains?utm_source=api"
"Island","2025-09-26","spm","Marvel's Spider-Man","190","https://scryfall.com/card/spm/190/island?utm_source=api"
"Swamp","2025-09-26","spm","Marvel's Spider-Man","191","https://scryfall.com/card/spm/191/swamp?utm_source=api"
"Mountain","2025-09-26","spm","Marvel's Spider-Man","192","https://scryfall.com/card/spm/192/mountain?utm_source=api"
"Forest","2025-09-26","spm","Marvel's Spider-Man","193","https://scryfall.com/card/spm/193/forest?utm_source=api"
"Plains","2025-09-26","spm","Marvel's Spider-Man","194","https://scryfall.com/card/spm/194/plains?utm_source=api"
"Island","2025-09-26","spm","Marvel's Spider-Man","195","https://scryfall.com/card/spm/195/island?utm_source=api"
"Swamp","2025-09-26","spm","Marvel's Spider-Man","196","https://scryfall.com/card/spm/196/swamp?utm_source=api"
"Mountain","2025-09-26","spm","Marvel's Spider-Man","197","https://scryfall.com/card/spm/197/mountain?utm_source=api"
"Forest","2025-09-26","spm","Marvel's Spider-Man","198","https://scryfall.com/card/spm/198/forest?utm_source=api"
"Plains","2025-11-21","tla","Avatar: The Last Airbender","282","https://scryfall.com/card/tla/282/plains?utm_source=api"
"Island","2025-11-21","tla","Avatar: The Last Airbender","283","https://scryfall.com/card/tla/283/island?utm_source=api"
"Swamp","2025-11-21","tla","Avatar: The Last Airbender","284","https://scryfall.com/card/tla/284/swamp?utm_source=api"
"Mountain","2025-11-21","tla","Avatar: The Last Airbender","285","https://scryfall.com/card/tla/285/mountain?utm_source=api"
"Forest","2025-11-21","tla","Avatar: The Last Airbender","286","https://scryfall.com/card/tla/286/forest?utm_source=api"
"Plains","2025-11-21","tla","Avatar: The Last Airbender","287","https://scryfall.com/card/tla/287/plains?utm_source=api"
"Island","2025-11-21","tla","Avatar: The Last Airbender","288","https://scryfall.com/card/tla/288/island?utm_source=api"
"Swamp","2025-11-21","tla","Avatar: The Last Airbender","289","https://scryfall.com/card/tla/289/swamp?utm_source=api"
"Mountain","2025-11-21","tla","Avatar: The Last Airbender","290","https://scryfall.com/card/tla/290/mountain?utm_source=api"
"Forest","2025-11-21","tla","Avatar: The Last Airbender","291","https://scryfall.com/card/tla/291/forest?utm_source=api"
"Plains","2025-11-21","tla","Avatar: The Last Airbender","292","https://scryfall.com/card/tla/292/plains?utm_source=api"
"Island","2025-11-21","tla","Avatar: The Last Airbender","293","https://scryfall.com/card/tla/293/island?utm_source=api"
"Swamp","2025-11-21","tla","Avatar: The Last Airbender","294","https://scryfall.com/card/tla/294/swamp?utm_source=api"
"Mountain","2025-11-21","tla","Avatar: The Last Airbender","295","https://scryfall.com/card/tla/295/mountain?utm_source=api"
"Forest","2025-11-21","tla","Avatar: The Last Airbender","296","https://scryfall.com/card/tla/296/forest?utm_source=api"
"Mountain","2025-11-21","tle","Avatar: The Last Airbender Eternal","289","https://scryfall.com/card/tle/289/mountain?utm_source=api"
"Mountain","2025-11-21","tle","Avatar: The Last Airbender Eternal","290","https://scryfall.com/card/tle/290/mountain?utm_source=api"
"Mountain","2025-11-21","tle","Avatar: The Last Airbender Eternal","291","https://scryfall.com/card/tle/291/mountain?utm_source=api"
"Mountain","2025-11-21","tle","Avatar: The Last Airbender Eternal","292","https://scryfall.com/card/tle/292/mountain?utm_source=api"
"Mountain","2025-11-21","tle","Avatar: The Last Airbender Eternal","293","https://scryfall.com/card/tle/293/mountain?utm_source=api"
"Mountain","2025-11-21","tle","Avatar: The Last Airbender Eternal","294","https://scryfall.com/card/tle/294/mountain?utm_source=api"
"Mountain","2025-11-21","tle","Avatar: The Last Airbender Eternal","295","https://scryfall.com/card/tle/295/mountain?utm_source=api"
"Mountain","2025-11-21","tle","Avatar: The Last Airbender Eternal","296","https://scryfall.com/card/tle/296/mountain?utm_source=api"
"Plains","2025-11-21","tle","Avatar: The Last Airbender Eternal","297","https://scryfall.com/card/tle/297/plains?utm_source=api"
"Plains","2025-11-21","tle","Avatar: The Last Airbender Eternal","298","https://scryfall.com/card/tle/298/plains?utm_source=api"
"Plains","2025-11-21","tle","Avatar: The Last Airbender Eternal","299","https://scryfall.com/card/tle/299/plains?utm_source=api"
"Plains","2025-11-21","tle","Avatar: The Last Airbender Eternal","300","https://scryfall.com/card/tle/300/plains?utm_source=api"
"Plains","2025-11-21","tle","Avatar: The Last Airbender Eternal","301","https://scryfall.com/card/tle/301/plains?utm_source=api"
"Plains","2025-11-21","tle","Avatar: The Last Airbender Eternal","302","https://scryfall.com/card/tle/302/plains?utm_source=api"
"Plains","2025-11-21","tle","Avatar: The Last Airbender Eternal","303","https://scryfall.com/card/tle/303/plains?utm_source=api"
"Plains","2025-11-21","tle","Avatar: The Last Airbender Eternal","304","https://scryfall.com/card/tle/304/plains?utm_source=api"
"Island","2025-12-01","sld","Secret Lair Drop","2144","https://scryfall.com/card/sld/2144/island?utm_source=api"
"Island","2025-12-01","sld","Secret Lair Drop","2145","https://scryfall.com/card/sld/2145/island?utm_source=api"
"Island","2025-12-01","sld","Secret Lair Drop","2146","https://scryfall.com/card/sld/2146/island?utm_source=api"
"Island","2025-12-01","sld","Secret Lair Drop","2147","https://scryfall.com/card/sld/2147/island?utm_source=api"
"Plains","2025-12-05","fic","Final Fantasy Commander","478","https://scryfall.com/card/fic/478/plains?utm_source=api"
"Island","2025-12-05","fic","Final Fantasy Commander","479","https://scryfall.com/card/fic/479/island?utm_source=api"
"Swamp","2025-12-05","fic","Final Fantasy Commander","480","https://scryfall.com/card/fic/480/swamp?utm_source=api"
"Mountain","2025-12-05","fic","Final Fantasy Commander","481","https://scryfall.com/card/fic/481/mountain?utm_source=api"
"Forest","2025-12-05","fic","Final Fantasy Commander","482","https://scryfall.com/card/fic/482/forest?utm_source=api"
"Plains","2026-01-23","ecl","Lorwyn Eclipsed","269","https://scryfall.com/card/ecl/269/plains?utm_source=api"
"Island","2026-01-23","ecl","Lorwyn Eclipsed","270","https://scryfall.com/card/ecl/270/island?utm_source=api"
"Swamp","2026-01-23","ecl","Lorwyn Eclipsed","271","https://scryfall.com/card/ecl/271/swamp?utm_source=api"
"Mountain","2026-01-23","ecl","Lorwyn Eclipsed","272","https://scryfall.com/card/ecl/272/mountain?utm_source=api"
"Forest","2026-01-23","ecl","Lorwyn Eclipsed","273","https://scryfall.com/card/ecl/273/forest?utm_source=api"
"Plains","2026-01-23","ecl","Lorwyn Eclipsed","274","https://scryfall.com/card/ecl/274/plains?utm_source=api"
"Island","2026-01-23","ecl","Lorwyn Eclipsed","275","https://scryfall.com/card/ecl/275/island?utm_source=api"
"Swamp","2026-01-23","ecl","Lorwyn Eclipsed","276","https://scryfall.com/card/ecl/276/swamp?utm_source=api"
"Mountain","2026-01-23","ecl","Lorwyn Eclipsed","277","https://scryfall.com/card/ecl/277/mountain?utm_source=api"
"Forest","2026-01-23","ecl","Lorwyn Eclipsed","278","https://scryfall.com/card/ecl/278/forest?utm_source=api"
"Plains","2026-01-23","ecl","Lorwyn Eclipsed","279","https://scryfall.com/card/ecl/279/plains?utm_source=api"
"Island","2026-01-23","ecl","Lorwyn Eclipsed","280","https://scryfall.com/card/ecl/280/island?utm_source=api"
"Swamp","2026-01-23","ecl","Lorwyn Eclipsed","281","https://scryfall.com/card/ecl/281/swamp?utm_source=api"
"Mountain","2026-01-23","ecl","Lorwyn Eclipsed","282","https://scryfall.com/card/ecl/282/mountain?utm_source=api"
"Forest","2026-01-23","ecl","Lorwyn Eclipsed","283","https://scryfall.com/card/ecl/283/forest?utm_source=api"
"Plains","2026-02-09","sld","Secret Lair Drop","2509","https://scryfall.com/card/sld/2509/plains?utm_source=api"
"Island","2026-02-09","sld","Secret Lair Drop","2510","https://scryfall.com/card/sld/2510/island?utm_source=api"
"Swamp","2026-02-09","sld","Secret Lair Drop","2511","https://scryfall.com/card/sld/2511/swamp?utm_source=api"
"Mountain","2026-02-09","sld","Secret Lair Drop","2512","https://scryfall.com/card/sld/2512/mountain?utm_source=api"
"Forest","2026-02-09","sld","Secret Lair Drop","2513","https://scryfall.com/card/sld/2513/forest?utm_source=api"
"Plains","2026-02-17","pl26","Year of the Horse 2026","5","https://scryfall.com/card/pl26/5/plains?utm_source=api"
"Mountain","2026-02-23","sld","Secret Lair Drop","7126","https://scryfall.com/card/sld/7126/mountain?utm_source=api"
"Mountain","2026-02-23","sld","Secret Lair Drop","7128","https://scryfall.com/card/sld/7128/mountain?utm_source=api"
"Plains","2026-03-06","tmt","Teenage Mutant Ninja Turtles","191","https://scryfall.com/card/tmt/191/plains?utm_source=api"
"Island","2026-03-06","tmt","Teenage Mutant Ninja Turtles","192","https://scryfall.com/card/tmt/192/island?utm_source=api"
"Swamp","2026-03-06","tmt","Teenage Mutant Ninja Turtles","193","https://scryfall.com/card/tmt/193/swamp?utm_source=api"
"Mountain","2026-03-06","tmt","Teenage Mutant Ninja Turtles","194","https://scryfall.com/card/tmt/194/mountain?utm_source=api"
"Forest","2026-03-06","tmt","Teenage Mutant Ninja Turtles","195","https://scryfall.com/card/tmt/195/forest?utm_source=api"
"Plains","2026-03-06","tmt","Teenage Mutant Ninja Turtles","253","https://scryfall.com/card/tmt/253/plains?utm_source=api"
"Island","2026-03-06","tmt","Teenage Mutant Ninja Turtles","254","https://scryfall.com/card/tmt/254/island?utm_source=api"
"Swamp","2026-03-06","tmt","Teenage Mutant Ninja Turtles","255","https://scryfall.com/card/tmt/255/swamp?utm_source=api"
"Mountain","2026-03-06","tmt","Teenage Mutant Ninja Turtles","256","https://scryfall.com/card/tmt/256/mountain?utm_source=api"
"Forest","2026-03-06","tmt","Teenage Mutant Ninja Turtles","257","https://scryfall.com/card/tmt/257/forest?utm_source=api"
"Plains","2026-03-06","tmt","Teenage Mutant Ninja Turtles","305","https://scryfall.com/card/tmt/305/plains?utm_source=api"
"Island","2026-03-06","tmt","Teenage Mutant Ninja Turtles","306","https://scryfall.com/card/tmt/306/island?utm_source=api"
"Swamp","2026-03-06","tmt","Teenage Mutant Ninja Turtles","307","https://scryfall.com/card/tmt/307/swamp?utm_source=api"
"Mountain","2026-03-06","tmt","Teenage Mutant Ninja Turtles","308","https://scryfall.com/card/tmt/308/mountain?utm_source=api"
"Forest","2026-03-06","tmt","Teenage Mutant Ninja Turtles","309","https://scryfall.com/card/tmt/309/forest?utm_source=api"
"Plains","2026-03-06","tmt","Teenage Mutant Ninja Turtles","310","https://scryfall.com/card/tmt/310/plains?utm_source=api"
"Island","2026-03-06","tmt","Teenage Mutant Ninja Turtles","311","https://scryfall.com/card/tmt/311/island?utm_source=api"
"Swamp","2026-03-06","tmt","Teenage Mutant Ninja Turtles","312","https://scryfall.com/card/tmt/312/swamp?utm_source=api"
"Mountain","2026-03-06","tmt","Teenage Mutant Ninja Turtles","313","https://scryfall.com/card/tmt/313/mountain?utm_source=api"
"Forest","2026-03-06","tmt","Teenage Mutant Ninja Turtles","314","https://scryfall.com/card/tmt/314/forest?utm_source=api"
"Plains","2026-03-06","tmt","Teenage Mutant Ninja Turtles","315","https://scryfall.com/card/tmt/315/plains?utm_source=api"
"Island","2026-03-06","tmt","Teenage Mutant Ninja Turtles","316","https://scryfall.com/card/tmt/316/island?utm_source=api"
"Swamp","2026-03-06","tmt","Teenage Mutant Ninja Turtles","317","https://scryfall.com/card/tmt/317/swamp?utm_source=api"
"Mountain","2026-03-06","tmt","Teenage Mutant Ninja Turtles","318","https://scryfall.com/card/tmt/318/mountain?utm_source=api"
"Forest","2026-03-06","tmt","Teenage Mutant Ninja Turtles","319","https://scryfall.com/card/tmt/319/forest?utm_source=api"
"Plains","2026-04-24","sos","Secrets of Strixhaven","267","https://scryfall.com/card/sos/267/plains?utm_source=api"
"Island","2026-04-24","sos","Secrets of Strixhaven","268","https://scryfall.com/card/sos/268/island?utm_source=api"
"Swamp","2026-04-24","sos","Secrets of Strixhaven","269","https://scryfall.com/card/sos/269/swamp?utm_source=api"
"Mountain","2026-04-24","sos","Secrets of Strixhaven","270","https://scryfall.com/card/sos/270/mountain?utm_source=api"
"Forest","2026-04-24","sos","Secrets of Strixhaven","271","https://scryfall.com/card/sos/271/forest?utm_source=api"
"Plains","2026-04-24","sos","Secrets of Strixhaven","272","https://scryfall.com/card/sos/272/plains?utm_source=api"
"Plains","2026-04-24","sos","Secrets of Strixhaven","273","https://scryfall.com/card/sos/273/plains?utm_source=api"
"Island","2026-04-24","sos","Secrets of Strixhaven","274","https://scryfall.com/card/sos/274/island?utm_source=api"
"Island","2026-04-24","sos","Secrets of Strixhaven","275","https://scryfall.com/card/sos/275/island?utm_source=api"
"Swamp","2026-04-24","sos","Secrets of Strixhaven","276","https://scryfall.com/card/sos/276/swamp?utm_source=api"
"Swamp","2026-04-24","sos","Secrets of Strixhaven","277","https://scryfall.com/card/sos/277/swamp?utm_source=api"
"Mountain","2026-04-24","sos","Secrets of Strixhaven","278","https://scryfall.com/card/sos/278/mountain?utm_source=api"
"Mountain","2026-04-24","sos","Secrets of Strixhaven","279","https://scryfall.com/card/sos/279/mountain?utm_source=api"
"Forest","2026-04-24","sos","Secrets of Strixhaven","280","https://scryfall.com/card/sos/280/forest?utm_source=api"
"Forest","2026-04-24","sos","Secrets of Strixhaven","281","https://scryfall.com/card/sos/281/forest?utm_source=api"
"Plains","2026-04-27","sld","Secret Lair Drop","2540","https://scryfall.com/card/sld/2540/plains?utm_source=api"
"Island","2026-04-27","sld","Secret Lair Drop","2541","https://scryfall.com/card/sld/2541/island?utm_source=api"
"Swamp","2026-04-27","sld","Secret Lair Drop","2542","https://scryfall.com/card/sld/2542/swamp?utm_source=api"
"Mountain","2026-04-27","sld","Secret Lair Drop","2543","https://scryfall.com/card/sld/2543/mountain?utm_source=api"
"Forest","2026-04-27","sld","Secret Lair Drop","2544","https://scryfall.com/card/sld/2544/forest?utm_source=api"
"Forest","2026-05-01","slp","Secret Lair Promo","35","https://scryfall.com/card/slp/35/forest?utm_source=api"
"Mountain","2026-05-18","sld","Secret Lair Drop","2418","https://scryfall.com/card/sld/2418/mountain?utm_source=api"
"Mountain","2026-05-18","sld","Secret Lair Drop","2419","https://scryfall.com/card/sld/2419/mountain?utm_source=api"
"Mountain","2026-05-18","sld","Secret Lair Drop","2420","https://scryfall.com/card/sld/2420/mountain?utm_source=api"
"Mountain","2026-06-26","msc","Marvel Super Heroes Commander","858","https://scryfall.com/card/msc/858/mountain?utm_source=api"
"Mountain","2026-06-26","msc","Marvel Super Heroes Commander","859","https://scryfall.com/card/msc/859/mountain?utm_source=api"
"Mountain","2026-06-26","msc","Marvel Super Heroes Commander","860","https://scryfall.com/card/msc/860/mountain?utm_source=api"
"Mountain","2026-06-26","msc","Marvel Super Heroes Commander","861","https://scryfall.com/card/msc/861/mountain?utm_source=api"
"Mountain","2026-06-26","msc","Marvel Super Heroes Commander","862","https://scryfall.com/card/msc/862/mountain?utm_source=api"
"Mountain","2026-06-26","msc","Marvel Super Heroes Commander","863","https://scryfall.com/card/msc/863/mountain?utm_source=api"
"Mountain","2026-06-26","msc","Marvel Super Heroes Commander","864","https://scryfall.com/card/msc/864/mountain?utm_source=api"
"Mountain","2026-06-26","msc","Marvel Super Heroes Commander","865","https://scryfall.com/card/msc/865/mountain?utm_source=api"
"Plains","2026-06-26","msc","Marvel Super Heroes Commander","866","https://scryfall.com/card/msc/866/plains?utm_source=api"
"Plains","2026-06-26","msc","Marvel Super Heroes Commander","867","https://scryfall.com/card/msc/867/plains?utm_source=api"
"Plains","2026-06-26","msc","Marvel Super Heroes Commander","868","https://scryfall.com/card/msc/868/plains?utm_source=api"
"Plains","2026-06-26","msc","Marvel Super Heroes Commander","869","https://scryfall.com/card/msc/869/plains?utm_source=api"
"Plains","2026-06-26","msc","Marvel Super Heroes Commander","870","https://scryfall.com/card/msc/870/plains?utm_source=api"
"Plains","2026-06-26","msc","Marvel Super Heroes Commander","871","https://scryfall.com/card/msc/871/plains?utm_source=api"
"Plains","2026-06-26","msc","Marvel Super Heroes Commander","872","https://scryfall.com/card/msc/872/plains?utm_source=api"
"Plains","2026-06-26","msc","Marvel Super Heroes Commander","873","https://scryfall.com/card/msc/873/plains?utm_source=api"
"Plains","2026-06-26","msh","Marvel Super Heroes","277","https://scryfall.com/card/msh/277/plains?utm_source=api"
"Plains","2026-06-26","msh","Marvel Super Heroes","278","https://scryfall.com/card/msh/278/plains?utm_source=api"
"Island","2026-06-26","msh","Marvel Super Heroes","279","https://scryfall.com/card/msh/279/island?utm_source=api"
"Island","2026-06-26","msh","Marvel Super Heroes","280","https://scryfall.com/card/msh/280/island?utm_source=api"
"Swamp","2026-06-26","msh","Marvel Super Heroes","281","https://scryfall.com/card/msh/281/swamp?utm_source=api"
"Swamp","2026-06-26","msh","Marvel Super Heroes","282","https://scryfall.com/card/msh/282/swamp?utm_source=api"
"Mountain","2026-06-26","msh","Marvel Super Heroes","283","https://scryfall.com/card/msh/283/mountain?utm_source=api"
"Mountain","2026-06-26","msh","Marvel Super Heroes","284","https://scryfall.com/card/msh/284/mountain?utm_source=api"
"Forest","2026-06-26","msh","Marvel Super Heroes","285","https://scryfall.com/card/msh/285/forest?utm_source=api"
"Forest","2026-06-26","msh","Marvel Super Heroes","286","https://scryfall.com/card/msh/286/forest?utm_source=api"
"Plains","2026-06-26","msh","Marvel Super Heroes","287","https://scryfall.com/card/msh/287/plains?utm_source=api"
"Plains","2026-06-26","msh","Marvel Super Heroes","288","https://scryfall.com/card/msh/288/plains?utm_source=api"
"Island","2026-06-26","msh","Marvel Super Heroes","289","https://scryfall.com/card/msh/289/island?utm_source=api"
"Island","2026-06-26","msh","Marvel Super Heroes","290","https://scryfall.com/card/msh/290/island?utm_source=api"
"Swamp","2026-06-26","msh","Marvel Super Heroes","291","https://scryfall.com/card/msh/291/swamp?utm_source=api"
"Swamp","2026-06-26","msh","Marvel Super Heroes","292","https://scryfall.com/card/msh/292/swamp?utm_source=api"
"Mountain","2026-06-26","msh","Marvel Super Heroes","293","https://scryfall.com/card/msh/293/mountain?utm_source=api"
"Mountain","2026-06-26","msh","Marvel Super Heroes","294","https://scryfall.com/card/msh/294/mountain?utm_source=api"
"Forest","2026-06-26","msh","Marvel Super Heroes","295","https://scryfall.com/card/msh/295/forest?utm_source=api"
"Forest","2026-06-26","msh","Marvel Super Heroes","296","https://scryfall.com/card/msh/296/forest?utm_source=api"
"Plains","2026-06-26","msh","Marvel Super Heroes","433","https://scryfall.com/card/msh/433/plains?utm_source=api"
"Plains","2026-06-26","msh","Marvel Super Heroes","434","https://scryfall.com/card/msh/434/plains?utm_source=api"
"Island","2026-06-26","msh","Marvel Super Heroes","435","https://scryfall.com/card/msh/435/island?utm_source=api"
"Island","2026-06-26","msh","Marvel Super Heroes","436","https://scryfall.com/card/msh/436/island?utm_source=api"
"Swamp","2026-06-26","msh","Marvel Super Heroes","437","https://scryfall.com/card/msh/437/swamp?utm_source=api"
"Swamp","2026-06-26","msh","Marvel Super Heroes","438","https://scryfall.com/card/msh/438/swamp?utm_source=api"
"Mountain","2026-06-26","msh","Marvel Super Heroes","439","https://scryfall.com/card/msh/439/mountain?utm_source=api"
"Mountain","2026-06-26","msh","Marvel Super Heroes","440","https://scryfall.com/card/msh/440/mountain?utm_source=api"
"Forest","2026-06-26","msh","Marvel Super Heroes","441","https://scryfall.com/card/msh/441/forest?utm_source=api"
"Forest","2026-06-26","msh","Marvel Super Heroes","442","https://scryfall.com/card/msh/442/forest?utm_source=api"
